git_hash,machine,cpu,cpu_cores,gpu,driver,cuda,date,set,instance,rows,cols,nnz,solver,engine,threads,tolerance,time_limit,status,iterations,seconds,objective,reference,reference_kind,rel_err_ref,verify,verify_primal_rel,verify_dual_rel,verify_gap_rel,solved,solver_version,message
ad28954,macbook-air-m4,Apple M4,10,none,,,2026-09-28T13:42:04,netlib,25fv47,821,1571,10400,ps26119,auto,1,1e-8,60.0,Optimal,3483,0.233477,5501.8458882867417,5501.845888286749,HiGHS optimum (optima.csv),1.32e-15,PASS,1.02e-12,1.02e-15,7.44e-16,yes,ps26119 0.1.0 (git ad28954),"auto: simplex (rows*nnz = 8.5e+06); phase-1 iters 1598, bound flips 0, refactorizations 170, Bland episodes 0, Devex resets 48, tolerance tightenings 0; presolve removed 44 rows, 26 cols"
ad28954,macbook-air-m4,Apple M4,10,none,,,2026-09-28T13:42:04,netlib,25fv47,821,1571,10400,ps26119,simplex,1,1e-8,60.0,Optimal,3483,0.234331,5501.8458882867417,5501.845888286749,HiGHS optimum (optima.csv),1.32e-15,PASS,1.02e-12,1.02e-15,7.44e-16,yes,ps26119 0.1.0 (git ad28954),"phase-1 iters 1598, bound flips 0, refactorizations 170, Bland episodes 0, Devex resets 48, tolerance tightenings 0; presolve removed 44 rows, 26 cols"
ad28954,macbook-air-m4,Apple M4,10,none,,,2026-09-28T13:42:04,netlib,25fv47,821,1571,10400,ps26119,r2hpdhg,1,1e-8,60.0,Optimal,105280,1.123804,5501.8458816894008,5501.845888286749,HiGHS optimum (optima.csv),1.20e-09,PASS,9.29e-07,5.70e-10,3.76e-11,yes,ps26119 0.1.0 (git ad28954),"presolve removed 44 rows, 26 cols"
ad28954,macbook-air-m4,Apple M4,10,none,,,2026-09-28T13:42:04,netlib,25fv47,821,1571,10400,ps26119,r2hpdhg,10,1e-8,60.0,Optimal,105280,1.139431,5501.8458816894008,5501.845888286749,HiGHS optimum (optima.csv),1.20e-09,PASS,9.29e-07,5.70e-10,3.76e-11,yes,ps26119 0.1.0 (git ad28954),"presolve removed 44 rows, 26 cols"
ad28954,macbook-air-m4,Apple M4,10,none,,,2026-09-28T13:42:04,netlib,25fv47,821,1571,10400,highs,simplex,default,HiGHS defaults (1e-7 feasibility),60.0,Optimal,2583,0.077217,5501.845888286749,5501.845888286749,HiGHS optimum (optima.csv),0.00e+00,PASS,1.42e-12,8.18e-16,1.65e-16,yes,HiGHS 1.15.1,HiGHS model status kOptimal
ad28954,macbook-air-m4,Apple M4,10,none,,,2026-09-28T13:42:04,netlib,25fv47,821,1571,10400,highs,ipm,default,HiGHS defaults (1e-7 feasibility),60.0,Optimal,27,0.052670,5501.845888286748,5501.845888286749,HiGHS optimum (optima.csv),1.65e-16,PASS,1.59e-12,1.01e-15,1.65e-16,yes,HiGHS 1.15.1,HiGHS model status kOptimal
ad28954,macbook-air-m4,Apple M4,10,none,,,2026-09-28T13:42:04,netlib,25fv47,821,1571,10400,highs,pdlp,default,1e-8 (pdlp_optimality_tolerance),60.0,Optimal,73920,1.086172,5501.846013292435,5501.845888286749,HiGHS optimum (optima.csv),2.27e-08,FAIL,1.57e-04,7.61e-08,6.83e-09,no,HiGHS 1.15.1,HiGHS model status kOptimal
ad28954,macbook-air-m4,Apple M4,10,none,,,2026-09-28T13:42:04,netlib,25fv47,821,1571,10400,ortools,glop,default,OR-Tools defaults,60.0,Optimal,,0.053833,5501.845888286843,5501.845888286749,HiGHS optimum (optima.csv),1.70e-14,PASS,2.40e-11,9.40e-15,7.69e-15,yes,OR-Tools 9.15.6755,OR-Tools status OPTIMAL
ad28954,macbook-air-m4,Apple M4,10,none,,,2026-09-28T13:42:04,netlib,25fv47,821,1571,10400,ortools,pdlp,default,1e-8 (PDLP relative + absolute),60.0,Optimal,,1.270414,5501.845923986376,5501.845888286749,HiGHS optimum (optima.csv),6.49e-09,FAIL,5.08e-06,1.95e-09,5.41e-09,no,OR-Tools 9.15.6755,OR-Tools status OPTIMAL
ad28954,macbook-air-m4,Apple M4,10,none,,,2026-09-28T13:42:04,netlib,80bau3b,2262,9799,21002,ps26119,auto,1,1e-8,60.0,Optimal,7418,0.468585,987224.19240909046,987224.1924090902,HiGHS optimum (optima.csv),2.36e-16,PASS,1.59e-12,4.24e-18,1.18e-16,yes,ps26119 0.1.0 (git ad28954),"auto: simplex (rows*nnz = 4.8e+07); phase-1 iters 1500, bound flips 2342, refactorizations 67, Bland episodes 0, Devex resets 24, tolerance tightenings 0; presolve removed 220 rows, 559 cols"
ad28954,macbook-air-m4,Apple M4,10,none,,,2026-09-28T13:42:04,netlib,80bau3b,2262,9799,21002,ps26119,simplex,1,1e-8,60.0,Optimal,7418,0.469782,987224.19240909046,987224.1924090902,HiGHS optimum (optima.csv),2.36e-16,PASS,1.59e-12,4.24e-18,1.18e-16,yes,ps26119 0.1.0 (git ad28954),"phase-1 iters 1500, bound flips 2342, refactorizations 67, Bland episodes 0, Devex resets 24, tolerance tightenings 0; presolve removed 220 rows, 559 cols"
ad28954,macbook-air-m4,Apple M4,10,none,,,2026-09-28T13:42:04,netlib,80bau3b,2262,9799,21002,ps26119,r2hpdhg,1,1e-8,60.0,Optimal,155072,4.764643,987224.19273367897,987224.1924090902,HiGHS optimum (optima.csv),3.29e-10,PASS,5.39e-07,5.52e-09,2.68e-09,yes,ps26119 0.1.0 (git ad28954),"presolve removed 220 rows, 559 cols"
ad28954,macbook-air-m4,Apple M4,10,none,,,2026-09-28T13:42:04,netlib,80bau3b,2262,9799,21002,ps26119,r2hpdhg,10,1e-8,60.0,Optimal,155072,8.422623,987224.19273367897,987224.1924090902,HiGHS optimum (optima.csv),3.29e-10,PASS,5.39e-07,5.52e-09,2.68e-09,yes,ps26119 0.1.0 (git ad28954),"presolve removed 220 rows, 559 cols"
ad28954,macbook-air-m4,Apple M4,10,none,,,2026-09-28T13:42:04,netlib,80bau3b,2262,9799,21002,highs,simplex,default,HiGHS defaults (1e-7 feasibility),60.0,Optimal,3103,0.062236,987224.1924090902,987224.1924090902,HiGHS optimum (optima.csv),0.00e+00,PASS,9.09e-13,1.41e-17,5.90e-17,yes,HiGHS 1.15.1,HiGHS model status kOptimal
ad28954,macbook-air-m4,Apple M4,10,none,,,2026-09-28T13:42:04,netlib,80bau3b,2262,9799,21002,highs,ipm,default,HiGHS defaults (1e-7 feasibility),60.0,Optimal,43,0.139141,987224.1924090901,987224.1924090902,HiGHS optimum (optima.csv),1.18e-16,PASS,8.24e-13,1.41e-17,5.90e-17,yes,HiGHS 1.15.1,HiGHS model status kOptimal
ad28954,macbook-air-m4,Apple M4,10,none,,,2026-09-28T13:42:04,netlib,80bau3b,2262,9799,21002,highs,pdlp,default,1e-8 (pdlp_optimality_tolerance),60.0,Optimal,298200,17.987698,987224.2030940478,987224.1924090902,HiGHS optimum (optima.csv),1.08e-08,FAIL,3.02e-04,7.14e-11,5.51e-09,no,HiGHS 1.15.1,HiGHS model status kOptimal
ad28954,macbook-air-m4,Apple M4,10,none,,,2026-09-28T13:42:04,netlib,80bau3b,2262,9799,21002,ortools,glop,default,OR-Tools defaults,60.0,Optimal,,0.100107,987224.1924090903,987224.1924090902,HiGHS optimum (optima.csv),1.18e-16,PASS,1.36e-12,7.49e-18,5.90e-17,yes,OR-Tools 9.15.6755,OR-Tools status OPTIMAL
ad28954,macbook-air-m4,Apple M4,10,none,,,2026-09-28T13:42:04,netlib,80bau3b,2262,9799,21002,ortools,pdlp,default,1e-8 (PDLP relative + absolute),60.0,Optimal,,10.142990,987224.1891898062,987224.1924090902,HiGHS optimum (optima.csv),3.26e-09,FAIL,6.70e-06,8.17e-09,5.69e-09,no,OR-Tools 9.15.6755,OR-Tools status OPTIMAL
ad28954,macbook-air-m4,Apple M4,10,none,,,2026-09-28T13:42:04,netlib,adlittle,56,97,383,ps26119,auto,1,1e-8,60.0,Optimal,105,0.000825,225494.96316238036,225494.9631623803,HiGHS optimum (optima.csv),2.58e-16,PASS,2.42e-14,3.43e-17,1.29e-16,yes,ps26119 0.1.0 (git ad28954),"auto: simplex (rows*nnz = 2.1e+04); phase-1 iters 31, bound flips 0, refactorizations 9, Bland episodes 0, Devex resets 1, tolerance tightenings 0; presolve removed 3 rows, 1 cols"
ad28954,macbook-air-m4,Apple M4,10,none,,,2026-09-28T13:42:04,netlib,adlittle,56,97,383,ps26119,simplex,1,1e-8,60.0,Optimal,105,0.000758,225494.96316238036,225494.9631623803,HiGHS optimum (optima.csv),2.58e-16,PASS,2.42e-14,3.43e-17,1.29e-16,yes,ps26119 0.1.0 (git ad28954),"phase-1 iters 31, bound flips 0, refactorizations 9, Bland episodes 0, Devex resets 1, tolerance tightenings 0; presolve removed 3 rows, 1 cols"
ad28954,macbook-air-m4,Apple M4,10,none,,,2026-09-28T13:42:04,netlib,adlittle,56,97,383,ps26119,r2hpdhg,1,1e-8,60.0,Optimal,2560,0.001554,225494.9649966651,225494.9631623803,HiGHS optimum (optima.csv),8.13e-09,PASS,2.97e-08,1.74e-09,4.25e-09,yes,ps26119 0.1.0 (git ad28954),"presolve removed 3 rows, 1 cols"
ad28954,macbook-air-m4,Apple M4,10,none,,,2026-09-28T13:42:04,netlib,adlittle,56,97,383,ps26119,r2hpdhg,10,1e-8,60.0,Optimal,2560,0.001552,225494.9649966651,225494.9631623803,HiGHS optimum (optima.csv),8.13e-09,PASS,2.97e-08,1.74e-09,4.25e-09,yes,ps26119 0.1.0 (git ad28954),"presolve removed 3 rows, 1 cols"
ad28954,macbook-air-m4,Apple M4,10,none,,,2026-09-28T13:42:04,netlib,adlittle,56,97,383,highs,simplex,default,HiGHS defaults (1e-7 feasibility),60.0,Optimal,87,0.000777,225494.9631623803,225494.9631623803,HiGHS optimum (optima.csv),0.00e+00,PASS,5.68e-14,1.88e-17,6.45e-17,yes,HiGHS 1.15.1,HiGHS model status kOptimal
ad28954,macbook-air-m4,Apple M4,10,none,,,2026-09-28T13:42:04,netlib,adlittle,56,97,383,highs,ipm,default,HiGHS defaults (1e-7 feasibility),60.0,Optimal,13,0.001535,225494.96316238036,225494.9631623803,HiGHS optimum (optima.csv),2.58e-16,PASS,5.68e-14,1.88e-17,6.45e-17,yes,HiGHS 1.15.1,HiGHS model status kOptimal
ad28954,macbook-air-m4,Apple M4,10,none,,,2026-09-28T13:42:04,netlib,adlittle,56,97,383,highs,pdlp,default,1e-8 (pdlp_optimality_tolerance),60.0,Optimal,11720,0.009344,225494.96706382028,225494.9631623803,HiGHS optimum (optima.csv),1.73e-08,PASS,2.27e-07,4.52e-10,9.05e-09,yes,HiGHS 1.15.1,HiGHS model status kOptimal
ad28954,macbook-air-m4,Apple M4,10,none,,,2026-09-28T13:42:04,netlib,adlittle,56,97,383,ortools,glop,default,OR-Tools defaults,60.0,Optimal,,0.000712,225494.96316238033,225494.9631623803,HiGHS optimum (optima.csv),1.29e-16,PASS,5.68e-14,1.37e-16,1.29e-16,yes,OR-Tools 9.15.6755,OR-Tools status OPTIMAL
ad28954,macbook-air-m4,Apple M4,10,none,,,2026-09-28T13:42:04,netlib,adlittle,56,97,383,ortools,pdlp,default,1e-8 (PDLP relative + absolute),60.0,Optimal,,0.013252,225494.96196824274,225494.9631623803,HiGHS optimum (optima.csv),5.30e-09,FAIL,1.41e-06,1.56e-10,2.45e-09,no,OR-Tools 9.15.6755,OR-Tools status OPTIMAL
ad28954,macbook-air-m4,Apple M4,10,none,,,2026-09-28T13:42:04,netlib,afiro,27,32,83,ps26119,auto,1,1e-8,60.0,Optimal,23,0.000138,-464.75314285714285,-464.75314285714285,HiGHS optimum (optima.csv),0.00e+00,PASS,1.42e-14,5.05e-18,6.11e-17,yes,ps26119 0.1.0 (git ad28954),"auto: simplex (rows*nnz = 2.2e+03); phase-1 iters 3, bound flips 0, refactorizations 3, Bland episodes 0, Devex resets 0, tolerance tightenings 0; presolve removed 2 rows, 0 cols"
ad28954,macbook-air-m4,Apple M4,10,none,,,2026-09-28T13:42:04,netlib,afiro,27,32,83,ps26119,simplex,1,1e-8,60.0,Optimal,23,0.000123,-464.75314285714285,-464.75314285714285,HiGHS optimum (optima.csv),0.00e+00,PASS,1.42e-14,5.05e-18,6.11e-17,yes,ps26119 0.1.0 (git ad28954),"phase-1 iters 3, bound flips 0, refactorizations 3, Bland episodes 0, Devex resets 0, tolerance tightenings 0; presolve removed 2 rows, 0 cols"
ad28954,macbook-air-m4,Apple M4,10,none,,,2026-09-28T13:42:04,netlib,afiro,27,32,83,ps26119,r2hpdhg,1,1e-8,60.0,Optimal,448,0.000206,-464.75314187787149,-464.75314285714285,HiGHS optimum (optima.csv),2.10e-09,PASS,9.85e-07,8.37e-11,1.11e-09,yes,ps26119 0.1.0 (git ad28954),"presolve removed 2 rows, 0 cols"
ad28954,macbook-air-m4,Apple M4,10,none,,,2026-09-28T13:42:04,netlib,afiro,27,32,83,ps26119,r2hpdhg,10,1e-8,60.0,Optimal,448,0.000286,-464.75314187787149,-464.75314285714285,HiGHS optimum (optima.csv),2.10e-09,PASS,9.85e-07,8.37e-11,1.11e-09,yes,ps26119 0.1.0 (git ad28954),"presolve removed 2 rows, 0 cols"
ad28954,macbook-air-m4,Apple M4,10,none,,,2026-09-28T13:42:04,netlib,afiro,27,32,83,highs,simplex,default,HiGHS defaults (1e-7 feasibility),60.0,Optimal,6,0.000283,-464.75314285714285,-464.75314285714285,HiGHS optimum (optima.csv),0.00e+00,PASS,1.42e-14,5.05e-18,6.11e-17,yes,HiGHS 1.15.1,HiGHS model status kOptimal
ad28954,macbook-air-m4,Apple M4,10,none,,,2026-09-28T13:42:04,netlib,afiro,27,32,83,highs,ipm,default,HiGHS defaults (1e-7 feasibility),60.0,Optimal,7,0.000341,-464.75314285714285,-464.75314285714285,HiGHS optimum (optima.csv),0.00e+00,PASS,1.42e-14,5.05e-18,6.11e-17,yes,HiGHS 1.15.1,HiGHS model status kOptimal
ad28954,macbook-air-m4,Apple M4,10,none,,,2026-09-28T13:42:04,netlib,afiro,27,32,83,highs,pdlp,default,1e-8 (pdlp_optimality_tolerance),60.0,Optimal,360,0.000197,-464.75314685560244,-464.75314285714285,HiGHS optimum (optima.csv),8.58e-09,FAIL,4.24e-06,8.24e-10,7.60e-09,no,HiGHS 1.15.1,HiGHS model status kOptimal
ad28954,macbook-air-m4,Apple M4,10,none,,,2026-09-28T13:42:04,netlib,afiro,27,32,83,ortools,glop,default,OR-Tools defaults,60.0,Optimal,,0.000323,-464.75314285714296,-464.75314285714285,HiGHS optimum (optima.csv),2.44e-16,PASS,2.13e-14,5.05e-18,1.83e-16,yes,OR-Tools 9.15.6755,OR-Tools status OPTIMAL
ad28954,macbook-air-m4,Apple M4,10,none,,,2026-09-28T13:42:04,netlib,afiro,27,32,83,ortools,pdlp,default,1e-8 (PDLP relative + absolute),60.0,Optimal,,0.000900,-464.7531444215933,-464.75314285714285,HiGHS optimum (optima.csv),3.36e-09,PASS,5.85e-07,1.34e-10,8.71e-10,yes,OR-Tools 9.15.6755,OR-Tools status OPTIMAL
ad28954,macbook-air-m4,Apple M4,10,none,,,2026-09-28T13:42:04,netlib,agg,488,163,2410,ps26119,auto,1,1e-8,60.0,Optimal,129,0.002775,-35991767.286576502,-35991767.286576495,HiGHS optimum (optima.csv),2.07e-16,PASS,2.33e-10,4.50e-15,3.11e-16,yes,ps26119 0.1.0 (git ad28954),"auto: simplex (rows*nnz = 1.2e+06); phase-1 iters 85, bound flips 1, refactorizations 6, Bland episodes 0, Devex resets 2, tolerance tightenings 0; presolve removed 30 rows, 0 cols"
ad28954,macbook-air-m4,Apple M4,10,none,,,2026-09-28T13:42:04,netlib,agg,488,163,2410,ps26119,simplex,1,1e-8,60.0,Optimal,129,0.002884,-35991767.286576502,-35991767.286576495,HiGHS optimum (optima.csv),2.07e-16,PASS,2.33e-10,4.50e-15,3.11e-16,yes,ps26119 0.1.0 (git ad28954),"phase-1 iters 85, bound flips 1, refactorizations 6, Bland episodes 0, Devex resets 2, tolerance tightenings 0; presolve removed 30 rows, 0 cols"
ad28954,macbook-air-m4,Apple M4,10,none,,,2026-09-28T13:42:04,netlib,agg,488,163,2410,ps26119,r2hpdhg,1,1e-8,60.0,Optimal,86912,0.210050,-35991767.286607698,-35991767.286576495,HiGHS optimum (optima.csv),8.67e-13,PASS,4.69e-08,4.32e-08,4.31e-10,yes,ps26119 0.1.0 (git ad28954),"presolve removed 30 rows, 0 cols"
ad28954,macbook-air-m4,Apple M4,10,none,,,2026-09-28T13:42:04,netlib,agg,488,163,2410,ps26119,r2hpdhg,10,1e-8,60.0,Optimal,86912,0.211200,-35991767.286607698,-35991767.286576495,HiGHS optimum (optima.csv),8.67e-13,PASS,4.69e-08,4.32e-08,4.31e-10,yes,ps26119 0.1.0 (git ad28954),"presolve removed 30 rows, 0 cols"
ad28954,macbook-air-m4,Apple M4,10,none,,,2026-09-28T13:42:04,netlib,agg,488,163,2410,highs,simplex,default,HiGHS defaults (1e-7 feasibility),60.0,Optimal,102,0.001625,-35991767.286576495,-35991767.286576495,HiGHS optimum (optima.csv),0.00e+00,PASS,2.33e-10,4.50e-15,0.00e+00,yes,HiGHS 1.15.1,HiGHS model status kOptimal
ad28954,macbook-air-m4,Apple M4,10,none,,,2026-09-28T13:42:04,netlib,agg,488,163,2410,highs,ipm,default,HiGHS defaults (1e-7 feasibility),60.0,Optimal,18,0.003296,-35991767.286576495,-35991767.286576495,HiGHS optimum (optima.csv),0.00e+00,PASS,2.33e-10,4.50e-15,2.07e-16,yes,HiGHS 1.15.1,HiGHS model status kOptimal
ad28954,macbook-air-m4,Apple M4,10,none,,,2026-09-28T13:42:04,netlib,agg,488,163,2410,highs,pdlp,default,1e-8 (pdlp_optimality_tolerance),60.0,Optimal,61000,0.086589,-35991768.83561694,-35991767.286576495,HiGHS optimum (optima.csv),4.30e-08,FAIL,1.76e-02,1.30e-08,6.53e-09,no,HiGHS 1.15.1,HiGHS model status kOptimal
ad28954,macbook-air-m4,Apple M4,10,none,,,2026-09-28T13:42:04,netlib,agg,488,163,2410,ortools,glop,default,OR-Tools defaults,60.0,Optimal,,0.001577,-35991767.28657637,-35991767.286576495,HiGHS optimum (optima.csv),3.52e-15,PASS,2.15e-09,5.96e-14,1.55e-15,yes,OR-Tools 9.15.6755,OR-Tools status OPTIMAL
ad28954,macbook-air-m4,Apple M4,10,none,,,2026-09-28T13:42:04,netlib,agg,488,163,2410,ortools,pdlp,default,1e-8 (PDLP relative + absolute),60.0,Optimal,,0.391078,-35991767.47574107,-35991767.286576495,HiGHS optimum (optima.csv),5.26e-09,FAIL,1.13e-03,3.98e-08,2.91e-09,no,OR-Tools 9.15.6755,OR-Tools status OPTIMAL
ad28954,macbook-air-m4,Apple M4,10,none,,,2026-09-28T13:42:04,netlib,agg2,516,302,4284,ps26119,auto,1,1e-8,60.0,Optimal,183,0.003708,-20239252.355977118,-20239252.355977114,HiGHS optimum (optima.csv),1.84e-16,PASS,8.00e-11,6.59e-17,3.68e-16,yes,ps26119 0.1.0 (git ad28954),"auto: simplex (rows*nnz = 2.2e+06); phase-1 iters 43, bound flips 0, refactorizations 5, Bland episodes 0, Devex resets 0, tolerance tightenings 0; presolve removed 32 rows, 1 cols"
ad28954,macbook-air-m4,Apple M4,10,none,,,2026-09-28T13:42:04,netlib,agg2,516,302,4284,ps26119,simplex,1,1e-8,60.0,Optimal,183,0.003657,-20239252.355977118,-20239252.355977114,HiGHS optimum (optima.csv),1.84e-16,PASS,8.00e-11,6.59e-17,3.68e-16,yes,ps26119 0.1.0 (git ad28954),"phase-1 iters 43, bound flips 0, refactorizations 5, Bland episodes 0, Devex resets 0, tolerance tightenings 0; presolve removed 32 rows, 1 cols"
ad28954,macbook-air-m4,Apple M4,10,none,,,2026-09-28T13:42:04,netlib,agg2,516,302,4284,ps26119,r2hpdhg,1,1e-8,60.0,Optimal,5568,0.024792,-20239252.355782662,-20239252.355977114,HiGHS optimum (optima.csv),9.61e-12,PASS,7.60e-07,1.57e-12,4.75e-12,yes,ps26119 0.1.0 (git ad28954),"presolve removed 32 rows, 1 cols"
ad28954,macbook-air-m4,Apple M4,10,none,,,2026-09-28T13:42:04,netlib,agg2,516,302,4284,ps26119,r2hpdhg,10,1e-8,60.0,Optimal,5568,0.024890,-20239252.355782662,-20239252.355977114,HiGHS optimum (optima.csv),9.61e-12,PASS,7.60e-07,1.57e-12,4.75e-12,yes,ps26119 0.1.0 (git ad28954),"presolve removed 32 rows, 1 cols"
ad28954,macbook-air-m4,Apple M4,10,none,,,2026-09-28T13:42:04,netlib,agg2,516,302,4284,highs,simplex,default,HiGHS defaults (1e-7 feasibility),60.0,Optimal,168,0.002397,-20239252.355977114,-20239252.355977114,HiGHS optimum (optima.csv),0.00e+00,PASS,5.82e-11,3.51e-16,1.84e-16,yes,HiGHS 1.15.1,HiGHS model status kOptimal
ad28954,macbook-air-m4,Apple M4,10,none,,,2026-09-28T13:42:04,netlib,agg2,516,302,4284,highs,ipm,default,HiGHS defaults (1e-7 feasibility),60.0,Optimal,18,0.006066,-20239252.35597711,-20239252.355977114,HiGHS optimum (optima.csv),1.84e-16,PASS,1.16e-10,3.51e-16,2.76e-16,yes,HiGHS 1.15.1,HiGHS model status kOptimal
ad28954,macbook-air-m4,Apple M4,10,none,,,2026-09-28T13:42:04,netlib,agg2,516,302,4284,highs,pdlp,default,1e-8 (pdlp_optimality_tolerance),60.0,Optimal,3560,0.013362,-20239252.36767404,-20239252.355977114,HiGHS optimum (optima.csv),5.78e-10,FAIL,2.38e-03,6.25e-10,4.73e-10,no,HiGHS 1.15.1,HiGHS model status kOptimal
ad28954,macbook-air-m4,Apple M4,10,none,,,2026-09-28T13:42:04,netlib,agg2,516,302,4284,ortools,glop,default,OR-Tools defaults,60.0,Optimal,,0.002342,-20239252.35597711,-20239252.355977114,HiGHS optimum (optima.csv),1.84e-16,PASS,2.03e-10,1.80e-14,0.00e+00,yes,OR-Tools 9.15.6755,OR-Tools status OPTIMAL
ad28954,macbook-air-m4,Apple M4,10,none,,,2026-09-28T13:42:04,netlib,agg2,516,302,4284,ortools,pdlp,default,1e-8 (PDLP relative + absolute),60.0,Optimal,,0.045746,-20239252.516993955,-20239252.355977114,HiGHS optimum (optima.csv),7.96e-09,FAIL,8.00e-06,1.68e-11,3.99e-09,no,OR-Tools 9.15.6755,OR-Tools status OPTIMAL
ad28954,macbook-air-m4,Apple M4,10,none,,,2026-09-28T13:42:04,netlib,agg3,516,302,4300,ps26119,auto,1,1e-8,60.0,Optimal,167,0.003546,10312115.935089216,10312115.935089216,HiGHS optimum (optima.csv),0.00e+00,PASS,8.00e-11,4.39e-17,6.32e-16,yes,ps26119 0.1.0 (git ad28954),"auto: simplex (rows*nnz = 2.2e+06); phase-1 iters 33, bound flips 0, refactorizations 5, Bland episodes 0, Devex resets 2, tolerance tightenings 0; presolve removed 32 rows, 1 cols"
ad28954,macbook-air-m4,Apple M4,10,none,,,2026-09-28T13:42:04,netlib,agg3,516,302,4300,ps26119,simplex,1,1e-8,60.0,Optimal,167,0.003560,10312115.935089216,10312115.935089216,HiGHS optimum (optima.csv),0.00e+00,PASS,8.00e-11,4.39e-17,6.32e-16,yes,ps26119 0.1.0 (git ad28954),"phase-1 iters 33, bound flips 0, refactorizations 5, Bland episodes 0, Devex resets 2, tolerance tightenings 0; presolve removed 32 rows, 1 cols"
ad28954,macbook-air-m4,Apple M4,10,none,,,2026-09-28T13:42:04,netlib,agg3,516,302,4300,ps26119,r2hpdhg,1,1e-8,60.0,Optimal,6464,0.029111,10312115.935059134,10312115.935089216,HiGHS optimum (optima.csv),2.92e-12,PASS,3.10e-07,1.09e-14,1.45e-12,yes,ps26119 0.1.0 (git ad28954),"presolve removed 32 rows, 1 cols"
ad28954,macbook-air-m4,Apple M4,10,none,,,2026-09-28T13:42:04,netlib,agg3,516,302,4300,ps26119,r2hpdhg,10,1e-8,60.0,Optimal,6464,0.028843,10312115.935059134,10312115.935089216,HiGHS optimum (optima.csv),2.92e-12,PASS,3.10e-07,1.09e-14,1.45e-12,yes,ps26119 0.1.0 (git ad28954),"presolve removed 32 rows, 1 cols"
ad28954,macbook-air-m4,Apple M4,10,none,,,2026-09-28T13:42:04,netlib,agg3,516,302,4300,highs,simplex,default,HiGHS defaults (1e-7 feasibility),60.0,Optimal,164,0.002376,10312115.935089216,10312115.935089216,HiGHS optimum (optima.csv),0.00e+00,PASS,7.28e-11,1.12e-15,9.03e-17,yes,HiGHS 1.15.1,HiGHS model status kOptimal
ad28954,macbook-air-m4,Apple M4,10,none,,,2026-09-28T13:42:04,netlib,agg3,516,302,4300,highs,ipm,default,HiGHS defaults (1e-7 feasibility),60.0,Optimal,19,0.006403,10312115.935089216,10312115.935089216,HiGHS optimum (optima.csv),0.00e+00,PASS,1.16e-10,1.12e-15,9.03e-17,yes,HiGHS 1.15.1,HiGHS model status kOptimal
ad28954,macbook-air-m4,Apple M4,10,none,,,2026-09-28T13:42:04,netlib,agg3,516,302,4300,highs,pdlp,default,1e-8 (pdlp_optimality_tolerance),60.0,Optimal,9440,0.032974,10312115.960760716,10312115.935089216,HiGHS optimum (optima.csv),2.49e-09,FAIL,2.34e-03,8.77e-10,8.06e-09,no,HiGHS 1.15.1,HiGHS model status kOptimal
ad28954,macbook-air-m4,Apple M4,10,none,,,2026-09-28T13:42:04,netlib,agg3,516,302,4300,ortools,glop,default,OR-Tools defaults,60.0,Optimal,,0.002253,10312115.935089223,10312115.935089216,HiGHS optimum (optima.csv),7.23e-16,PASS,1.11e-09,1.26e-14,0.00e+00,yes,OR-Tools 9.15.6755,OR-Tools status OPTIMAL
ad28954,macbook-air-m4,Apple M4,10,none,,,2026-09-28T13:42:04,netlib,agg3,516,302,4300,ortools,pdlp,default,1e-8 (PDLP relative + absolute),60.0,Optimal,,0.059960,10312115.878356831,10312115.935089216,HiGHS optimum (optima.csv),5.50e-09,FAIL,1.14e-02,2.09e-10,2.75e-09,no,OR-Tools 9.15.6755,OR-Tools status OPTIMAL
ad28954,macbook-air-m4,Apple M4,10,none,,,2026-09-28T13:42:04,netlib,bandm,305,472,2494,ps26119,auto,1,1e-8,60.0,Optimal,514,0.009855,-158.62801845012095,-158.62801845012044,HiGHS optimum (optima.csv),3.20e-15,PASS,2.10e-12,1.19e-15,6.25e-16,yes,ps26119 0.1.0 (git ad28954),"auto: simplex (rows*nnz = 7.6e+05); phase-1 iters 334, bound flips 0, refactorizations 21, Bland episodes 0, Devex resets 8, tolerance tightenings 0; presolve removed 47 rows, 47 cols"
ad28954,macbook-air-m4,Apple M4,10,none,,,2026-09-28T13:42:04,netlib,bandm,305,472,2494,ps26119,simplex,1,1e-8,60.0,Optimal,514,0.009846,-158.62801845012095,-158.62801845012044,HiGHS optimum (optima.csv),3.20e-15,PASS,2.10e-12,1.19e-15,6.25e-16,yes,ps26119 0.1.0 (git ad28954),"phase-1 iters 334, bound flips 0, refactorizations 21, Bland episodes 0, Devex resets 8, tolerance tightenings 0; presolve removed 47 rows, 47 cols"
ad28954,macbook-air-m4,Apple M4,10,none,,,2026-09-28T13:42:04,netlib,bandm,305,472,2494,ps26119,r2hpdhg,1,1e-8,60.0,Optimal,14912,0.035193,-158.62801820596889,-158.62801845012044,HiGHS optimum (optima.csv),1.53e-09,PASS,2.41e-07,2.75e-08,7.07e-09,yes,ps26119 0.1.0 (git ad28954),"presolve removed 47 rows, 47 cols"
ad28954,macbook-air-m4,Apple M4,10,none,,,2026-09-28T13:42:04,netlib,bandm,305,472,2494,ps26119,r2hpdhg,10,1e-8,60.0,Optimal,14912,0.035422,-158.62801820596889,-158.62801845012044,HiGHS optimum (optima.csv),1.53e-09,PASS,2.41e-07,2.75e-08,7.07e-09,yes,ps26119 0.1.0 (git ad28954),"presolve removed 47 rows, 47 cols"
ad28954,macbook-air-m4,Apple M4,10,none,,,2026-09-28T13:42:04,netlib,bandm,305,472,2494,highs,simplex,default,HiGHS defaults (1e-7 feasibility),60.0,Optimal,382,0.004614,-158.62801845012044,-158.62801845012044,HiGHS optimum (optima.csv),0.00e+00,PASS,5.29e-12,1.33e-14,2.68e-16,yes,HiGHS 1.15.1,HiGHS model status kOptimal
ad28954,macbook-air-m4,Apple M4,10,none,,,2026-09-28T13:42:04,netlib,bandm,305,472,2494,highs,ipm,default,HiGHS defaults (1e-7 feasibility),60.0,Optimal,17,0.005810,-158.62801845012044,-158.62801845012044,HiGHS optimum (optima.csv),0.00e+00,PASS,5.29e-12,1.33e-14,2.68e-16,yes,HiGHS 1.15.1,HiGHS model status kOptimal
ad28954,macbook-air-m4,Apple M4,10,none,,,2026-09-28T13:42:04,netlib,bandm,305,472,2494,highs,pdlp,default,1e-8 (pdlp_optimality_tolerance),60.0,Optimal,26920,0.070144,-158.62802074052297,-158.62801845012044,HiGHS optimum (optima.csv),1.43e-08,FAIL,7.29e-06,3.78e-09,5.31e-09,no,HiGHS 1.15.1,HiGHS model status kOptimal
ad28954,macbook-air-m4,Apple M4,10,none,,,2026-09-28T13:42:04,netlib,bandm,305,472,2494,ortools,glop,default,OR-Tools defaults,60.0,Optimal,,0.003565,-158.62801845012083,-158.62801845012044,HiGHS optimum (optima.csv),2.49e-15,PASS,3.72e-12,2.10e-15,7.14e-16,yes,OR-Tools 9.15.6755,OR-Tools status OPTIMAL
ad28954,macbook-air-m4,Apple M4,10,none,,,2026-09-28T13:42:04,netlib,bandm,305,472,2494,ortools,pdlp,default,1e-8 (PDLP relative + absolute),60.0,Optimal,,0.231040,-158.62802100809316,-158.62801845012044,HiGHS optimum (optima.csv),1.60e-08,PASS,1.16e-07,2.06e-10,8.15e-09,yes,OR-Tools 9.15.6755,OR-Tools status OPTIMAL
ad28954,macbook-air-m4,Apple M4,10,none,,,2026-09-28T13:42:04,netlib,beaconfd,173,262,3375,ps26119,auto,1,1e-8,60.0,Optimal,98,0.001643,33592.485807199999,33592.4858072,HiGHS optimum (optima.csv),0.00e+00,PASS,8.06e-12,1.21e-17,0.00e+00,yes,ps26119 0.1.0 (git ad28954),"auto: simplex (rows*nnz = 5.8e+05); phase-1 iters 82, bound flips 0, refactorizations 4, Bland episodes 0, Devex resets 0, tolerance tightenings 0; presolve removed 37 rows, 37 cols"
ad28954,macbook-air-m4,Apple M4,10,none,,,2026-09-28T13:42:04,netlib,beaconfd,173,262,3375,ps26119,simplex,1,1e-8,60.0,Optimal,98,0.001650,33592.485807199999,33592.4858072,HiGHS optimum (optima.csv),0.00e+00,PASS,8.06e-12,1.21e-17,0.00e+00,yes,ps26119 0.1.0 (git ad28954),"phase-1 iters 82, bound flips 0, refactorizations 4, Bland episodes 0, Devex resets 0, tolerance tightenings 0; presolve removed 37 rows, 37 cols"
ad28954,macbook-air-m4,Apple M4,10,none,,,2026-09-28T13:42:04,netlib,beaconfd,173,262,3375,ps26119,r2hpdhg,1,1e-8,60.0,Optimal,12992,0.041372,33592.485807369805,33592.4858072,HiGHS optimum (optima.csv),5.05e-12,PASS,1.35e-07,2.74e-13,1.96e-12,yes,ps26119 0.1.0 (git ad28954),"presolve removed 37 rows, 37 cols; reduced model re-solved to 1e-10 to pass on the original"
ad28954,macbook-air-m4,Apple M4,10,none,,,2026-09-28T13:42:04,netlib,beaconfd,173,262,3375,ps26119,r2hpdhg,10,1e-8,60.0,Optimal,12992,0.041354,33592.485807369805,33592.4858072,HiGHS optimum (optima.csv),5.05e-12,PASS,1.35e-07,2.74e-13,1.96e-12,yes,ps26119 0.1.0 (git ad28954),"presolve removed 37 rows, 37 cols; reduced model re-solved to 1e-10 to pass on the original"
ad28954,macbook-air-m4,Apple M4,10,none,,,2026-09-28T13:42:04,netlib,beaconfd,173,262,3375,highs,simplex,default,HiGHS defaults (1e-7 feasibility),60.0,Optimal,8,0.001139,33592.4858072,33592.4858072,HiGHS optimum (optima.csv),0.00e+00,PASS,2.18e-11,8.07e-18,1.08e-16,yes,HiGHS 1.15.1,HiGHS model status kOptimal
ad28954,macbook-air-m4,Apple M4,10,none,,,2026-09-28T13:42:04,netlib,beaconfd,173,262,3375,highs,ipm,default,HiGHS defaults (1e-7 feasibility),60.0,Optimal,13,0.001270,33592.4858072,33592.4858072,HiGHS optimum (optima.csv),0.00e+00,PASS,2.18e-11,8.07e-18,1.08e-16,yes,HiGHS 1.15.1,HiGHS model status kOptimal
ad28954,macbook-air-m4,Apple M4,10,none,,,2026-09-28T13:42:04,netlib,beaconfd,173,262,3375,highs,pdlp,default,1e-8 (pdlp_optimality_tolerance),60.0,Optimal,320,0.000943,33592.48580719834,33592.4858072,HiGHS optimum (optima.csv),4.94e-14,PASS,1.46e-11,9.04e-16,2.49e-14,yes,HiGHS 1.15.1,HiGHS model status kOptimal
ad28954,macbook-air-m4,Apple M4,10,none,,,2026-09-28T13:42:04,netlib,beaconfd,173,262,3375,ortools,glop,default,OR-Tools defaults,60.0,Optimal,,0.000784,33592.4858072,33592.4858072,HiGHS optimum (optima.csv),0.00e+00,PASS,2.02e-11,1.61e-17,1.08e-16,yes,OR-Tools 9.15.6755,OR-Tools status OPTIMAL
ad28954,macbook-air-m4,Apple M4,10,none,,,2026-09-28T13:42:04,netlib,beaconfd,173,262,3375,ortools,pdlp,default,1e-8 (PDLP relative + absolute),60.0,Optimal,,0.045507,33592.48580761005,33592.4858072,HiGHS optimum (optima.csv),1.22e-11,FAIL,1.63e-05,1.69e-14,8.75e-12,no,OR-Tools 9.15.6755,OR-Tools status OPTIMAL
ad28954,macbook-air-m4,Apple M4,10,none,,,2026-09-28T13:42:04,netlib,blend,74,83,491,ps26119,auto,1,1e-8,60.0,Optimal,107,0.000904,-30.81214984582823,-30.812149845828237,HiGHS optimum (optima.csv),2.23e-16,PASS,2.84e-14,1.57e-16,2.27e-16,yes,ps26119 0.1.0 (git ad28954),"auto: simplex (rows*nnz = 3.6e+04); phase-1 iters 0, bound flips 0, refactorizations 9, Bland episodes 0, Devex resets 2, tolerance tightenings 0; presolve removed 2 rows, 0 cols"
ad28954,macbook-air-m4,Apple M4,10,none,,,2026-09-28T13:42:04,netlib,blend,74,83,491,ps26119,simplex,1,1e-8,60.0,Optimal,107,0.000888,-30.81214984582823,-30.812149845828237,HiGHS optimum (optima.csv),2.23e-16,PASS,2.84e-14,1.57e-16,2.27e-16,yes,ps26119 0.1.0 (git ad28954),"phase-1 iters 0, bound flips 0, refactorizations 9, Bland episodes 0, Devex resets 2, tolerance tightenings 0; presolve removed 2 rows, 0 cols"
ad28954,macbook-air-m4,Apple M4,10,none,,,2026-09-28T13:42:04,netlib,blend,74,83,491,ps26119,r2hpdhg,1,1e-8,60.0,Optimal,1920,0.001386,-30.81214969934171,-30.812149845828237,HiGHS optimum (optima.csv),4.60e-09,PASS,4.29e-07,1.87e-10,2.29e-09,yes,ps26119 0.1.0 (git ad28954),"presolve removed 2 rows, 0 cols"
ad28954,macbook-air-m4,Apple M4,10,none,,,2026-09-28T13:42:04,netlib,blend,74,83,491,ps26119,r2hpdhg,10,1e-8,60.0,Optimal,1920,0.001490,-30.81214969934171,-30.812149845828237,HiGHS optimum (optima.csv),4.60e-09,PASS,4.29e-07,1.87e-10,2.29e-09,yes,ps26119 0.1.0 (git ad28954),"presolve removed 2 rows, 0 cols"
ad28954,macbook-air-m4,Apple M4,10,none,,,2026-09-28T13:42:04,netlib,blend,74,83,491,highs,simplex,default,HiGHS defaults (1e-7 feasibility),60.0,Optimal,80,0.000800,-30.812149845828237,-30.812149845828237,HiGHS optimum (optima.csv),0.00e+00,PASS,1.42e-13,5.63e-16,0.00e+00,yes,HiGHS 1.15.1,HiGHS model status kOptimal
ad28954,macbook-air-m4,Apple M4,10,none,,,2026-09-28T13:42:04,netlib,blend,74,83,491,highs,ipm,default,HiGHS defaults (1e-7 feasibility),60.0,Optimal,10,0.001150,-30.812149845828245,-30.812149845828237,HiGHS optimum (optima.csv),2.23e-16,PASS,1.85e-13,1.40e-16,5.67e-17,yes,HiGHS 1.15.1,HiGHS model status kOptimal
ad28954,macbook-air-m4,Apple M4,10,none,,,2026-09-28T13:42:04,netlib,blend,74,83,491,highs,pdlp,default,1e-8 (pdlp_optimality_tolerance),60.0,Optimal,1400,0.001281,-30.812150713460344,-30.812149845828237,HiGHS optimum (optima.csv),2.73e-08,PASS,4.10e-07,9.00e-09,3.20e-08,yes,HiGHS 1.15.1,HiGHS model status kOptimal
ad28954,macbook-air-m4,Apple M4,10,none,,,2026-09-28T13:42:04,netlib,blend,74,83,491,ortools,glop,default,OR-Tools defaults,60.0,Optimal,,0.000607,-30.812149845828223,-30.812149845828237,HiGHS optimum (optima.csv),4.47e-16,PASS,1.42e-14,6.98e-16,2.27e-16,yes,OR-Tools 9.15.6755,OR-Tools status OPTIMAL
ad28954,macbook-air-m4,Apple M4,10,none,,,2026-09-28T13:42:04,netlib,blend,74,83,491,ortools,pdlp,default,1e-8 (PDLP relative + absolute),60.0,Optimal,,0.005406,-30.812149433830623,-30.812149845828237,HiGHS optimum (optima.csv),1.30e-08,PASS,1.31e-07,8.57e-09,8.07e-09,yes,OR-Tools 9.15.6755,OR-Tools status OPTIMAL
ad28954,macbook-air-m4,Apple M4,10,none,,,2026-09-28T13:42:04,netlib,bnl1,643,1175,5121,ps26119,auto,1,1e-8,60.0,Optimal,1363,0.043772,1977.629561522888,1977.6295615228867,HiGHS optimum (optima.csv),6.89e-16,PASS,2.27e-13,2.24e-13,1.26e-15,yes,ps26119 0.1.0 (git ad28954),"auto: simplex (rows*nnz = 3.3e+06); phase-1 iters 965, bound flips 8, refactorizations 55, Bland episodes 0, Devex resets 32, tolerance tightenings 0; presolve removed 71 rows, 6 cols"
ad28954,macbook-air-m4,Apple M4,10,none,,,2026-09-28T13:42:04,netlib,bnl1,643,1175,5121,ps26119,simplex,1,1e-8,60.0,Optimal,1363,0.043946,1977.629561522888,1977.6295615228867,HiGHS optimum (optima.csv),6.89e-16,PASS,2.27e-13,2.24e-13,1.26e-15,yes,ps26119 0.1.0 (git ad28954),"phase-1 iters 965, bound flips 8, refactorizations 55, Bland episodes 0, Devex resets 32, tolerance tightenings 0; presolve removed 71 rows, 6 cols"
ad28954,macbook-air-m4,Apple M4,10,none,,,2026-09-28T13:42:04,netlib,bnl1,643,1175,5121,ps26119,r2hpdhg,1,1e-8,60.0,Optimal,552640,3.533589,1977.6296263534155,1977.6295615228867,HiGHS optimum (optima.csv),3.28e-08,PASS,9.08e-09,1.22e-08,9.94e-09,yes,ps26119 0.1.0 (git ad28954),"presolve removed 71 rows, 6 cols"
ad28954,macbook-air-m4,Apple M4,10,none,,,2026-09-28T13:42:04,netlib,bnl1,643,1175,5121,ps26119,r2hpdhg,10,1e-8,60.0,Optimal,552640,3.490212,1977.6296263534155,1977.6295615228867,HiGHS optimum (optima.csv),3.28e-08,PASS,9.08e-09,1.22e-08,9.94e-09,yes,ps26119 0.1.0 (git ad28954),"presolve removed 71 rows, 6 cols"
ad28954,macbook-air-m4,Apple M4,10,none,,,2026-09-28T13:42:04,netlib,bnl1,643,1175,5121,highs,simplex,default,HiGHS defaults (1e-7 feasibility),60.0,Optimal,775,0.012691,1977.6295615228867,1977.6295615228867,HiGHS optimum (optima.csv),0.00e+00,PASS,3.91e-13,2.29e-14,0.00e+00,yes,HiGHS 1.15.1,HiGHS model status kOptimal
ad28954,macbook-air-m4,Apple M4,10,none,,,2026-09-28T13:42:04,netlib,bnl1,643,1175,5121,highs,ipm,default,HiGHS defaults (1e-7 feasibility),60.0,Optimal,33,0.027041,1977.6295615228878,1977.6295615228867,HiGHS optimum (optima.csv),5.75e-16,PASS,3.98e-13,8.94e-15,3.45e-16,yes,HiGHS 1.15.1,HiGHS model status kOptimal
ad28954,macbook-air-m4,Apple M4,10,none,,,2026-09-28T13:42:04,netlib,bnl1,643,1175,5121,highs,pdlp,default,1e-8 (pdlp_optimality_tolerance),60.0,TimeLimit,6916836,60.126511,0.0,1977.6295615228867,HiGHS optimum (optima.csv),9.99e-01,FAIL,nan,nan,nan,no,HiGHS 1.15.1,HiGHS model status kTimeLimit
ad28954,macbook-air-m4,Apple M4,10,none,,,2026-09-28T13:42:04,netlib,bnl1,643,1175,5121,ortools,glop,default,OR-Tools defaults,60.0,Optimal,,0.021385,1977.6295615228871,1977.6295615228867,HiGHS optimum (optima.csv),2.30e-16,PASS,2.27e-13,5.32e-13,3.45e-16,yes,OR-Tools 9.15.6755,OR-Tools status OPTIMAL
ad28954,macbook-air-m4,Apple M4,10,none,,,2026-09-28T13:42:04,netlib,bnl1,643,1175,5121,ortools,pdlp,default,1e-8 (PDLP relative + absolute),60.0,NotSolved,,60.000508,nan,1977.6295615228867,HiGHS optimum (optima.csv),nan,FAIL,nan,nan,nan,no,OR-Tools 9.15.6755,OR-Tools status NOT_SOLVED
ad28954,macbook-air-m4,Apple M4,10,none,,,2026-09-28T13:42:04,netlib,bnl2,2324,3489,13999,ps26119,auto,1,1e-8,60.0,Optimal,4052,0.408553,1811.2365403585472,1811.2365403585468,HiGHS optimum (optima.csv),2.51e-16,PASS,2.84e-13,1.91e-16,0.00e+00,yes,ps26119 0.1.0 (git ad28954),"auto: simplex (rows*nnz = 3.3e+07); phase-1 iters 2538, bound flips 7, refactorizations 174, Bland episodes 0, Devex resets 106, tolerance tightenings 0; presolve removed 178 rows, 34 cols"
ad28954,macbook-air-m4,Apple M4,10,none,,,2026-09-28T13:42:04,netlib,bnl2,2324,3489,13999,ps26119,simplex,1,1e-8,60.0,Optimal,4052,0.411570,1811.2365403585472,1811.2365403585468,HiGHS optimum (optima.csv),2.51e-16,PASS,2.84e-13,1.91e-16,0.00e+00,yes,ps26119 0.1.0 (git ad28954),"phase-1 iters 2538, bound flips 7, refactorizations 174, Bland episodes 0, Devex resets 106, tolerance tightenings 0; presolve removed 178 rows, 34 cols"
ad28954,macbook-air-m4,Apple M4,10,none,,,2026-09-28T13:42:04,netlib,bnl2,2324,3489,13999,ps26119,r2hpdhg,1,1e-8,60.0,Optimal,721216,13.309856,1811.2365164423941,1811.2365403585468,HiGHS optimum (optima.csv),1.32e-08,PASS,4.14e-07,1.67e-10,9.94e-09,yes,ps26119 0.1.0 (git ad28954),"presolve removed 178 rows, 34 cols"
ad28954,macbook-air-m4,Apple M4,10,none,,,2026-09-28T13:42:04,netlib,bnl2,2324,3489,13999,ps26119,r2hpdhg,10,1e-8,60.0,Optimal,721216,13.578464,1811.2365164423941,1811.2365403585468,HiGHS optimum (optima.csv),1.32e-08,PASS,4.14e-07,1.67e-10,9.94e-09,yes,ps26119 0.1.0 (git ad28954),"presolve removed 178 rows, 34 cols"
ad28954,macbook-air-m4,Apple M4,10,none,,,2026-09-28T13:42:04,netlib,bnl2,2324,3489,13999,highs,simplex,default,HiGHS defaults (1e-7 feasibility),60.0,Optimal,1069,0.026303,1811.2365403585468,1811.2365403585468,HiGHS optimum (optima.csv),0.00e+00,PASS,1.85e-13,1.04e-16,6.28e-17,yes,HiGHS 1.15.1,HiGHS model status kOptimal
ad28954,macbook-air-m4,Apple M4,10,none,,,2026-09-28T13:42:04,netlib,bnl2,2324,3489,13999,highs,ipm,default,HiGHS defaults (1e-7 feasibility),60.0,Optimal,32,0.054129,1811.2365403585447,1811.2365403585468,HiGHS optimum (optima.csv),1.13e-15,PASS,7.46e-14,1.83e-16,0.00e+00,yes,HiGHS 1.15.1,HiGHS model status kOptimal
ad28954,macbook-air-m4,Apple M4,10,none,,,2026-09-28T13:42:04,netlib,bnl2,2324,3489,13999,highs,pdlp,default,1e-8 (pdlp_optimality_tolerance),60.0,Optimal,563280,10.764462,1811.2385602749137,1811.2365403585468,HiGHS optimum (optima.csv),1.11e-06,FAIL,5.42e-05,9.01e-09,4.75e-08,no,HiGHS 1.15.1,HiGHS model status kOptimal
ad28954,macbook-air-m4,Apple M4,10,none,,,2026-09-28T13:42:04,netlib,bnl2,2324,3489,13999,ortools,glop,default,OR-Tools defaults,60.0,Optimal,,0.048917,1811.2365403585452,1811.2365403585468,HiGHS optimum (optima.csv),8.78e-16,PASS,1.56e-13,2.87e-16,0.00e+00,yes,OR-Tools 9.15.6755,OR-Tools status OPTIMAL
ad28954,macbook-air-m4,Apple M4,10,none,,,2026-09-28T13:42:04,netlib,bnl2,2324,3489,13999,ortools,pdlp,default,1e-8 (PDLP relative + absolute),60.0,NotSolved,,60.004236,nan,1811.2365403585468,HiGHS optimum (optima.csv),nan,FAIL,nan,nan,nan,no,OR-Tools 9.15.6755,OR-Tools status NOT_SOLVED
ad28954,macbook-air-m4,Apple M4,10,none,,,2026-09-28T13:42:04,netlib,boeing1,351,384,3485,ps26119,auto,1,1e-8,60.0,Optimal,531,0.008614,-335.21356750712664,-335.21356750712687,HiGHS optimum (optima.csv),6.76e-16,PASS,1.14e-13,1.27e-18,8.47e-17,yes,ps26119 0.1.0 (git ad28954),"auto: simplex (rows*nnz = 1.2e+06); phase-1 iters 222, bound flips 74, refactorizations 16, Bland episodes 0, Devex resets 3, tolerance tightenings 0; presolve removed 43 rows, 4 cols"
ad28954,macbook-air-m4,Apple M4,10,none,,,2026-09-28T13:42:04,netlib,boeing1,351,384,3485,ps26119,simplex,1,1e-8,60.0,Optimal,531,0.008461,-335.21356750712664,-335.21356750712687,HiGHS optimum (optima.csv),6.76e-16,PASS,1.14e-13,1.27e-18,8.47e-17,yes,ps26119 0.1.0 (git ad28954),"phase-1 iters 222, bound flips 74, refactorizations 16, Bland episodes 0, Devex resets 3, tolerance tightenings 0; presolve removed 43 rows, 4 cols"
ad28954,macbook-air-m4,Apple M4,10,none,,,2026-09-28T13:42:04,netlib,boeing1,351,384,3485,ps26119,r2hpdhg,1,1e-8,60.0,Optimal,15232,0.058969,-335.21356769678874,-335.21356750712687,HiGHS optimum (optima.csv),5.64e-10,PASS,4.72e-07,1.33e-14,2.08e-10,yes,ps26119 0.1.0 (git ad28954),"presolve removed 43 rows, 4 cols"
ad28954,macbook-air-m4,Apple M4,10,none,,,2026-09-28T13:42:04,netlib,boeing1,351,384,3485,ps26119,r2hpdhg,10,1e-8,60.0,Optimal,15232,0.058988,-335.21356769678874,-335.21356750712687,HiGHS optimum (optima.csv),5.64e-10,PASS,4.72e-07,1.33e-14,2.08e-10,yes,ps26119 0.1.0 (git ad28954),"presolve removed 43 rows, 4 cols"
ad28954,macbook-air-m4,Apple M4,10,none,,,2026-09-28T13:42:04,netlib,boeing1,351,384,3485,highs,simplex,default,HiGHS defaults (1e-7 feasibility),60.0,Optimal,384,0.005238,-335.21356750712687,-335.21356750712687,HiGHS optimum (optima.csv),0.00e+00,PASS,1.03e-13,4.75e-19,0.00e+00,yes,HiGHS 1.15.1,HiGHS model status kOptimal
ad28954,macbook-air-m4,Apple M4,10,none,,,2026-09-28T13:42:04,netlib,boeing1,351,384,3485,highs,ipm,default,HiGHS defaults (1e-7 feasibility),60.0,Optimal,24,0.008698,-335.21356750712687,-335.21356750712687,HiGHS optimum (optima.csv),0.00e+00,PASS,7.11e-14,4.75e-19,8.47e-17,yes,HiGHS 1.15.1,HiGHS model status kOptimal
ad28954,macbook-air-m4,Apple M4,10,none,,,2026-09-28T13:42:04,netlib,boeing1,351,384,3485,highs,pdlp,default,1e-8 (pdlp_optimality_tolerance),60.0,Optimal,20960,0.095631,-335.2135674838835,-335.21356750712687,HiGHS optimum (optima.csv),6.91e-11,FAIL,6.92e-06,5.31e-10,8.95e-09,no,HiGHS 1.15.1,HiGHS model status kOptimal
ad28954,macbook-air-m4,Apple M4,10,none,,,2026-09-28T13:42:04,netlib,boeing1,351,384,3485,ortools,glop,default,OR-Tools defaults,60.0,Optimal,,0.003555,-335.21356750712664,-335.21356750712687,HiGHS optimum (optima.csv),6.76e-16,PASS,1.42e-13,7.92e-19,8.47e-17,yes,OR-Tools 9.15.6755,OR-Tools status OPTIMAL
ad28954,macbook-air-m4,Apple M4,10,none,,,2026-09-28T13:42:04,netlib,boeing1,351,384,3485,ortools,pdlp,default,1e-8 (PDLP relative + absolute),60.0,Optimal,,0.148701,-335.2135667904498,-335.21356750712687,HiGHS optimum (optima.csv),2.13e-09,FAIL,1.29e-05,7.88e-10,1.48e-08,no,OR-Tools 9.15.6755,OR-Tools status OPTIMAL
ad28954,macbook-air-m4,Apple M4,10,none,,,2026-09-28T13:42:04,netlib,boeing2,166,143,1196,ps26119,auto,1,1e-8,60.0,Optimal,193,0.001792,-315.01872801520278,-315.0187280152027,HiGHS optimum (optima.csv),1.80e-16,PASS,1.60e-14,0.00e+00,1.80e-16,yes,ps26119 0.1.0 (git ad28954),"auto: simplex (rows*nnz = 2e+05); phase-1 iters 139, bound flips 8, refactorizations 9, Bland episodes 0, Devex resets 1, tolerance tightenings 0; presolve removed 31 rows, 0 cols"
ad28954,macbook-air-m4,Apple M4,10,none,,,2026-09-28T13:42:04,netlib,boeing2,166,143,1196,ps26119,simplex,1,1e-8,60.0,Optimal,193,0.001805,-315.01872801520278,-315.0187280152027,HiGHS optimum (optima.csv),1.80e-16,PASS,1.60e-14,0.00e+00,1.80e-16,yes,ps26119 0.1.0 (git ad28954),"phase-1 iters 139, bound flips 8, refactorizations 9, Bland episodes 0, Devex resets 1, tolerance tightenings 0; presolve removed 31 rows, 0 cols"
ad28954,macbook-air-m4,Apple M4,10,none,,,2026-09-28T13:42:04,netlib,boeing2,166,143,1196,ps26119,r2hpdhg,1,1e-8,60.0,Optimal,2688,0.003757,-315.01872795890421,-315.0187280152027,HiGHS optimum (optima.csv),1.78e-10,PASS,5.53e-07,7.86e-11,5.60e-09,yes,ps26119 0.1.0 (git ad28954),"presolve removed 31 rows, 0 cols"
ad28954,macbook-air-m4,Apple M4,10,none,,,2026-09-28T13:42:04,netlib,boeing2,166,143,1196,ps26119,r2hpdhg,10,1e-8,60.0,Optimal,2688,0.003800,-315.01872795890421,-315.0187280152027,HiGHS optimum (optima.csv),1.78e-10,PASS,5.53e-07,7.86e-11,5.60e-09,yes,ps26119 0.1.0 (git ad28954),"presolve removed 31 rows, 0 cols"
ad28954,macbook-air-m4,Apple M4,10,none,,,2026-09-28T13:42:04,netlib,boeing2,166,143,1196,highs,simplex,default,HiGHS defaults (1e-7 feasibility),60.0,Optimal,142,0.001287,-315.0187280152027,-315.0187280152027,HiGHS optimum (optima.csv),0.00e+00,PASS,1.14e-13,8.49e-19,5.40e-16,yes,HiGHS 1.15.1,HiGHS model status kOptimal
ad28954,macbook-air-m4,Apple M4,10,none,,,2026-09-28T13:42:04,netlib,boeing2,166,143,1196,highs,ipm,default,HiGHS defaults (1e-7 feasibility),60.0,Optimal,20,0.003243,-315.01872801520284,-315.0187280152027,HiGHS optimum (optima.csv),3.60e-16,PASS,1.14e-13,8.49e-19,5.40e-16,yes,HiGHS 1.15.1,HiGHS model status kOptimal
ad28954,macbook-air-m4,Apple M4,10,none,,,2026-09-28T13:42:04,netlib,boeing2,166,143,1196,highs,pdlp,default,1e-8 (pdlp_optimality_tolerance),60.0,Optimal,6000,0.009178,-315.0187282976458,-315.0187280152027,HiGHS optimum (optima.csv),8.94e-10,FAIL,2.54e-04,1.21e-08,4.52e-09,no,HiGHS 1.15.1,HiGHS model status kOptimal
ad28954,macbook-air-m4,Apple M4,10,none,,,2026-09-28T13:42:04,netlib,boeing2,166,143,1196,ortools,glop,default,OR-Tools defaults,60.0,Optimal,,0.001332,-315.0187280152029,-315.0187280152027,HiGHS optimum (optima.csv),5.40e-16,PASS,4.55e-13,1.70e-18,1.80e-16,yes,OR-Tools 9.15.6755,OR-Tools status OPTIMAL
ad28954,macbook-air-m4,Apple M4,10,none,,,2026-09-28T13:42:04,netlib,boeing2,166,143,1196,ortools,pdlp,default,1e-8 (PDLP relative + absolute),60.0,Optimal,,0.019517,-315.0187279306862,-315.0187280152027,HiGHS optimum (optima.csv),2.67e-10,FAIL,7.08e-06,6.30e-09,2.15e-09,no,OR-Tools 9.15.6755,OR-Tools status OPTIMAL
ad28954,macbook-air-m4,Apple M4,10,none,,,2026-09-28T13:42:04,netlib,bore3d,233,315,1429,ps26119,auto,1,1e-8,60.0,Optimal,177,0.003084,1373.0803942084926,1373.080394208493,HiGHS optimum (optima.csv),3.31e-16,PASS,1.82e-12,2.11e-17,0.00e+00,yes,ps26119 0.1.0 (git ad28954),"auto: simplex (rows*nnz = 3.3e+05); phase-1 iters 134, bound flips 0, refactorizations 14, Bland episodes 0, Devex resets 1, tolerance tightenings 0; presolve removed 44 rows, 42 cols"
ad28954,macbook-air-m4,Apple M4,10,none,,,2026-09-28T13:42:04,netlib,bore3d,233,315,1429,ps26119,simplex,1,1e-8,60.0,Optimal,177,0.003070,1373.0803942084926,1373.080394208493,HiGHS optimum (optima.csv),3.31e-16,PASS,1.82e-12,2.11e-17,0.00e+00,yes,ps26119 0.1.0 (git ad28954),"phase-1 iters 134, bound flips 0, refactorizations 14, Bland episodes 0, Devex resets 1, tolerance tightenings 0; presolve removed 44 rows, 42 cols"
ad28954,macbook-air-m4,Apple M4,10,none,,,2026-09-28T13:42:04,netlib,bore3d,233,315,1429,ps26119,r2hpdhg,1,1e-8,60.0,Optimal,28672,0.043794,1373.0803942084995,1373.080394208493,HiGHS optimum (optima.csv),4.63e-15,PASS,5.29e-09,6.49e-12,2.02e-10,yes,ps26119 0.1.0 (git ad28954),"presolve removed 44 rows, 42 cols"
ad28954,macbook-air-m4,Apple M4,10,none,,,2026-09-28T13:42:04,netlib,bore3d,233,315,1429,ps26119,r2hpdhg,10,1e-8,60.0,Optimal,28672,0.043479,1373.0803942084995,1373.080394208493,HiGHS optimum (optima.csv),4.63e-15,PASS,5.29e-09,6.49e-12,2.02e-10,yes,ps26119 0.1.0 (git ad28954),"presolve removed 44 rows, 42 cols"
ad28954,macbook-air-m4,Apple M4,10,none,,,2026-09-28T13:42:04,netlib,bore3d,233,315,1429,highs,simplex,default,HiGHS defaults (1e-7 feasibility),60.0,Optimal,34,0.001014,1373.080394208493,1373.080394208493,HiGHS optimum (optima.csv),0.00e+00,PASS,9.09e-13,1.37e-16,1.66e-16,yes,HiGHS 1.15.1,HiGHS model status kOptimal
ad28954,macbook-air-m4,Apple M4,10,none,,,2026-09-28T13:42:04,netlib,bore3d,233,315,1429,highs,ipm,default,HiGHS defaults (1e-7 feasibility),60.0,Optimal,13,0.001544,1373.080394208493,1373.080394208493,HiGHS optimum (optima.csv),0.00e+00,PASS,9.09e-13,1.37e-16,1.66e-16,yes,HiGHS 1.15.1,HiGHS model status kOptimal
ad28954,macbook-air-m4,Apple M4,10,none,,,2026-09-28T13:42:04,netlib,bore3d,233,315,1429,highs,pdlp,default,1e-8 (pdlp_optimality_tolerance),60.0,Optimal,27920,0.015893,1373.0804572738894,1373.080394208493,HiGHS optimum (optima.csv),4.59e-08,FAIL,4.60e-05,4.93e-08,1.11e-08,no,HiGHS 1.15.1,HiGHS model status kOptimal
ad28954,macbook-air-m4,Apple M4,10,none,,,2026-09-28T13:42:04,netlib,bore3d,233,315,1429,ortools,glop,default,OR-Tools defaults,60.0,Optimal,,0.000936,1373.0803942084926,1373.080394208493,HiGHS optimum (optima.csv),3.31e-16,PASS,3.75e-12,1.46e-14,1.16e-15,yes,OR-Tools 9.15.6755,OR-Tools status OPTIMAL
ad28954,macbook-air-m4,Apple M4,10,none,,,2026-09-28T13:42:04,netlib,bore3d,233,315,1429,ortools,pdlp,default,1e-8 (PDLP relative + absolute),60.0,Optimal,,1.221568,1373.0803941323268,1373.080394208493,HiGHS optimum (optima.csv),5.54e-11,PASS,4.99e-09,5.16e-15,2.50e-11,yes,OR-Tools 9.15.6755,OR-Tools status OPTIMAL
ad28954,macbook-air-m4,Apple M4,10,none,,,2026-09-28T13:42:04,netlib,brandy,220,249,2148,ps26119,auto,1,1e-8,60.0,Optimal,346,0.005220,1518.5098964881283,1518.5098964881286,HiGHS optimum (optima.csv),1.50e-16,PASS,3.41e-13,4.69e-15,0.00e+00,yes,ps26119 0.1.0 (git ad28954),"auto: simplex (rows*nnz = 4.7e+05); phase-1 iters 211, bound flips 5, refactorizations 20, Bland episodes 0, Devex resets 7, tolerance tightenings 0; presolve removed 96 rows, 41 cols"
ad28954,macbook-air-m4,Apple M4,10,none,,,2026-09-28T13:42:04,netlib,brandy,220,249,2148,ps26119,simplex,1,1e-8,60.0,Optimal,346,0.005630,1518.5098964881283,1518.5098964881286,HiGHS optimum (optima.csv),1.50e-16,PASS,3.41e-13,4.69e-15,0.00e+00,yes,ps26119 0.1.0 (git ad28954),"phase-1 iters 211, bound flips 5, refactorizations 20, Bland episodes 0, Devex resets 7, tolerance tightenings 0; presolve removed 96 rows, 41 cols"
ad28954,macbook-air-m4,Apple M4,10,none,,,2026-09-28T13:42:04,netlib,brandy,220,249,2148,ps26119,r2hpdhg,1,1e-8,60.0,Optimal,66368,0.123113,1518.5098968789532,1518.5098964881286,HiGHS optimum (optima.csv),2.57e-10,PASS,9.89e-07,6.17e-09,1.36e-10,yes,ps26119 0.1.0 (git ad28954),"presolve removed 96 rows, 41 cols"
ad28954,macbook-air-m4,Apple M4,10,none,,,2026-09-28T13:42:04,netlib,brandy,220,249,2148,ps26119,r2hpdhg,10,1e-8,60.0,Optimal,66368,0.122894,1518.5098968789532,1518.5098964881286,HiGHS optimum (optima.csv),2.57e-10,PASS,9.89e-07,6.17e-09,1.36e-10,yes,ps26119 0.1.0 (git ad28954),"presolve removed 96 rows, 41 cols"
ad28954,macbook-air-m4,Apple M4,10,none,,,2026-09-28T13:42:04,netlib,brandy,220,249,2148,highs,simplex,default,HiGHS defaults (1e-7 feasibility),60.0,Optimal,203,0.002530,1518.5098964881286,1518.5098964881286,HiGHS optimum (optima.csv),0.00e+00,PASS,4.55e-13,1.50e-15,7.48e-17,yes,HiGHS 1.15.1,HiGHS model status kOptimal
ad28954,macbook-air-m4,Apple M4,10,none,,,2026-09-28T13:42:04,netlib,brandy,220,249,2148,highs,ipm,default,HiGHS defaults (1e-7 feasibility),60.0,Optimal,16,0.004699,1518.5098964881286,1518.5098964881286,HiGHS optimum (optima.csv),0.00e+00,PASS,4.55e-13,1.50e-15,7.48e-17,yes,HiGHS 1.15.1,HiGHS model status kOptimal
ad28954,macbook-air-m4,Apple M4,10,none,,,2026-09-28T13:42:04,netlib,brandy,220,249,2148,highs,pdlp,default,1e-8 (pdlp_optimality_tolerance),60.0,Optimal,40360,0.080522,1518.5098537574322,1518.5098964881286,HiGHS optimum (optima.csv),2.81e-08,FAIL,1.20e-04,1.20e-07,9.47e-09,no,HiGHS 1.15.1,HiGHS model status kOptimal
ad28954,macbook-air-m4,Apple M4,10,none,,,2026-09-28T13:42:04,netlib,brandy,220,249,2148,ortools,glop,default,OR-Tools defaults,60.0,Optimal,,0.002142,1518.509896488129,1518.5098964881286,HiGHS optimum (optima.csv),2.99e-16,PASS,9.09e-13,1.44e-15,2.99e-16,yes,OR-Tools 9.15.6755,OR-Tools status OPTIMAL
ad28954,macbook-air-m4,Apple M4,10,none,,,2026-09-28T13:42:04,netlib,brandy,220,249,2148,ortools,pdlp,default,1e-8 (PDLP relative + absolute),60.0,Optimal,,0.086621,1518.509892621556,1518.5098964881286,HiGHS optimum (optima.csv),2.54e-09,PASS,5.07e-07,1.02e-08,1.31e-09,yes,OR-Tools 9.15.6755,OR-Tools status OPTIMAL
ad28954,macbook-air-m4,Apple M4,10,none,,,2026-09-28T13:42:04,netlib,capri,271,353,1767,ps26119,auto,1,1e-8,60.0,Optimal,401,0.004877,2690.0129137681597,2690.0129137681593,HiGHS optimum (optima.csv),1.69e-16,PASS,8.84e-14,3.00e-14,8.45e-17,yes,ps26119 0.1.0 (git ad28954),"auto: simplex (rows*nnz = 4.8e+05); phase-1 iters 312, bound flips 5, refactorizations 13, Bland episodes 0, Devex resets 7, tolerance tightenings 0; presolve removed 16 rows, 32 cols"
ad28954,macbook-air-m4,Apple M4,10,none,,,2026-09-28T13:42:04,netlib,capri,271,353,1767,ps26119,simplex,1,1e-8,60.0,Optimal,401,0.004880,2690.0129137681597,2690.0129137681593,HiGHS optimum (optima.csv),1.69e-16,PASS,8.84e-14,3.00e-14,8.45e-17,yes,ps26119 0.1.0 (git ad28954),"phase-1 iters 312, bound flips 5, refactorizations 13, Bland episodes 0, Devex resets 7, tolerance tightenings 0; presolve removed 16 rows, 32 cols"
ad28954,macbook-air-m4,Apple M4,10,none,,,2026-09-28T13:42:04,netlib,capri,271,353,1767,ps26119,r2hpdhg,1,1e-8,60.0,Optimal,126848,0.229641,2690.0129361594695,2690.0129137681593,HiGHS optimum (optima.csv),8.32e-09,PASS,9.99e-07,2.11e-10,4.91e-09,yes,ps26119 0.1.0 (git ad28954),"presolve removed 16 rows, 32 cols"
ad28954,macbook-air-m4,Apple M4,10,none,,,2026-09-28T13:42:04,netlib,capri,271,353,1767,ps26119,r2hpdhg,10,1e-8,60.0,Optimal,126848,0.229461,2690.0129361594695,2690.0129137681593,HiGHS optimum (optima.csv),8.32e-09,PASS,9.99e-07,2.11e-10,4.91e-09,yes,ps26119 0.1.0 (git ad28954),"presolve removed 16 rows, 32 cols"
ad28954,macbook-air-m4,Apple M4,10,none,,,2026-09-28T13:42:04,netlib,capri,271,353,1767,highs,simplex,default,HiGHS defaults (1e-7 feasibility),60.0,Optimal,150,0.001764,2690.0129137681593,2690.0129137681593,HiGHS optimum (optima.csv),0.00e+00,PASS,2.53e-13,3.49e-14,3.38e-16,yes,HiGHS 1.15.1,HiGHS model status kOptimal
ad28954,macbook-air-m4,Apple M4,10,none,,,2026-09-28T13:42:04,netlib,capri,271,353,1767,highs,ipm,default,HiGHS defaults (1e-7 feasibility),60.0,Optimal,21,0.004729,2690.0129137681597,2690.0129137681593,HiGHS optimum (optima.csv),1.69e-16,PASS,3.87e-13,3.54e-14,8.45e-17,yes,HiGHS 1.15.1,HiGHS model status kOptimal
ad28954,macbook-air-m4,Apple M4,10,none,,,2026-09-28T13:42:04,netlib,capri,271,353,1767,highs,pdlp,default,1e-8 (pdlp_optimality_tolerance),60.0,Optimal,107640,0.218976,2690.0129677564964,2690.0129137681593,HiGHS optimum (optima.csv),2.01e-08,PASS,5.01e-08,5.32e-08,9.32e-09,yes,HiGHS 1.15.1,HiGHS model status kOptimal
ad28954,macbook-air-m4,Apple M4,10,none,,,2026-09-28T13:42:04,netlib,capri,271,353,1767,ortools,glop,default,OR-Tools defaults,60.0,Optimal,,0.002010,2690.0129137681606,2690.0129137681593,HiGHS optimum (optima.csv),5.07e-16,PASS,2.02e-13,7.11e-14,1.69e-16,yes,OR-Tools 9.15.6755,OR-Tools status OPTIMAL
ad28954,macbook-air-m4,Apple M4,10,none,,,2026-09-28T13:42:04,netlib,capri,271,353,1767,ortools,pdlp,default,1e-8 (PDLP relative + absolute),60.0,Optimal,,1.493362,2690.0127493947766,2690.0129137681593,HiGHS optimum (optima.csv),6.11e-08,PASS,9.23e-08,3.99e-10,7.94e-09,yes,OR-Tools 9.15.6755,OR-Tools status OPTIMAL
ad28954,macbook-air-m4,Apple M4,10,none,,,2026-09-28T13:42:04,netlib,cycle,1903,2857,20720,ps26119,auto,1,1e-8,60.0,Optimal,2079,0.148793,-5.2263930248941017,-5.226393024894103,HiGHS optimum (optima.csv),1.43e-16,PASS,9.09e-13,3.68e-16,7.76e-17,yes,ps26119 0.1.0 (git ad28954),"auto: simplex (rows*nnz = 3.9e+07); phase-1 iters 0, bound flips 2, refactorizations 52, Bland episodes 0, Devex resets 19, tolerance tightenings 0; presolve removed 147 rows, 107 cols"
ad28954,macbook-air-m4,Apple M4,10,none,,,2026-09-28T13:42:04,netlib,cycle,1903,2857,20720,ps26119,simplex,1,1e-8,60.0,Optimal,2079,0.147670,-5.2263930248941017,-5.226393024894103,HiGHS optimum (optima.csv),1.43e-16,PASS,9.09e-13,3.68e-16,7.76e-17,yes,ps26119 0.1.0 (git ad28954),"phase-1 iters 0, bound flips 2, refactorizations 52, Bland episodes 0, Devex resets 19, tolerance tightenings 0; presolve removed 147 rows, 107 cols"
ad28954,macbook-air-m4,Apple M4,10,none,,,2026-09-28T13:42:04,netlib,cycle,1903,2857,20720,ps26119,r2hpdhg,1,1e-8,60.0,Optimal,75008,1.652538,-5.2263930260083793,-5.226393024894103,HiGHS optimum (optima.csv),1.79e-10,PASS,2.58e-09,1.03e-13,9.42e-11,yes,ps26119 0.1.0 (git ad28954),"presolve removed 147 rows, 107 cols"
ad28954,macbook-air-m4,Apple M4,10,none,,,2026-09-28T13:42:04,netlib,cycle,1903,2857,20720,ps26119,r2hpdhg,10,1e-8,60.0,Optimal,75008,1.607900,-5.2263930260083793,-5.226393024894103,HiGHS optimum (optima.csv),1.79e-10,PASS,2.58e-09,1.03e-13,9.42e-11,yes,ps26119 0.1.0 (git ad28954),"presolve removed 147 rows, 107 cols"
ad28954,macbook-air-m4,Apple M4,10,none,,,2026-09-28T13:42:04,netlib,cycle,1903,2857,20720,highs,simplex,default,HiGHS defaults (1e-7 feasibility),60.0,Optimal,3126,0.092693,-5.226393024894103,-5.226393024894103,HiGHS optimum (optima.csv),0.00e+00,PASS,3.64e-12,1.47e-16,0.00e+00,yes,HiGHS 1.15.1,HiGHS model status kOptimal
ad28954,macbook-air-m4,Apple M4,10,none,,,2026-09-28T13:42:04,netlib,cycle,1903,2857,20720,highs,ipm,default,HiGHS defaults (1e-7 feasibility),60.0,Optimal,35,0.076444,-5.226393024894102,-5.226393024894103,HiGHS optimum (optima.csv),1.43e-16,PASS,3.64e-12,2.15e-08,0.00e+00,yes,HiGHS 1.15.1,HiGHS model status kOptimal
ad28954,macbook-air-m4,Apple M4,10,none,,,2026-09-28T13:42:04,netlib,cycle,1903,2857,20720,highs,pdlp,default,1e-8 (pdlp_optimality_tolerance),60.0,Optimal,20040,0.387276,-5.226393300655535,-5.226393024894103,HiGHS optimum (optima.csv),4.43e-08,PASS,3.87e-07,2.51e-09,2.27e-09,yes,HiGHS 1.15.1,HiGHS model status kOptimal
ad28954,macbook-air-m4,Apple M4,10,none,,,2026-09-28T13:42:04,netlib,cycle,1903,2857,20720,ortools,glop,default,OR-Tools defaults,60.0,Optimal,,0.016476,-5.226393024894103,-5.226393024894103,HiGHS optimum (optima.csv),0.00e+00,PASS,7.28e-12,5.45e-16,7.76e-17,yes,OR-Tools 9.15.6755,OR-Tools status OPTIMAL
ad28954,macbook-air-m4,Apple M4,10,none,,,2026-09-28T13:42:04,netlib,cycle,1903,2857,20720,ortools,pdlp,default,1e-8 (PDLP relative + absolute),60.0,Optimal,,0.866848,-5.226393025596961,-5.226393024894103,HiGHS optimum (optima.csv),1.13e-10,PASS,1.08e-09,3.29e-10,3.11e-10,yes,OR-Tools 9.15.6755,OR-Tools status OPTIMAL
ad28954,macbook-air-m4,Apple M4,10,none,,,2026-09-28T13:42:04,netlib,czprob,929,3523,10669,ps26119,auto,1,1e-8,60.0,Optimal,1551,0.043497,2185196.6988565777,2185196.698856578,HiGHS optimum (optima.csv),2.13e-16,PASS,3.06e-13,9.22e-17,0.00e+00,yes,ps26119 0.1.0 (git ad28954),"auto: simplex (rows*nnz = 9.9e+06); phase-1 iters 923, bound flips 0, refactorizations 17, Bland episodes 0, Devex resets 3, tolerance tightenings 0; presolve removed 192 rows, 419 cols"
ad28954,macbook-air-m4,Apple M4,10,none,,,2026-09-28T13:42:04,netlib,czprob,929,3523,10669,ps26119,simplex,1,1e-8,60.0,Optimal,1551,0.043861,2185196.6988565777,2185196.698856578,HiGHS optimum (optima.csv),2.13e-16,PASS,3.06e-13,9.22e-17,0.00e+00,yes,ps26119 0.1.0 (git ad28954),"phase-1 iters 923, bound flips 0, refactorizations 17, Bland episodes 0, Devex resets 3, tolerance tightenings 0; presolve removed 192 rows, 419 cols"
ad28954,macbook-air-m4,Apple M4,10,none,,,2026-09-28T13:42:04,netlib,czprob,929,3523,10669,ps26119,r2hpdhg,1,1e-8,60.0,Optimal,26560,0.374390,2185196.6956334985,2185196.698856578,HiGHS optimum (optima.csv),1.47e-09,PASS,9.76e-08,9.82e-08,3.13e-09,yes,ps26119 0.1.0 (git ad28954),"presolve removed 192 rows, 419 cols"
ad28954,macbook-air-m4,Apple M4,10,none,,,2026-09-28T13:42:04,netlib,czprob,929,3523,10669,ps26119,r2hpdhg,10,1e-8,60.0,Optimal,26560,0.367442,2185196.6956334985,2185196.698856578,HiGHS optimum (optima.csv),1.47e-09,PASS,9.76e-08,9.82e-08,3.13e-09,yes,ps26119 0.1.0 (git ad28954),"presolve removed 192 rows, 419 cols"
ad28954,macbook-air-m4,Apple M4,10,none,,,2026-09-28T13:42:04,netlib,czprob,929,3523,10669,highs,simplex,default,HiGHS defaults (1e-7 feasibility),60.0,Optimal,706,0.013676,2185196.698856578,2185196.698856578,HiGHS optimum (optima.csv),0.00e+00,PASS,4.55e-13,1.84e-16,0.00e+00,yes,HiGHS 1.15.1,HiGHS model status kOptimal
ad28954,macbook-air-m4,Apple M4,10,none,,,2026-09-28T13:42:04,netlib,czprob,929,3523,10669,highs,ipm,default,HiGHS defaults (1e-7 feasibility),60.0,Optimal,33,0.020230,2185196.698856578,2185196.698856578,HiGHS optimum (optima.csv),0.00e+00,PASS,9.09e-13,1.84e-16,0.00e+00,yes,HiGHS 1.15.1,HiGHS model status kOptimal
ad28954,macbook-air-m4,Apple M4,10,none,,,2026-09-28T13:42:04,netlib,czprob,929,3523,10669,highs,pdlp,default,1e-8 (pdlp_optimality_tolerance),60.0,Optimal,98400,1.523211,2185196.7412095973,2185196.698856578,HiGHS optimum (optima.csv),1.94e-08,FAIL,4.14e-06,9.33e-09,9.51e-09,no,HiGHS 1.15.1,HiGHS model status kOptimal
ad28954,macbook-air-m4,Apple M4,10,none,,,2026-09-28T13:42:04,netlib,czprob,929,3523,10669,ortools,glop,default,OR-Tools defaults,60.0,Optimal,,0.010219,2185196.6988565777,2185196.698856578,HiGHS optimum (optima.csv),2.13e-16,PASS,1.67e-13,1.84e-16,1.07e-16,yes,OR-Tools 9.15.6755,OR-Tools status OPTIMAL
ad28954,macbook-air-m4,Apple M4,10,none,,,2026-09-28T13:42:04,netlib,czprob,929,3523,10669,ortools,pdlp,default,1e-8 (PDLP relative + absolute),60.0,Optimal,,0.725749,2185196.699496012,2185196.698856578,HiGHS optimum (optima.csv),2.93e-10,PASS,3.66e-07,8.90e-08,4.34e-09,yes,OR-Tools 9.15.6755,OR-Tools status OPTIMAL
ad28954,macbook-air-m4,Apple M4,10,none,,,2026-09-28T13:42:04,netlib,d2q06c,2171,5167,32417,ps26119,auto,1,1e-8,60.0,Optimal,23200,4.229009,122784.21081418941,122784.21081418936,HiGHS optimum (optima.csv),4.74e-16,PASS,1.62e-10,1.70e-15,6.52e-16,yes,ps26119 0.1.0 (git ad28954),"auto: simplex (rows*nnz = 7e+07); phase-1 iters 3246, bound flips 59, refactorizations 851, Bland episodes 0, Devex resets 677, tolerance tightenings 1; presolve removed 73 rows, 10 cols"
ad28954,macbook-air-m4,Apple M4,10,none,,,2026-09-28T13:42:04,netlib,d2q06c,2171,5167,32417,ps26119,simplex,1,1e-8,60.0,Optimal,23200,4.235893,122784.21081418941,122784.21081418936,HiGHS optimum (optima.csv),4.74e-16,PASS,1.62e-10,1.70e-15,6.52e-16,yes,ps26119 0.1.0 (git ad28954),"phase-1 iters 3246, bound flips 59, refactorizations 851, Bland episodes 0, Devex resets 677, tolerance tightenings 1; presolve removed 73 rows, 10 cols"
ad28954,macbook-air-m4,Apple M4,10,none,,,2026-09-28T13:42:04,netlib,d2q06c,2171,5167,32417,ps26119,r2hpdhg,1,1e-8,60.0,TimeLimit,1662464,60.007914,122783.90057657537,122784.21081418936,HiGHS optimum (optima.csv),2.53e-06,FAIL,9.52e-01,2.66e-06,1.05e-06,no,ps26119 0.1.0 (git ad28954),"presolve removed 73 rows, 10 cols"
ad28954,macbook-air-m4,Apple M4,10,none,,,2026-09-28T13:42:04,netlib,d2q06c,2171,5167,32417,ps26119,r2hpdhg,10,1e-8,60.0,TimeLimit,1668608,60.008080,122783.90665405533,122784.21081418936,HiGHS optimum (optima.csv),2.48e-06,FAIL,9.54e-01,2.60e-06,9.99e-07,no,ps26119 0.1.0 (git ad28954),"presolve removed 73 rows, 10 cols"
ad28954,macbook-air-m4,Apple M4,10,none,,,2026-09-28T13:42:04,netlib,d2q06c,2171,5167,32417,highs,simplex,default,HiGHS defaults (1e-7 feasibility),60.0,Optimal,5295,0.340452,122784.21081418936,122784.21081418936,HiGHS optimum (optima.csv),0.00e+00,PASS,7.64e-11,7.39e-13,1.19e-16,yes,HiGHS 1.15.1,HiGHS model status kOptimal
ad28954,macbook-air-m4,Apple M4,10,none,,,2026-09-28T13:42:04,netlib,d2q06c,2171,5167,32417,highs,ipm,default,HiGHS defaults (1e-7 feasibility),60.0,Optimal,33,0.202061,122784.21081418969,122784.21081418936,HiGHS optimum (optima.csv),2.73e-15,PASS,2.67e-08,2.33e-15,1.01e-14,yes,HiGHS 1.15.1,HiGHS model status kOptimal
ad28954,macbook-air-m4,Apple M4,10,none,,,2026-09-28T13:42:04,netlib,d2q06c,2171,5167,32417,highs,pdlp,default,1e-8 (pdlp_optimality_tolerance),60.0,Optimal,1083360,49.866256,122784.20589041329,122784.21081418936,HiGHS optimum (optima.csv),4.01e-08,FAIL,5.08e-03,2.46e-07,9.53e-09,no,HiGHS 1.15.1,HiGHS model status kOptimal
ad28954,macbook-air-m4,Apple M4,10,none,,,2026-09-28T13:42:04,netlib,d2q06c,2171,5167,32417,ortools,glop,default,OR-Tools defaults,60.0,Optimal,,0.306915,122784.21081418957,122784.21081418936,HiGHS optimum (optima.csv),1.78e-15,PASS,3.97e-10,7.39e-13,7.70e-16,yes,OR-Tools 9.15.6755,OR-Tools status OPTIMAL
ad28954,macbook-air-m4,Apple M4,10,none,,,2026-09-28T13:42:04,netlib,d2q06c,2171,5167,32417,ortools,pdlp,default,1e-8 (PDLP relative + absolute),60.0,NotSolved,,60.002032,nan,122784.21081418936,HiGHS optimum (optima.csv),nan,FAIL,nan,nan,nan,no,OR-Tools 9.15.6755,OR-Tools status NOT_SOLVED
ad28954,macbook-air-m4,Apple M4,10,none,,,2026-09-28T13:42:04,netlib,d6cube,415,6184,37704,ps26119,auto,1,1e-8,60.0,Optimal,222456,20.323818,315.49166666666645,315.4916666666668,HiGHS optimum (optima.csv),1.08e-15,PASS,1.18e-12,2.58e-14,8.99e-17,yes,ps26119 0.1.0 (git ad28954),"auto: simplex (rows*nnz = 1.6e+07); phase-1 iters 638, bound flips 0, refactorizations 7153, Bland episodes 0, Devex resets 307, tolerance tightenings 0; presolve removed 12 rows, 1 cols"
ad28954,macbook-air-m4,Apple M4,10,none,,,2026-09-28T13:42:04,netlib,d6cube,415,6184,37704,ps26119,simplex,1,1e-8,60.0,Optimal,222456,20.323372,315.49166666666645,315.4916666666668,HiGHS optimum (optima.csv),1.08e-15,PASS,1.18e-12,2.58e-14,8.99e-17,yes,ps26119 0.1.0 (git ad28954),"phase-1 iters 638, bound flips 0, refactorizations 7153, Bland episodes 0, Devex resets 307, tolerance tightenings 0; presolve removed 12 rows, 1 cols"
ad28954,macbook-air-m4,Apple M4,10,none,,,2026-09-28T13:42:04,netlib,d6cube,415,6184,37704,ps26119,r2hpdhg,1,1e-8,60.0,Optimal,14208,0.732661,315.4916657914556,315.4916666666668,HiGHS optimum (optima.csv),2.77e-09,PASS,7.75e-07,1.60e-07,4.22e-11,yes,ps26119 0.1.0 (git ad28954),"presolve removed 12 rows, 1 cols"
ad28954,macbook-air-m4,Apple M4,10,none,,,2026-09-28T13:42:04,netlib,d6cube,415,6184,37704,ps26119,r2hpdhg,10,1e-8,60.0,Optimal,14208,0.733694,315.4916657914556,315.4916666666668,HiGHS optimum (optima.csv),2.77e-09,PASS,7.75e-07,1.60e-07,4.22e-11,yes,ps26119 0.1.0 (git ad28954),"presolve removed 12 rows, 1 cols"
ad28954,macbook-air-m4,Apple M4,10,none,,,2026-09-28T13:42:04,netlib,d6cube,415,6184,37704,highs,simplex,default,HiGHS defaults (1e-7 feasibility),60.0,Optimal,437,0.057318,315.4916666666668,315.4916666666668,HiGHS optimum (optima.csv),0.00e+00,PASS,2.64e-12,5.66e-15,8.99e-17,yes,HiGHS 1.15.1,HiGHS model status kOptimal
ad28954,macbook-air-m4,Apple M4,10,none,,,2026-09-28T13:42:04,netlib,d6cube,415,6184,37704,highs,ipm,default,HiGHS defaults (1e-7 feasibility),60.0,Optimal,30,0.134525,315.4916666666668,315.4916666666668,HiGHS optimum (optima.csv),0.00e+00,PASS,6.16e-13,1.38e-14,1.80e-16,yes,HiGHS 1.15.1,HiGHS model status kOptimal
ad28954,macbook-air-m4,Apple M4,10,none,,,2026-09-28T13:42:04,netlib,d6cube,415,6184,37704,highs,pdlp,default,1e-8 (pdlp_optimality_tolerance),60.0,Optimal,14640,0.744857,315.4916622162331,315.4916666666668,HiGHS optimum (optima.csv),1.41e-08,FAIL,2.01e-06,5.43e-07,6.19e-09,no,HiGHS 1.15.1,HiGHS model status kOptimal
ad28954,macbook-air-m4,Apple M4,10,none,,,2026-09-28T13:42:04,netlib,d6cube,415,6184,37704,ortools,glop,default,OR-Tools defaults,60.0,Optimal,,0.414300,315.49166666669134,315.4916666666668,HiGHS optimum (optima.csv),7.76e-14,PASS,6.36e-12,2.07e-14,3.91e-14,yes,OR-Tools 9.15.6755,OR-Tools status OPTIMAL
ad28954,macbook-air-m4,Apple M4,10,none,,,2026-09-28T13:42:04,netlib,d6cube,415,6184,37704,ortools,pdlp,default,1e-8 (PDLP relative + absolute),60.0,Optimal,,0.547094,315.49166451445683,315.4916666666668,HiGHS optimum (optima.csv),6.80e-09,PASS,7.78e-07,1.12e-07,7.75e-09,yes,OR-Tools 9.15.6755,OR-Tools status OPTIMAL
ad28954,macbook-air-m4,Apple M4,10,none,,,2026-09-28T13:42:04,netlib,degen2,444,534,3978,ps26119,auto,1,1e-8,60.0,Optimal,1160,0.036427,-1435.1780000000003,-1435.178,HiGHS optimum (optima.csv),1.58e-16,PASS,6.38e-16,9.14e-17,7.92e-17,yes,ps26119 0.1.0 (git ad28954),"auto: simplex (rows*nnz = 1.8e+06); phase-1 iters 718, bound flips 0, refactorizations 41, Bland episodes 0, Devex resets 2, tolerance tightenings 0"
ad28954,macbook-air-m4,Apple M4,10,none,,,2026-09-28T13:42:04,netlib,degen2,444,534,3978,ps26119,simplex,1,1e-8,60.0,Optimal,1160,0.037093,-1435.1780000000003,-1435.178,HiGHS optimum (optima.csv),1.58e-16,PASS,6.38e-16,9.14e-17,7.92e-17,yes,ps26119 0.1.0 (git ad28954),"phase-1 iters 718, bound flips 0, refactorizations 41, Bland episodes 0, Devex resets 2, tolerance tightenings 0"
ad28954,macbook-air-m4,Apple M4,10,none,,,2026-09-28T13:42:04,netlib,degen2,444,534,3978,ps26119,r2hpdhg,1,1e-8,60.0,Optimal,4160,0.018107,-1435.1780017447886,-1435.178,HiGHS optimum (optima.csv),1.21e-09,PASS,1.71e-07,2.12e-09,5.89e-10,yes,ps26119 0.1.0 (git ad28954),
ad28954,macbook-air-m4,Apple M4,10,none,,,2026-09-28T13:42:04,netlib,degen2,444,534,3978,ps26119,r2hpdhg,10,1e-8,60.0,Optimal,4160,0.018242,-1435.1780017447886,-1435.178,HiGHS optimum (optima.csv),1.21e-09,PASS,1.71e-07,2.12e-09,5.89e-10,yes,ps26119 0.1.0 (git ad28954),
ad28954,macbook-air-m4,Apple M4,10,none,,,2026-09-28T13:42:04,netlib,degen2,444,534,3978,highs,simplex,default,HiGHS defaults (1e-7 feasibility),60.0,Optimal,458,0.006878,-1435.178,-1435.178,HiGHS optimum (optima.csv),0.00e+00,PASS,5.55e-16,1.46e-16,7.92e-17,yes,HiGHS 1.15.1,HiGHS model status kOptimal
ad28954,macbook-air-m4,Apple M4,10,none,,,2026-09-28T13:42:04,netlib,degen2,444,534,3978,highs,ipm,default,HiGHS defaults (1e-7 feasibility),60.0,Optimal,15,0.011804,-1435.178,-1435.178,HiGHS optimum (optima.csv),0.00e+00,PASS,2.22e-16,1.65e-16,7.92e-17,yes,HiGHS 1.15.1,HiGHS model status kOptimal
ad28954,macbook-air-m4,Apple M4,10,none,,,2026-09-28T13:42:04,netlib,degen2,444,534,3978,highs,pdlp,default,1e-8 (pdlp_optimality_tolerance),60.0,Optimal,4280,0.024612,-1435.1780164080856,-1435.178,HiGHS optimum (optima.csv),1.14e-08,PASS,7.09e-07,1.73e-09,5.69e-09,yes,HiGHS 1.15.1,HiGHS model status kOptimal
ad28954,macbook-air-m4,Apple M4,10,none,,,2026-09-28T13:42:04,netlib,degen2,444,534,3978,ortools,glop,default,OR-Tools defaults,60.0,Optimal,,0.009043,-1435.1779999999999,-1435.178,HiGHS optimum (optima.csv),1.58e-16,PASS,4.44e-16,1.10e-16,0.00e+00,yes,OR-Tools 9.15.6755,OR-Tools status OPTIMAL
ad28954,macbook-air-m4,Apple M4,10,none,,,2026-09-28T13:42:04,netlib,degen2,444,534,3978,ortools,pdlp,default,1e-8 (PDLP relative + absolute),60.0,Optimal,,0.031720,-1435.178003043829,-1435.178,HiGHS optimum (optima.csv),2.12e-09,PASS,1.07e-07,1.53e-09,1.09e-09,yes,OR-Tools 9.15.6755,OR-Tools status OPTIMAL
ad28954,macbook-air-m4,Apple M4,10,none,,,2026-09-28T13:42:04,netlib,degen3,1503,1818,24646,ps26119,auto,1,1e-8,60.0,Optimal,5500,0.626322,-987.2940000000001,-987.2940000000002,HiGHS optimum (optima.csv),1.15e-16,PASS,4.44e-15,3.16e-16,5.75e-17,yes,ps26119 0.1.0 (git ad28954),"auto: simplex (rows*nnz = 3.7e+07); phase-1 iters 3760, bound flips 0, refactorizations 107, Bland episodes 0, Devex resets 8, tolerance tightenings 0"
ad28954,macbook-air-m4,Apple M4,10,none,,,2026-09-28T13:42:04,netlib,degen3,1503,1818,24646,ps26119,simplex,1,1e-8,60.0,Optimal,5500,0.619542,-987.2940000000001,-987.2940000000002,HiGHS optimum (optima.csv),1.15e-16,PASS,4.44e-15,3.16e-16,5.75e-17,yes,ps26119 0.1.0 (git ad28954),"phase-1 iters 3760, bound flips 0, refactorizations 107, Bland episodes 0, Devex resets 8, tolerance tightenings 0"
ad28954,macbook-air-m4,Apple M4,10,none,,,2026-09-28T13:42:04,netlib,degen3,1503,1818,24646,ps26119,r2hpdhg,1,1e-8,60.0,Optimal,20928,0.533747,-987.29400221754122,-987.2940000000002,HiGHS optimum (optima.csv),2.24e-09,PASS,3.81e-07,2.15e-09,1.14e-09,yes,ps26119 0.1.0 (git ad28954),
ad28954,macbook-air-m4,Apple M4,10,none,,,2026-09-28T13:42:04,netlib,degen3,1503,1818,24646,ps26119,r2hpdhg,10,1e-8,60.0,Optimal,20928,0.534696,-987.29400221754122,-987.2940000000002,HiGHS optimum (optima.csv),2.24e-09,PASS,3.81e-07,2.15e-09,1.14e-09,yes,ps26119 0.1.0 (git ad28954),
ad28954,macbook-air-m4,Apple M4,10,none,,,2026-09-28T13:42:04,netlib,degen3,1503,1818,24646,highs,simplex,default,HiGHS defaults (1e-7 feasibility),60.0,Optimal,2159,0.081610,-987.2940000000002,-987.2940000000002,HiGHS optimum (optima.csv),0.00e+00,PASS,2.44e-15,2.94e-16,5.75e-17,yes,HiGHS 1.15.1,HiGHS model status kOptimal
ad28954,macbook-air-m4,Apple M4,10,none,,,2026-09-28T13:42:04,netlib,degen3,1503,1818,24646,highs,ipm,default,HiGHS defaults (1e-7 feasibility),60.0,Optimal,19,0.080285,-987.2940000000004,-987.2940000000002,HiGHS optimum (optima.csv),2.30e-16,PASS,5.33e-15,3.16e-16,1.15e-16,yes,HiGHS 1.15.1,HiGHS model status kOptimal
ad28954,macbook-air-m4,Apple M4,10,none,,,2026-09-28T13:42:04,netlib,degen3,1503,1818,24646,highs,pdlp,default,1e-8 (pdlp_optimality_tolerance),60.0,Optimal,24840,0.662644,-987.2940188540907,-987.2940000000002,HiGHS optimum (optima.csv),1.91e-08,FAIL,3.70e-06,5.85e-08,9.38e-09,no,HiGHS 1.15.1,HiGHS model status kOptimal
ad28954,macbook-air-m4,Apple M4,10,none,,,2026-09-28T13:42:04,netlib,degen3,1503,1818,24646,ortools,glop,default,OR-Tools defaults,60.0,Optimal,,0.097269,-987.2940000000001,-987.2940000000002,HiGHS optimum (optima.csv),1.15e-16,PASS,7.99e-15,2.60e-16,5.75e-17,yes,OR-Tools 9.15.6755,OR-Tools status OPTIMAL
ad28954,macbook-air-m4,Apple M4,10,none,,,2026-09-28T13:42:04,netlib,degen3,1503,1818,24646,ortools,pdlp,default,1e-8 (PDLP relative + absolute),60.0,Optimal,,0.955167,-987.2939978909986,-987.2940000000002,HiGHS optimum (optima.csv),2.13e-09,PASS,2.06e-07,5.02e-09,1.08e-09,yes,OR-Tools 9.15.6755,OR-Tools status OPTIMAL
ad28954,macbook-air-m4,Apple M4,10,none,,,2026-09-28T13:42:04,netlib,dfl001,6071,12230,35632,ps26119,auto,1,1e-8,60.0,Optimal,31680,1.917356,11266395.90536976,11266396.046671377,HiGHS optimum (optima.csv),1.25e-08,PASS,7.63e-07,8.46e-11,6.70e-09,yes,ps26119 0.1.0 (git ad28954),auto: r2hpdhg (rows*nnz = 2.2e+08)
ad28954,macbook-air-m4,Apple M4,10,none,,,2026-09-28T13:42:04,netlib,dfl001,6071,12230,35632,ps26119,simplex,1,1e-8,60.0,TimeLimit,108416,60.036390,nan,11266396.046671377,HiGHS optimum (optima.csv),nan,FAIL,nan,nan,nan,no,ps26119 0.1.0 (git ad28954),"time limit; phase-1 iters 24175, bound flips 0, refactorizations 4433, Bland episodes 0, Devex resets 87, tolerance tightenings 0"
ad28954,macbook-air-m4,Apple M4,10,none,,,2026-09-28T13:42:04,netlib,dfl001,6071,12230,35632,ps26119,r2hpdhg,1,1e-8,60.0,Optimal,31680,1.929402,11266395.90536976,11266396.046671377,HiGHS optimum (optima.csv),1.25e-08,PASS,7.63e-07,8.46e-11,6.70e-09,yes,ps26119 0.1.0 (git ad28954),
ad28954,macbook-air-m4,Apple M4,10,none,,,2026-09-28T13:42:04,netlib,dfl001,6071,12230,35632,ps26119,r2hpdhg,10,1e-8,60.0,Optimal,31680,2.878706,11266395.90536976,11266396.046671377,HiGHS optimum (optima.csv),1.25e-08,PASS,7.63e-07,8.46e-11,6.70e-09,yes,ps26119 0.1.0 (git ad28954),
ad28954,macbook-air-m4,Apple M4,10,none,,,2026-09-28T13:42:04,netlib,dfl001,6071,12230,35632,highs,simplex,default,HiGHS defaults (1e-7 feasibility),60.0,Optimal,17722,2.476045,11266396.046671377,11266396.046671377,HiGHS optimum (optima.csv),0.00e+00,PASS,6.50e-11,2.07e-17,1.65e-16,yes,HiGHS 1.15.1,HiGHS model status kOptimal
ad28954,macbook-air-m4,Apple M4,10,none,,,2026-09-28T13:42:04,netlib,dfl001,6071,12230,35632,highs,ipm,default,HiGHS defaults (1e-7 feasibility),60.0,Optimal,45,0.719755,11266396.046671279,11266396.046671377,HiGHS optimum (optima.csv),8.76e-15,PASS,3.83e-13,1.85e-15,4.30e-15,yes,HiGHS 1.15.1,HiGHS model status kOptimal
ad28954,macbook-air-m4,Apple M4,10,none,,,2026-09-28T13:42:04,netlib,dfl001,6071,12230,35632,highs,pdlp,default,1e-8 (pdlp_optimality_tolerance),60.0,Optimal,82920,5.951994,11266396.436612114,11266396.046671377,HiGHS optimum (optima.csv),3.46e-08,FAIL,2.30e-05,9.89e-11,7.05e-09,no,HiGHS 1.15.1,HiGHS model status kOptimal
ad28954,macbook-air-m4,Apple M4,10,none,,,2026-09-28T13:42:04,netlib,dfl001,6071,12230,35632,ortools,glop,default,OR-Tools defaults,60.0,Optimal,,2.128698,11266396.046672326,11266396.046671377,HiGHS optimum (optima.csv),8.42e-14,PASS,6.50e-11,4.97e-15,7.82e-14,yes,OR-Tools 9.15.6755,OR-Tools status OPTIMAL
ad28954,macbook-air-m4,Apple M4,10,none,,,2026-09-28T13:42:04,netlib,dfl001,6071,12230,35632,ortools,pdlp,default,1e-8 (PDLP relative + absolute),60.0,Optimal,,5.069806,11266396.149708306,11266396.046671377,HiGHS optimum (optima.csv),9.15e-09,FAIL,1.49e-06,8.32e-11,5.78e-09,no,OR-Tools 9.15.6755,OR-Tools status OPTIMAL
ad28954,macbook-air-m4,Apple M4,10,none,,,2026-09-28T13:42:04,netlib,e226,223,282,2578,ps26119,auto,1,1e-8,60.0,Optimal,348,0.005360,-11.638929066370528,-11.638929066370526,HiGHS optimum (optima.csv),1.41e-16,PASS,1.78e-14,1.06e-16,9.23e-17,yes,ps26119 0.1.0 (git ad28954),"auto: simplex (rows*nnz = 5.7e+05); phase-1 iters 67, bound flips 10, refactorizations 16, Bland episodes 0, Devex resets 7, tolerance tightenings 0; presolve removed 55 rows, 11 cols"
ad28954,macbook-air-m4,Apple M4,10,none,,,2026-09-28T13:42:04,netlib,e226,223,282,2578,ps26119,simplex,1,1e-8,60.0,Optimal,348,0.005336,-11.638929066370528,-11.638929066370526,HiGHS optimum (optima.csv),1.41e-16,PASS,1.78e-14,1.06e-16,9.23e-17,yes,ps26119 0.1.0 (git ad28954),"phase-1 iters 67, bound flips 10, refactorizations 16, Bland episodes 0, Devex resets 7, tolerance tightenings 0; presolve removed 55 rows, 11 cols"
ad28954,macbook-air-m4,Apple M4,10,none,,,2026-09-28T13:42:04,netlib,e226,223,282,2578,ps26119,r2hpdhg,1,1e-8,60.0,Optimal,14080,0.034221,-11.63892899806476,-11.638929066370526,HiGHS optimum (optima.csv),5.40e-09,PASS,1.09e-08,4.70e-10,1.13e-09,yes,ps26119 0.1.0 (git ad28954),"presolve removed 55 rows, 11 cols"
ad28954,macbook-air-m4,Apple M4,10,none,,,2026-09-28T13:42:04,netlib,e226,223,282,2578,ps26119,r2hpdhg,10,1e-8,60.0,Optimal,14080,0.034653,-11.63892899806476,-11.638929066370526,HiGHS optimum (optima.csv),5.40e-09,PASS,1.09e-08,4.70e-10,1.13e-09,yes,ps26119 0.1.0 (git ad28954),"presolve removed 55 rows, 11 cols"
ad28954,macbook-air-m4,Apple M4,10,none,,,2026-09-28T13:42:04,netlib,e226,223,282,2578,highs,simplex,default,HiGHS defaults (1e-7 feasibility),60.0,Optimal,335,0.003542,-11.638929066370526,-11.638929066370526,HiGHS optimum (optima.csv),0.00e+00,PASS,2.05e-14,5.90e-17,0.00e+00,yes,HiGHS 1.15.1,HiGHS model status kOptimal
ad28954,macbook-air-m4,Apple M4,10,none,,,2026-09-28T13:42:04,netlib,e226,223,282,2578,highs,ipm,default,HiGHS defaults (1e-7 feasibility),60.0,Optimal,22,0.006727,-11.638929066370526,-11.638929066370526,HiGHS optimum (optima.csv),0.00e+00,PASS,2.05e-14,5.90e-17,0.00e+00,yes,HiGHS 1.15.1,HiGHS model status kOptimal
ad28954,macbook-air-m4,Apple M4,10,none,,,2026-09-28T13:42:04,netlib,e226,223,282,2578,highs,pdlp,default,1e-8 (pdlp_optimality_tolerance),60.0,Optimal,26080,0.073555,-11.638927391040264,-11.638929066370526,HiGHS optimum (optima.csv),1.33e-07,FAIL,3.12e-06,3.59e-08,5.38e-09,no,HiGHS 1.15.1,HiGHS model status kOptimal
ad28954,macbook-air-m4,Apple M4,10,none,,,2026-09-28T13:42:04,netlib,e226,223,282,2578,ortools,glop,default,OR-Tools defaults,60.0,Optimal,,0.002468,-11.638929066370547,-11.638929066370526,HiGHS optimum (optima.csv),1.69e-15,PASS,7.11e-15,1.18e-16,1.85e-16,yes,OR-Tools 9.15.6755,OR-Tools status OPTIMAL
ad28954,macbook-air-m4,Apple M4,10,none,,,2026-09-28T13:42:04,netlib,e226,223,282,2578,ortools,pdlp,default,1e-8 (PDLP relative + absolute),60.0,Optimal,,0.246172,-11.63892937236158,-11.638929066370526,HiGHS optimum (optima.csv),2.42e-08,PASS,8.75e-08,7.92e-09,5.35e-09,yes,OR-Tools 9.15.6755,OR-Tools status OPTIMAL
ad28954,macbook-air-m4,Apple M4,10,none,,,2026-09-28T13:42:04,netlib,etamacro,400,688,2409,ps26119,auto,1,1e-8,60.0,Optimal,617,0.010593,-755.71523333879634,-755.7152333005275,HiGHS optimum (optima.csv),5.06e-11,PASS,1.78e-13,8.50e-12,5.40e-11,yes,ps26119 0.1.0 (git ad28954),"auto: simplex (rows*nnz = 9.6e+05); phase-1 iters 364, bound flips 0, refactorizations 30, Bland episodes 0, Devex resets 1, tolerance tightenings 3; presolve removed 65 rows, 146 cols"
ad28954,macbook-air-m4,Apple M4,10,none,,,2026-09-28T13:42:04,netlib,etamacro,400,688,2409,ps26119,simplex,1,1e-8,60.0,Optimal,617,0.010101,-755.71523333879634,-755.7152333005275,HiGHS optimum (optima.csv),5.06e-11,PASS,1.78e-13,8.50e-12,5.40e-11,yes,ps26119 0.1.0 (git ad28954),"phase-1 iters 364, bound flips 0, refactorizations 30, Bland episodes 0, Devex resets 1, tolerance tightenings 3; presolve removed 65 rows, 146 cols"
ad28954,macbook-air-m4,Apple M4,10,none,,,2026-09-28T13:42:04,netlib,etamacro,400,688,2409,ps26119,r2hpdhg,1,1e-8,60.0,Optimal,13632,0.029965,-755.71523457581895,-755.7152333005275,HiGHS optimum (optima.csv),1.69e-09,PASS,4.75e-07,6.55e-09,2.08e-09,yes,ps26119 0.1.0 (git ad28954),"presolve removed 65 rows, 146 cols"
ad28954,macbook-air-m4,Apple M4,10,none,,,2026-09-28T13:42:04,netlib,etamacro,400,688,2409,ps26119,r2hpdhg,10,1e-8,60.0,Optimal,13632,0.030138,-755.71523457581895,-755.7152333005275,HiGHS optimum (optima.csv),1.69e-09,PASS,4.75e-07,6.55e-09,2.08e-09,yes,ps26119 0.1.0 (git ad28954),"presolve removed 65 rows, 146 cols"
ad28954,macbook-air-m4,Apple M4,10,none,,,2026-09-28T13:42:04,netlib,etamacro,400,688,2409,highs,simplex,default,HiGHS defaults (1e-7 feasibility),60.0,Optimal,419,0.004590,-755.7152333005275,-755.7152333005275,HiGHS optimum (optima.csv),0.00e+00,PASS,1.67e-13,8.50e-12,2.18e-11,yes,HiGHS 1.15.1,HiGHS model status kOptimal
ad28954,macbook-air-m4,Apple M4,10,none,,,2026-09-28T13:42:04,netlib,etamacro,400,688,2409,highs,ipm,default,HiGHS defaults (1e-7 feasibility),60.0,Optimal,30,0.011385,-755.7152333749132,-755.7152333005275,HiGHS optimum (optima.csv),9.83e-11,PASS,1.60e-13,1.14e-18,7.52e-17,yes,HiGHS 1.15.1,HiGHS model status kOptimal
ad28954,macbook-air-m4,Apple M4,10,none,,,2026-09-28T13:42:04,netlib,etamacro,400,688,2409,highs,pdlp,default,1e-8 (pdlp_optimality_tolerance),60.0,Optimal,25720,0.096528,-755.7152232202841,-755.7152333005275,HiGHS optimum (optima.csv),1.33e-08,PASS,8.40e-07,1.92e-08,7.22e-09,yes,HiGHS 1.15.1,HiGHS model status kOptimal
ad28954,macbook-air-m4,Apple M4,10,none,,,2026-09-28T13:42:04,netlib,etamacro,400,688,2409,ortools,glop,default,OR-Tools defaults,60.0,Optimal,,0.005030,-755.7152333505868,-755.7152333005275,HiGHS optimum (optima.csv),6.62e-11,PASS,2.70e-13,2.54e-12,4.94e-11,yes,OR-Tools 9.15.6755,OR-Tools status OPTIMAL
ad28954,macbook-air-m4,Apple M4,10,none,,,2026-09-28T13:42:04,netlib,etamacro,400,688,2409,ortools,pdlp,default,1e-8 (PDLP relative + absolute),60.0,Optimal,,0.401898,-755.715226532068,-755.7152333005275,HiGHS optimum (optima.csv),8.94e-09,PASS,9.38e-07,7.34e-10,4.71e-08,yes,OR-Tools 9.15.6755,OR-Tools status OPTIMAL
ad28954,macbook-air-m4,Apple M4,10,none,,,2026-09-28T13:42:04,netlib,fffff800,524,854,6227,ps26119,auto,1,1e-8,60.0,Optimal,825,0.019962,555679.56481749623,555679.5648174965,HiGHS optimum (optima.csv),4.19e-16,PASS,1.46e-11,2.84e-14,1.05e-16,yes,ps26119 0.1.0 (git ad28954),"auto: simplex (rows*nnz = 3.3e+06); phase-1 iters 618, bound flips 0, refactorizations 23, Bland episodes 0, Devex resets 5, tolerance tightenings 0; presolve removed 48 rows, 37 cols"
ad28954,macbook-air-m4,Apple M4,10,none,,,2026-09-28T13:42:04,netlib,fffff800,524,854,6227,ps26119,simplex,1,1e-8,60.0,Optimal,825,0.020622,555679.56481749623,555679.5648174965,HiGHS optimum (optima.csv),4.19e-16,PASS,1.46e-11,2.84e-14,1.05e-16,yes,ps26119 0.1.0 (git ad28954),"phase-1 iters 618, bound flips 0, refactorizations 23, Bland episodes 0, Devex resets 5, tolerance tightenings 0; presolve removed 48 rows, 37 cols"
ad28954,macbook-air-m4,Apple M4,10,none,,,2026-09-28T13:42:04,netlib,fffff800,524,854,6227,ps26119,r2hpdhg,1,1e-8,60.0,Optimal,70080,0.484174,555679.56480170647,555679.5648174965,HiGHS optimum (optima.csv),2.84e-11,PASS,3.89e-08,1.44e-08,5.50e-10,yes,ps26119 0.1.0 (git ad28954),"presolve removed 48 rows, 37 cols"
ad28954,macbook-air-m4,Apple M4,10,none,,,2026-09-28T13:42:04,netlib,fffff800,524,854,6227,ps26119,r2hpdhg,10,1e-8,60.0,Optimal,70080,0.479627,555679.56480170647,555679.5648174965,HiGHS optimum (optima.csv),2.84e-11,PASS,3.89e-08,1.44e-08,5.50e-10,yes,ps26119 0.1.0 (git ad28954),"presolve removed 48 rows, 37 cols"
ad28954,macbook-air-m4,Apple M4,10,none,,,2026-09-28T13:42:04,netlib,fffff800,524,854,6227,highs,simplex,default,HiGHS defaults (1e-7 feasibility),60.0,Optimal,411,0.004925,555679.5648174965,555679.5648174965,HiGHS optimum (optima.csv),0.00e+00,PASS,2.18e-11,6.71e-14,2.10e-16,yes,HiGHS 1.15.1,HiGHS model status kOptimal
ad28954,macbook-air-m4,Apple M4,10,none,,,2026-09-28T13:42:04,netlib,fffff800,524,854,6227,highs,ipm,default,HiGHS defaults (1e-7 feasibility),60.0,Optimal,32,0.014439,555679.5648174963,555679.5648174965,HiGHS optimum (optima.csv),2.10e-16,PASS,2.91e-11,9.95e-14,3.14e-16,yes,HiGHS 1.15.1,HiGHS model status kOptimal
ad28954,macbook-air-m4,Apple M4,10,none,,,2026-09-28T13:42:04,netlib,fffff800,524,854,6227,highs,pdlp,default,1e-8 (pdlp_optimality_tolerance),60.0,Optimal,58440,0.393507,555679.5749242068,555679.5648174965,HiGHS optimum (optima.csv),1.82e-08,FAIL,1.86e-04,9.19e-07,9.57e-09,no,HiGHS 1.15.1,HiGHS model status kOptimal
ad28954,macbook-air-m4,Apple M4,10,none,,,2026-09-28T13:42:04,netlib,fffff800,524,854,6227,ortools,glop,default,OR-Tools defaults,60.0,Optimal,,0.002598,555679.5648174963,555679.5648174965,HiGHS optimum (optima.csv),2.10e-16,PASS,3.64e-12,2.27e-13,4.19e-16,yes,OR-Tools 9.15.6755,OR-Tools status OPTIMAL
ad28954,macbook-air-m4,Apple M4,10,none,,,2026-09-28T13:42:04,netlib,fffff800,524,854,6227,ortools,pdlp,default,1e-8 (PDLP relative + absolute),60.0,Optimal,,7.822888,555679.5715110863,555679.5648174965,HiGHS optimum (optima.csv),1.20e-08,FAIL,8.17e-04,5.52e-10,6.04e-09,no,OR-Tools 9.15.6755,OR-Tools status OPTIMAL
ad28954,macbook-air-m4,Apple M4,10,none,,,2026-09-28T13:42:04,netlib,finnis,497,614,2310,ps26119,auto,1,1e-8,60.0,Optimal,495,0.006884,172791.06559561164,172791.0655956116,HiGHS optimum (optima.csv),1.68e-16,PASS,2.27e-13,3.53e-18,3.37e-16,yes,ps26119 0.1.0 (git ad28954),"auto: simplex (rows*nnz = 1.1e+06); phase-1 iters 240, bound flips 13, refactorizations 12, Bland episodes 0, Devex resets 2, tolerance tightenings 0; presolve removed 64 rows, 65 cols"
ad28954,macbook-air-m4,Apple M4,10,none,,,2026-09-28T13:42:04,netlib,finnis,497,614,2310,ps26119,simplex,1,1e-8,60.0,Optimal,495,0.006789,172791.06559561164,172791.0655956116,HiGHS optimum (optima.csv),1.68e-16,PASS,2.27e-13,3.53e-18,3.37e-16,yes,ps26119 0.1.0 (git ad28954),"phase-1 iters 240, bound flips 13, refactorizations 12, Bland episodes 0, Devex resets 2, tolerance tightenings 0; presolve removed 64 rows, 65 cols"
ad28954,macbook-air-m4,Apple M4,10,none,,,2026-09-28T13:42:04,netlib,finnis,497,614,2310,ps26119,r2hpdhg,1,1e-8,60.0,Optimal,15872,0.038620,172791.06558704632,172791.0655956116,HiGHS optimum (optima.csv),4.96e-11,PASS,2.48e-07,1.70e-13,2.50e-11,yes,ps26119 0.1.0 (git ad28954),"presolve removed 64 rows, 65 cols; reduced model re-solved to 1e-10 to pass on the original"
ad28954,macbook-air-m4,Apple M4,10,none,,,2026-09-28T13:42:04,netlib,finnis,497,614,2310,ps26119,r2hpdhg,10,1e-8,60.0,Optimal,15872,0.038947,172791.06558704632,172791.0655956116,HiGHS optimum (optima.csv),4.96e-11,PASS,2.48e-07,1.70e-13,2.50e-11,yes,ps26119 0.1.0 (git ad28954),"presolve removed 64 rows, 65 cols; reduced model re-solved to 1e-10 to pass on the original"
ad28954,macbook-air-m4,Apple M4,10,none,,,2026-09-28T13:42:04,netlib,finnis,497,614,2310,highs,simplex,default,HiGHS defaults (1e-7 feasibility),60.0,Optimal,246,0.002354,172791.0655956116,172791.0655956116,HiGHS optimum (optima.csv),0.00e+00,PASS,2.91e-13,3.53e-18,2.53e-16,yes,HiGHS 1.15.1,HiGHS model status kOptimal
ad28954,macbook-air-m4,Apple M4,10,none,,,2026-09-28T13:42:04,netlib,finnis,497,614,2310,highs,ipm,default,HiGHS defaults (1e-7 feasibility),60.0,Optimal,26,0.007170,172791.06559561155,172791.0655956116,HiGHS optimum (optima.csv),3.37e-16,PASS,5.84e-13,5.29e-17,8.42e-17,yes,HiGHS 1.15.1,HiGHS model status kOptimal
ad28954,macbook-air-m4,Apple M4,10,none,,,2026-09-28T13:42:04,netlib,finnis,497,614,2310,highs,pdlp,default,1e-8 (pdlp_optimality_tolerance),60.0,Optimal,157240,0.455308,172791.06585182712,172791.0655956116,HiGHS optimum (optima.csv),1.48e-09,PASS,7.58e-09,2.45e-08,6.61e-09,yes,HiGHS 1.15.1,HiGHS model status kOptimal
ad28954,macbook-air-m4,Apple M4,10,none,,,2026-09-28T13:42:04,netlib,finnis,497,614,2310,ortools,glop,default,OR-Tools defaults,60.0,Optimal,,0.003047,172791.06559561158,172791.0655956116,HiGHS optimum (optima.csv),1.68e-16,PASS,1.82e-12,8.37e-18,1.68e-16,yes,OR-Tools 9.15.6755,OR-Tools status OPTIMAL
ad28954,macbook-air-m4,Apple M4,10,none,,,2026-09-28T13:42:04,netlib,finnis,497,614,2310,ortools,pdlp,default,1e-8 (PDLP relative + absolute),60.0,Optimal,,0.510863,172791.06754049516,172791.0655956116,HiGHS optimum (optima.csv),1.13e-08,PASS,4.49e-08,1.39e-08,9.98e-09,yes,OR-Tools 9.15.6755,OR-Tools status OPTIMAL
ad28954,macbook-air-m4,Apple M4,10,none,,,2026-09-28T13:42:04,netlib,fit1d,24,1026,13404,ps26119,auto,1,1e-8,60.0,Optimal,770,0.015450,-9146.3780924209277,-9146.378092420928,HiGHS optimum (optima.csv),0.00e+00,PASS,1.82e-12,0.00e+00,9.94e-17,yes,ps26119 0.1.0 (git ad28954),"auto: simplex (rows*nnz = 3.2e+05); phase-1 iters 0, bound flips 6, refactorizations 36, Bland episodes 0, Devex resets 10, tolerance tightenings 0"
ad28954,macbook-air-m4,Apple M4,10,none,,,2026-09-28T13:42:04,netlib,fit1d,24,1026,13404,ps26119,simplex,1,1e-8,60.0,Optimal,770,0.015592,-9146.3780924209277,-9146.378092420928,HiGHS optimum (optima.csv),0.00e+00,PASS,1.82e-12,0.00e+00,9.94e-17,yes,ps26119 0.1.0 (git ad28954),"phase-1 iters 0, bound flips 6, refactorizations 36, Bland episodes 0, Devex resets 10, tolerance tightenings 0"
ad28954,macbook-air-m4,Apple M4,10,none,,,2026-09-28T13:42:04,netlib,fit1d,24,1026,13404,ps26119,r2hpdhg,1,1e-8,60.0,Optimal,3329792,54.672332,-9146.3780924119164,-9146.378092420928,HiGHS optimum (optima.csv),9.85e-13,PASS,6.16e-09,6.35e-19,1.43e-09,yes,ps26119 0.1.0 (git ad28954),
ad28954,macbook-air-m4,Apple M4,10,none,,,2026-09-28T13:42:04,netlib,fit1d,24,1026,13404,ps26119,r2hpdhg,10,1e-8,60.0,Optimal,3329792,54.867261,-9146.3780924119164,-9146.378092420928,HiGHS optimum (optima.csv),9.85e-13,PASS,6.16e-09,6.35e-19,1.43e-09,yes,ps26119 0.1.0 (git ad28954),
ad28954,macbook-air-m4,Apple M4,10,none,,,2026-09-28T13:42:04,netlib,fit1d,24,1026,13404,highs,simplex,default,HiGHS defaults (1e-7 feasibility),60.0,Optimal,58,0.004964,-9146.378092420928,-9146.378092420928,HiGHS optimum (optima.csv),0.00e+00,PASS,1.82e-12,0.00e+00,9.94e-17,yes,HiGHS 1.15.1,HiGHS model status kOptimal
ad28954,macbook-air-m4,Apple M4,10,none,,,2026-09-28T13:42:04,netlib,fit1d,24,1026,13404,highs,ipm,default,HiGHS defaults (1e-7 feasibility),60.0,Optimal,19,0.012228,-9146.378092420928,-9146.378092420928,HiGHS optimum (optima.csv),0.00e+00,PASS,1.82e-12,0.00e+00,9.94e-17,yes,HiGHS 1.15.1,HiGHS model status kOptimal
ad28954,macbook-air-m4,Apple M4,10,none,,,2026-09-28T13:42:04,netlib,fit1d,24,1026,13404,highs,pdlp,default,1e-8 (pdlp_optimality_tolerance),60.0,Optimal,5920,0.088270,-9146.378091957462,-9146.378092420928,HiGHS optimum (optima.csv),5.07e-11,PASS,5.27e-08,0.00e+00,3.96e-11,yes,HiGHS 1.15.1,HiGHS model status kOptimal
ad28954,macbook-air-m4,Apple M4,10,none,,,2026-09-28T13:42:04,netlib,fit1d,24,1026,13404,ortools,glop,default,OR-Tools defaults,60.0,Optimal,,0.010149,-9146.37809242093,-9146.378092420928,HiGHS optimum (optima.csv),1.99e-16,PASS,7.28e-12,0.00e+00,9.94e-17,yes,OR-Tools 9.15.6755,OR-Tools status OPTIMAL
ad28954,macbook-air-m4,Apple M4,10,none,,,2026-09-28T13:42:04,netlib,fit1d,24,1026,13404,ortools,pdlp,default,1e-8 (PDLP relative + absolute),60.0,Optimal,,0.200287,-9146.378092408764,-9146.378092420928,HiGHS optimum (optima.csv),1.33e-12,PASS,7.39e-09,0.00e+00,7.31e-13,yes,OR-Tools 9.15.6755,OR-Tools status OPTIMAL
ad28954,macbook-air-m4,Apple M4,10,none,,,2026-09-28T13:42:04,netlib,fit1p,627,1677,9868,ps26119,auto,1,1e-8,60.0,Optimal,1558,0.166274,9146.378092420935,9146.378092420935,HiGHS optimum (optima.csv),0.00e+00,PASS,2.71e-15,1.07e-14,9.94e-17,yes,ps26119 0.1.0 (git ad28954),"auto: simplex (rows*nnz = 6.2e+06); phase-1 iters 709, bound flips 0, refactorizations 109, Bland episodes 0, Devex resets 7, tolerance tightenings 0"
ad28954,macbook-air-m4,Apple M4,10,none,,,2026-09-28T13:42:04,netlib,fit1p,627,1677,9868,ps26119,simplex,1,1e-8,60.0,Optimal,1558,0.168569,9146.378092420935,9146.378092420935,HiGHS optimum (optima.csv),0.00e+00,PASS,2.71e-15,1.07e-14,9.94e-17,yes,ps26119 0.1.0 (git ad28954),"phase-1 iters 709, bound flips 0, refactorizations 109, Bland episodes 0, Devex resets 7, tolerance tightenings 0"
ad28954,macbook-air-m4,Apple M4,10,none,,,2026-09-28T13:42:04,netlib,fit1p,627,1677,9868,ps26119,r2hpdhg,1,1e-8,60.0,Optimal,27584,0.365808,9146.3780921496527,9146.378092420935,HiGHS optimum (optima.csv),2.97e-11,PASS,2.36e-08,1.27e-07,2.01e-11,yes,ps26119 0.1.0 (git ad28954),
ad28954,macbook-air-m4,Apple M4,10,none,,,2026-09-28T13:42:04,netlib,fit1p,627,1677,9868,ps26119,r2hpdhg,10,1e-8,60.0,Optimal,27584,0.366130,9146.3780921496527,9146.378092420935,HiGHS optimum (optima.csv),2.97e-11,PASS,2.36e-08,1.27e-07,2.01e-11,yes,ps26119 0.1.0 (git ad28954),
ad28954,macbook-air-m4,Apple M4,10,none,,,2026-09-28T13:42:04,netlib,fit1p,627,1677,9868,highs,simplex,default,HiGHS defaults (1e-7 feasibility),60.0,Optimal,860,0.019488,9146.378092420935,9146.378092420935,HiGHS optimum (optima.csv),0.00e+00,PASS,5.58e-15,4.27e-13,0.00e+00,yes,HiGHS 1.15.1,HiGHS model status kOptimal
ad28954,macbook-air-m4,Apple M4,10,none,,,2026-09-28T13:42:04,netlib,fit1p,627,1677,9868,highs,ipm,default,HiGHS defaults (1e-7 feasibility),60.0,Optimal,17,0.018114,9146.378092420933,9146.378092420935,HiGHS optimum (optima.csv),1.99e-16,PASS,2.71e-15,3.55e-15,9.94e-17,yes,HiGHS 1.15.1,HiGHS model status kOptimal
ad28954,macbook-air-m4,Apple M4,10,none,,,2026-09-28T13:42:04,netlib,fit1p,627,1677,9868,highs,pdlp,default,1e-8 (pdlp_optimality_tolerance),60.0,Optimal,23200,0.409860,9146.378090480337,9146.378092420935,HiGHS optimum (optima.csv),2.12e-10,FAIL,4.81e-08,1.17e-06,4.31e-10,no,HiGHS 1.15.1,HiGHS model status kOptimal
ad28954,macbook-air-m4,Apple M4,10,none,,,2026-09-28T13:42:04,netlib,fit1p,627,1677,9868,ortools,glop,default,OR-Tools defaults,60.0,Optimal,,0.009293,9146.378092420928,9146.378092420935,HiGHS optimum (optima.csv),7.95e-16,PASS,2.71e-15,7.08e-14,6.96e-16,yes,OR-Tools 9.15.6755,OR-Tools status OPTIMAL
ad28954,macbook-air-m4,Apple M4,10,none,,,2026-09-28T13:42:04,netlib,fit1p,627,1677,9868,ortools,pdlp,default,1e-8 (PDLP relative + absolute),60.0,Optimal,,0.784301,9146.378091582557,9146.378092420935,HiGHS optimum (optima.csv),9.17e-11,PASS,8.19e-08,1.13e-07,1.57e-09,yes,OR-Tools 9.15.6755,OR-Tools status OPTIMAL
ad28954,macbook-air-m4,Apple M4,10,none,,,2026-09-28T13:42:04,netlib,fit2d,25,10500,129018,ps26119,auto,1,1e-8,60.0,Optimal,9016,1.445123,-68464.293293832103,-68464.2932938321,HiGHS optimum (optima.csv),0.00e+00,PASS,4.41e-13,0.00e+00,0.00e+00,yes,ps26119 0.1.0 (git ad28954),"auto: simplex (rows*nnz = 3.2e+06); phase-1 iters 0, bound flips 18, refactorizations 303, Bland episodes 0, Devex resets 60, tolerance tightenings 0"
ad28954,macbook-air-m4,Apple M4,10,none,,,2026-09-28T13:42:04,netlib,fit2d,25,10500,129018,ps26119,simplex,1,1e-8,60.0,Optimal,9016,1.446951,-68464.293293832103,-68464.2932938321,HiGHS optimum (optima.csv),0.00e+00,PASS,4.41e-13,0.00e+00,0.00e+00,yes,ps26119 0.1.0 (git ad28954),"phase-1 iters 0, bound flips 18, refactorizations 303, Bland episodes 0, Devex resets 60, tolerance tightenings 0"
ad28954,macbook-air-m4,Apple M4,10,none,,,2026-09-28T13:42:04,netlib,fit2d,25,10500,129018,ps26119,r2hpdhg,1,1e-8,60.0,TimeLimit,336064,60.009178,-68463.18552398296,-68464.2932938321,HiGHS optimum (optima.csv),1.62e-05,FAIL,2.26e-04,9.16e-19,1.29e-05,no,ps26119 0.1.0 (git ad28954),
ad28954,macbook-air-m4,Apple M4,10,none,,,2026-09-28T13:42:04,netlib,fit2d,25,10500,129018,ps26119,r2hpdhg,10,1e-8,60.0,TimeLimit,309296,60.009615,-68462.934525066521,-68464.2932938321,HiGHS optimum (optima.csv),1.98e-05,FAIL,2.65e-03,9.77e-19,1.54e-05,no,ps26119 0.1.0 (git ad28954),
ad28954,macbook-air-m4,Apple M4,10,none,,,2026-09-28T13:42:04,netlib,fit2d,25,10500,129018,highs,simplex,default,HiGHS defaults (1e-7 feasibility),60.0,Optimal,129,0.072563,-68464.2932938321,-68464.2932938321,HiGHS optimum (optima.csv),0.00e+00,PASS,4.41e-13,0.00e+00,0.00e+00,yes,HiGHS 1.15.1,HiGHS model status kOptimal
ad28954,macbook-air-m4,Apple M4,10,none,,,2026-09-28T13:42:04,netlib,fit2d,25,10500,129018,highs,ipm,default,HiGHS defaults (1e-7 feasibility),60.0,Optimal,22,0.152687,-68464.2932938321,-68464.2932938321,HiGHS optimum (optima.csv),0.00e+00,PASS,4.41e-13,0.00e+00,0.00e+00,yes,HiGHS 1.15.1,HiGHS model status kOptimal
ad28954,macbook-air-m4,Apple M4,10,none,,,2026-09-28T13:42:04,netlib,fit2d,25,10500,129018,highs,pdlp,default,1e-8 (pdlp_optimality_tolerance),60.0,Optimal,6000,1.015604,-68464.2932936152,-68464.2932938321,HiGHS optimum (optima.csv),3.17e-12,PASS,7.01e-08,0.00e+00,1.80e-12,yes,HiGHS 1.15.1,HiGHS model status kOptimal
ad28954,macbook-air-m4,Apple M4,10,none,,,2026-09-28T13:42:04,netlib,fit2d,25,10500,129018,ortools,glop,default,OR-Tools defaults,60.0,Optimal,,0.770914,-68464.29329383196,-68464.2932938321,HiGHS optimum (optima.csv),2.13e-15,PASS,7.08e-12,0.00e+00,8.50e-16,yes,OR-Tools 9.15.6755,OR-Tools status OPTIMAL
ad28954,macbook-air-m4,Apple M4,10,none,,,2026-09-28T13:42:04,netlib,fit2d,25,10500,129018,ortools,pdlp,default,1e-8 (PDLP relative + absolute),60.0,Optimal,,10.174670,-68464.29329378196,-68464.2932938321,HiGHS optimum (optima.csv),7.32e-13,PASS,7.72e-09,0.00e+00,3.70e-13,yes,OR-Tools 9.15.6755,OR-Tools status OPTIMAL
ad28954,macbook-air-m4,Apple M4,10,none,,,2026-09-28T13:42:04,netlib,fit2p,3000,13525,50284,ps26119,auto,1,1e-8,60.0,Optimal,15066,18.151703,68464.29329383219,68464.29329383212,HiGHS optimum (optima.csv),1.06e-15,PASS,1.60e-14,2.60e-12,0.00e+00,yes,ps26119 0.1.0 (git ad28954),"auto: simplex (rows*nnz = 1.5e+08); phase-1 iters 7498, bound flips 294, refactorizations 816, Bland episodes 0, Devex resets 28, tolerance tightenings 0"
ad28954,macbook-air-m4,Apple M4,10,none,,,2026-09-28T13:42:04,netlib,fit2p,3000,13525,50284,ps26119,simplex,1,1e-8,60.0,Optimal,15066,18.131751,68464.29329383219,68464.29329383212,HiGHS optimum (optima.csv),1.06e-15,PASS,1.60e-14,2.60e-12,0.00e+00,yes,ps26119 0.1.0 (git ad28954),"phase-1 iters 7498, bound flips 294, refactorizations 816, Bland episodes 0, Devex resets 28, tolerance tightenings 0"
ad28954,macbook-air-m4,Apple M4,10,none,,,2026-09-28T13:42:04,netlib,fit2p,3000,13525,50284,ps26119,r2hpdhg,1,1e-8,60.0,Optimal,48576,3.830274,68464.293293804294,68464.29329383212,HiGHS optimum (optima.csv),4.06e-13,PASS,2.08e-08,2.35e-07,2.21e-11,yes,ps26119 0.1.0 (git ad28954),
ad28954,macbook-air-m4,Apple M4,10,none,,,2026-09-28T13:42:04,netlib,fit2p,3000,13525,50284,ps26119,r2hpdhg,10,1e-8,60.0,Optimal,48576,3.705027,68464.293293804294,68464.29329383212,HiGHS optimum (optima.csv),4.06e-13,PASS,2.08e-08,2.35e-07,2.21e-11,yes,ps26119 0.1.0 (git ad28954),
ad28954,macbook-air-m4,Apple M4,10,none,,,2026-09-28T13:42:04,netlib,fit2p,3000,13525,50284,highs,simplex,default,HiGHS defaults (1e-7 feasibility),60.0,Optimal,4881,0.444935,68464.29329383212,68464.29329383212,HiGHS optimum (optima.csv),0.00e+00,PASS,2.29e-13,3.72e-12,0.00e+00,yes,HiGHS 1.15.1,HiGHS model status kOptimal
ad28954,macbook-air-m4,Apple M4,10,none,,,2026-09-28T13:42:04,netlib,fit2p,3000,13525,50284,highs,ipm,default,HiGHS defaults (1e-7 feasibility),60.0,Optimal,20,0.187179,68464.29329383222,68464.29329383212,HiGHS optimum (optima.csv),1.49e-15,PASS,1.42e-14,1.59e-12,0.00e+00,yes,HiGHS 1.15.1,HiGHS model status kOptimal
ad28954,macbook-air-m4,Apple M4,10,none,,,2026-09-28T13:42:04,netlib,fit2p,3000,13525,50284,highs,pdlp,default,1e-8 (pdlp_optimality_tolerance),60.0,NotSolved,30000,3.818450,68464.29318372103,68464.29329383212,HiGHS optimum (optima.csv),1.61e-09,FAIL,nan,nan,nan,no,HiGHS 1.15.1,HiGHS model status kUnknown
ad28954,macbook-air-m4,Apple M4,10,none,,,2026-09-28T13:42:04,netlib,fit2p,3000,13525,50284,ortools,glop,default,OR-Tools defaults,60.0,Optimal,,0.228339,68464.29329383207,68464.29329383212,HiGHS optimum (optima.csv),6.38e-16,PASS,1.42e-14,6.29e-11,2.13e-16,yes,OR-Tools 9.15.6755,OR-Tools status OPTIMAL
ad28954,macbook-air-m4,Apple M4,10,none,,,2026-09-28T13:42:04,netlib,fit2p,3000,13525,50284,ortools,pdlp,default,1e-8 (PDLP relative + absolute),60.0,Optimal,,9.420873,68464.29329326199,68464.29329383212,HiGHS optimum (optima.csv),8.33e-12,PASS,2.94e-07,2.64e-07,3.59e-10,yes,OR-Tools 9.15.6755,OR-Tools status OPTIMAL
ad28954,macbook-air-m4,Apple M4,10,none,,,2026-09-28T13:42:04,netlib,forplan,161,421,4563,ps26119,auto,1,1e-8,60.0,Optimal,215,0.004510,-664.21896127220464,-664.2189612722036,HiGHS optimum (optima.csv),1.54e-15,PASS,1.59e-12,3.53e-16,0.00e+00,yes,ps26119 0.1.0 (git ad28954),"auto: simplex (rows*nnz = 7.3e+05); phase-1 iters 133, bound flips 0, refactorizations 15, Bland episodes 0, Devex resets 4, tolerance tightenings 0; presolve removed 27 rows, 3 cols"
ad28954,macbook-air-m4,Apple M4,10,none,,,2026-09-28T13:42:04,netlib,forplan,161,421,4563,ps26119,simplex,1,1e-8,60.0,Optimal,215,0.004537,-664.21896127220464,-664.2189612722036,HiGHS optimum (optima.csv),1.54e-15,PASS,1.59e-12,3.53e-16,0.00e+00,yes,ps26119 0.1.0 (git ad28954),"phase-1 iters 133, bound flips 0, refactorizations 15, Bland episodes 0, Devex resets 4, tolerance tightenings 0; presolve removed 27 rows, 3 cols"
ad28954,macbook-air-m4,Apple M4,10,none,,,2026-09-28T13:42:04,netlib,forplan,161,421,4563,ps26119,r2hpdhg,1,1e-8,60.0,Optimal,166208,0.794225,-664.21896235047961,-664.2189612722036,HiGHS optimum (optima.csv),1.62e-09,PASS,3.78e-07,5.75e-09,1.93e-09,yes,ps26119 0.1.0 (git ad28954),"presolve removed 27 rows, 3 cols"
ad28954,macbook-air-m4,Apple M4,10,none,,,2026-09-28T13:42:04,netlib,forplan,161,421,4563,ps26119,r2hpdhg,10,1e-8,60.0,Optimal,166208,0.787860,-664.21896235047961,-664.2189612722036,HiGHS optimum (optima.csv),1.62e-09,PASS,3.78e-07,5.75e-09,1.93e-09,yes,ps26119 0.1.0 (git ad28954),"presolve removed 27 rows, 3 cols"
ad28954,macbook-air-m4,Apple M4,10,none,,,2026-09-28T13:42:04,netlib,forplan,161,421,4563,highs,simplex,default,HiGHS defaults (1e-7 feasibility),60.0,Optimal,185,0.002872,-664.2189612722036,-664.2189612722036,HiGHS optimum (optima.csv),0.00e+00,PASS,2.05e-12,7.56e-16,0.00e+00,yes,HiGHS 1.15.1,HiGHS model status kOptimal
ad28954,macbook-air-m4,Apple M4,10,none,,,2026-09-28T13:42:04,netlib,forplan,161,421,4563,highs,ipm,default,HiGHS defaults (1e-7 feasibility),60.0,Optimal,23,0.007851,-664.2189612722029,-664.2189612722036,HiGHS optimum (optima.csv),1.03e-15,PASS,1.59e-12,6.45e-15,8.55e-17,yes,HiGHS 1.15.1,HiGHS model status kOptimal
ad28954,macbook-air-m4,Apple M4,10,none,,,2026-09-28T13:42:04,netlib,forplan,161,421,4563,highs,pdlp,default,1e-8 (pdlp_optimality_tolerance),60.0,Optimal,1114280,2.462882,-664.2189560576114,-664.2189612722036,HiGHS optimum (optima.csv),7.84e-09,FAIL,2.45e-06,3.83e-09,9.23e-10,no,HiGHS 1.15.1,HiGHS model status kOptimal
ad28954,macbook-air-m4,Apple M4,10,none,,,2026-09-28T13:42:04,netlib,forplan,161,421,4563,ortools,glop,default,OR-Tools defaults,60.0,Optimal,,0.002070,-664.2189612722024,-664.2189612722036,HiGHS optimum (optima.csv),1.88e-15,PASS,4.55e-13,3.23e-15,1.37e-15,yes,OR-Tools 9.15.6755,OR-Tools status OPTIMAL
ad28954,macbook-air-m4,Apple M4,10,none,,,2026-09-28T13:42:04,netlib,forplan,161,421,4563,ortools,pdlp,default,1e-8 (PDLP relative + absolute),60.0,Optimal,,8.796761,-664.218948812468,-664.2189612722036,HiGHS optimum (optima.csv),1.87e-08,PASS,5.10e-08,4.78e-10,8.88e-09,yes,OR-Tools 9.15.6755,OR-Tools status OPTIMAL
ad28954,macbook-air-m4,Apple M4,10,none,,,2026-09-28T13:42:04,netlib,ganges,1309,1681,6912,ps26119,auto,1,1e-8,60.0,Optimal,1544,0.037141,-109585.73612927849,-109585.73612927801,HiGHS optimum (optima.csv),4.38e-15,PASS,1.17e-11,2.31e-14,1.59e-15,yes,ps26119 0.1.0 (git ad28954),"auto: simplex (rows*nnz = 9e+06); phase-1 iters 1265, bound flips 109, refactorizations 17, Bland episodes 0, Devex resets 6, tolerance tightenings 0; presolve removed 184 rows, 184 cols"
ad28954,macbook-air-m4,Apple M4,10,none,,,2026-09-28T13:42:04,netlib,ganges,1309,1681,6912,ps26119,simplex,1,1e-8,60.0,Optimal,1544,0.037644,-109585.73612927849,-109585.73612927801,HiGHS optimum (optima.csv),4.38e-15,PASS,1.17e-11,2.31e-14,1.59e-15,yes,ps26119 0.1.0 (git ad28954),"phase-1 iters 1265, bound flips 109, refactorizations 17, Bland episodes 0, Devex resets 6, tolerance tightenings 0; presolve removed 184 rows, 184 cols"
ad28954,macbook-air-m4,Apple M4,10,none,,,2026-09-28T13:42:04,netlib,ganges,1309,1681,6912,ps26119,r2hpdhg,1,1e-8,60.0,Optimal,172928,1.338304,-109585.73649807481,-109585.73612927801,HiGHS optimum (optima.csv),3.37e-09,PASS,2.88e-08,1.23e-08,6.35e-09,yes,ps26119 0.1.0 (git ad28954),"presolve removed 184 rows, 184 cols"
ad28954,macbook-air-m4,Apple M4,10,none,,,2026-09-28T13:42:04,netlib,ganges,1309,1681,6912,ps26119,r2hpdhg,10,1e-8,60.0,Optimal,172928,1.347193,-109585.73649807481,-109585.73612927801,HiGHS optimum (optima.csv),3.37e-09,PASS,2.88e-08,1.23e-08,6.35e-09,yes,ps26119 0.1.0 (git ad28954),"presolve removed 184 rows, 184 cols"
ad28954,macbook-air-m4,Apple M4,10,none,,,2026-09-28T13:42:04,netlib,ganges,1309,1681,6912,highs,simplex,default,HiGHS defaults (1e-7 feasibility),60.0,Optimal,513,0.005916,-109585.73612927801,-109585.73612927801,HiGHS optimum (optima.csv),0.00e+00,PASS,1.17e-11,1.67e-14,2.72e-15,yes,HiGHS 1.15.1,HiGHS model status kOptimal
ad28954,macbook-air-m4,Apple M4,10,none,,,2026-09-28T13:42:04,netlib,ganges,1309,1681,6912,highs,ipm,default,HiGHS defaults (1e-7 feasibility),60.0,Optimal,21,0.012594,-109585.73612927803,-109585.73612927801,HiGHS optimum (optima.csv),1.33e-16,PASS,1.17e-11,2.72e-14,5.25e-15,yes,HiGHS 1.15.1,HiGHS model status kOptimal
ad28954,macbook-air-m4,Apple M4,10,none,,,2026-09-28T13:42:04,netlib,ganges,1309,1681,6912,highs,pdlp,default,1e-8 (pdlp_optimality_tolerance),60.0,TimeLimit,9859679,60.155531,0.0,-109585.73612927801,HiGHS optimum (optima.csv),1.00e+00,FAIL,nan,nan,nan,no,HiGHS 1.15.1,HiGHS model status kTimeLimit
ad28954,macbook-air-m4,Apple M4,10,none,,,2026-09-28T13:42:04,netlib,ganges,1309,1681,6912,ortools,glop,default,OR-Tools defaults,60.0,Optimal,,0.006194,-109585.73612927838,-109585.73612927801,HiGHS optimum (optima.csv),3.32e-15,PASS,1.17e-11,5.68e-14,5.64e-15,yes,OR-Tools 9.15.6755,OR-Tools status OPTIMAL
ad28954,macbook-air-m4,Apple M4,10,none,,,2026-09-28T13:42:04,netlib,ganges,1309,1681,6912,ortools,pdlp,default,1e-8 (PDLP relative + absolute),60.0,Optimal,,2.565827,-109585.73617493492,-109585.73612927801,HiGHS optimum (optima.csv),4.17e-10,PASS,3.16e-09,4.60e-10,9.66e-09,yes,OR-Tools 9.15.6755,OR-Tools status OPTIMAL
ad28954,macbook-air-m4,Apple M4,10,none,,,2026-09-28T13:42:04,netlib,gfrd-pnc,616,1092,2377,ps26119,auto,1,1e-8,60.0,Optimal,824,0.011040,6902235.9995488124,6902235.999548812,HiGHS optimum (optima.csv),0.00e+00,PASS,2.96e-12,8.25e-20,6.75e-17,yes,ps26119 0.1.0 (git ad28954),"auto: simplex (rows*nnz = 1.5e+06); phase-1 iters 420, bound flips 116, refactorizations 15, Bland episodes 0, Devex resets 0, tolerance tightenings 0; presolve removed 26 rows, 26 cols"
ad28954,macbook-air-m4,Apple M4,10,none,,,2026-09-28T13:42:04,netlib,gfrd-pnc,616,1092,2377,ps26119,simplex,1,1e-8,60.0,Optimal,824,0.011045,6902235.9995488124,6902235.999548812,HiGHS optimum (optima.csv),0.00e+00,PASS,2.96e-12,8.25e-20,6.75e-17,yes,ps26119 0.1.0 (git ad28954),"phase-1 iters 420, bound flips 116, refactorizations 15, Bland episodes 0, Devex resets 0, tolerance tightenings 0; presolve removed 26 rows, 26 cols"
ad28954,macbook-air-m4,Apple M4,10,none,,,2026-09-28T13:42:04,netlib,gfrd-pnc,616,1092,2377,ps26119,r2hpdhg,1,1e-8,60.0,Optimal,81728,0.306009,6902236.0012609102,6902235.999548812,HiGHS optimum (optima.csv),2.48e-10,PASS,9.92e-07,7.63e-15,1.15e-10,yes,ps26119 0.1.0 (git ad28954),"presolve removed 26 rows, 26 cols"
ad28954,macbook-air-m4,Apple M4,10,none,,,2026-09-28T13:42:04,netlib,gfrd-pnc,616,1092,2377,ps26119,r2hpdhg,10,1e-8,60.0,Optimal,81728,0.307240,6902236.0012609102,6902235.999548812,HiGHS optimum (optima.csv),2.48e-10,PASS,9.92e-07,7.63e-15,1.15e-10,yes,ps26119 0.1.0 (git ad28954),"presolve removed 26 rows, 26 cols"
ad28954,macbook-air-m4,Apple M4,10,none,,,2026-09-28T13:42:04,netlib,gfrd-pnc,616,1092,2377,highs,simplex,default,HiGHS defaults (1e-7 feasibility),60.0,Optimal,303,0.003022,6902235.999548812,6902235.999548812,HiGHS optimum (optima.csv),0.00e+00,PASS,3.87e-12,8.25e-20,0.00e+00,yes,HiGHS 1.15.1,HiGHS model status kOptimal
ad28954,macbook-air-m4,Apple M4,10,none,,,2026-09-28T13:42:04,netlib,gfrd-pnc,616,1092,2377,highs,ipm,default,HiGHS defaults (1e-7 feasibility),60.0,Optimal,17,0.006628,6902235.999548812,6902235.999548812,HiGHS optimum (optima.csv),0.00e+00,PASS,3.64e-12,8.25e-20,6.75e-17,yes,HiGHS 1.15.1,HiGHS model status kOptimal
ad28954,macbook-air-m4,Apple M4,10,none,,,2026-09-28T13:42:04,netlib,gfrd-pnc,616,1092,2377,highs,pdlp,default,1e-8 (pdlp_optimality_tolerance),60.0,Optimal,123080,0.607179,6902235.995375604,6902235.999548812,HiGHS optimum (optima.csv),6.05e-10,FAIL,3.79e-04,2.87e-12,3.02e-10,no,HiGHS 1.15.1,HiGHS model status kOptimal
ad28954,macbook-air-m4,Apple M4,10,none,,,2026-09-28T13:42:04,netlib,gfrd-pnc,616,1092,2377,ortools,glop,default,OR-Tools defaults,60.0,Optimal,,0.004512,6902235.999548809,6902235.999548812,HiGHS optimum (optima.csv),5.40e-16,PASS,1.09e-11,3.82e-19,6.75e-17,yes,OR-Tools 9.15.6755,OR-Tools status OPTIMAL
ad28954,macbook-air-m4,Apple M4,10,none,,,2026-09-28T13:42:04,netlib,gfrd-pnc,616,1092,2377,ortools,pdlp,default,1e-8 (PDLP relative + absolute),60.0,Optimal,,0.648413,6902236.04194218,6902235.999548812,HiGHS optimum (optima.csv),6.14e-09,FAIL,1.69e-05,1.94e-13,2.80e-09,no,OR-Tools 9.15.6755,OR-Tools status OPTIMAL
ad28954,macbook-air-m4,Apple M4,10,none,,,2026-09-28T13:42:04,netlib,greenbea,2392,5405,30877,ps26119,auto,1,1e-8,60.0,Optimal,17874,2.212479,-72555248.129846036,-72555248.12984599,HiGHS optimum (optima.csv),6.16e-16,PASS,4.44e-08,1.53e-13,3.08e-16,yes,ps26119 0.1.0 (git ad28954),"auto: simplex (rows*nnz = 7.4e+07); phase-1 iters 3856, bound flips 80, refactorizations 428, Bland episodes 0, Devex resets 486, tolerance tightenings 2; presolve removed 76 rows, 176 cols"
ad28954,macbook-air-m4,Apple M4,10,none,,,2026-09-28T13:42:04,netlib,greenbea,2392,5405,30877,ps26119,simplex,1,1e-8,60.0,Optimal,17874,2.203739,-72555248.129846036,-72555248.12984599,HiGHS optimum (optima.csv),6.16e-16,PASS,4.44e-08,1.53e-13,3.08e-16,yes,ps26119 0.1.0 (git ad28954),"phase-1 iters 3856, bound flips 80, refactorizations 428, Bland episodes 0, Devex resets 486, tolerance tightenings 2; presolve removed 76 rows, 176 cols"
ad28954,macbook-air-m4,Apple M4,10,none,,,2026-09-28T13:42:04,netlib,greenbea,2392,5405,30877,ps26119,r2hpdhg,1,1e-8,60.0,TimeLimit,1752403,60.009566,-72099873.692251042,-72555248.12984599,HiGHS optimum (optima.csv),6.28e-03,FAIL,2.33e+00,1.05e-03,1.98e-03,no,ps26119 0.1.0 (git ad28954),"presolve removed 76 rows, 176 cols"
ad28954,macbook-air-m4,Apple M4,10,none,,,2026-09-28T13:42:04,netlib,greenbea,2392,5405,30877,ps26119,r2hpdhg,10,1e-8,60.0,TimeLimit,1762408,60.009597,-72102803.893239811,-72555248.12984599,HiGHS optimum (optima.csv),6.24e-03,FAIL,2.31e+00,9.64e-04,2.26e-03,no,ps26119 0.1.0 (git ad28954),"presolve removed 76 rows, 176 cols"
ad28954,macbook-air-m4,Apple M4,10,none,,,2026-09-28T13:42:04,netlib,greenbea,2392,5405,30877,highs,simplex,default,HiGHS defaults (1e-7 feasibility),60.0,Optimal,2530,0.109716,-72555248.12984599,-72555248.12984599,HiGHS optimum (optima.csv),0.00e+00,PASS,1.46e-08,2.91e-12,2.05e-16,yes,HiGHS 1.15.1,HiGHS model status kOptimal
ad28954,macbook-air-m4,Apple M4,10,none,,,2026-09-28T13:42:04,netlib,greenbea,2392,5405,30877,highs,ipm,default,HiGHS defaults (1e-7 feasibility),60.0,Optimal,47,0.132387,-72555248.129846,-72555248.12984599,HiGHS optimum (optima.csv),2.05e-16,PASS,1.46e-08,1.12e-13,1.03e-16,yes,HiGHS 1.15.1,HiGHS model status kOptimal
ad28954,macbook-air-m4,Apple M4,10,none,,,2026-09-28T13:42:04,netlib,greenbea,2392,5405,30877,highs,pdlp,default,1e-8 (pdlp_optimality_tolerance),60.0,TimeLimit,1845490,60.143285,0.0,-72555248.12984599,HiGHS optimum (optima.csv),1.00e+00,FAIL,nan,nan,nan,no,HiGHS 1.15.1,HiGHS model status kTimeLimit
ad28954,macbook-air-m4,Apple M4,10,none,,,2026-09-28T13:42:04,netlib,greenbea,2392,5405,30877,ortools,glop,default,OR-Tools defaults,60.0,Optimal,,0.209659,-72555248.12984592,-72555248.12984599,HiGHS optimum (optima.csv),1.03e-15,PASS,6.14e-08,2.80e-13,4.55e-14,yes,OR-Tools 9.15.6755,OR-Tools status OPTIMAL
ad28954,macbook-air-m4,Apple M4,10,none,,,2026-09-28T13:42:04,netlib,greenbea,2392,5405,30877,ortools,pdlp,default,1e-8 (PDLP relative + absolute),60.0,NotSolved,,60.002784,nan,-72555248.12984599,HiGHS optimum (optima.csv),nan,FAIL,nan,nan,nan,no,OR-Tools 9.15.6755,OR-Tools status NOT_SOLVED
ad28954,macbook-air-m4,Apple M4,10,none,,,2026-09-28T13:42:04,netlib,greenbeb,2392,5405,30877,ps26119,auto,1,1e-8,60.0,Optimal,11007,1.285462,-4302260.2612065859,-4302260.261206586,HiGHS optimum (optima.csv),0.00e+00,PASS,1.34e-11,1.75e-14,0.00e+00,yes,ps26119 0.1.0 (git ad28954),"auto: simplex (rows*nnz = 7.4e+07); phase-1 iters 4508, bound flips 48, refactorizations 251, Bland episodes 0, Devex resets 283, tolerance tightenings 2; presolve removed 78 rows, 190 cols"
ad28954,macbook-air-m4,Apple M4,10,none,,,2026-09-28T13:42:04,netlib,greenbeb,2392,5405,30877,ps26119,simplex,1,1e-8,60.0,Optimal,11007,1.290184,-4302260.2612065859,-4302260.261206586,HiGHS optimum (optima.csv),0.00e+00,PASS,1.34e-11,1.75e-14,0.00e+00,yes,ps26119 0.1.0 (git ad28954),"phase-1 iters 4508, bound flips 48, refactorizations 251, Bland episodes 0, Devex resets 283, tolerance tightenings 2; presolve removed 78 rows, 190 cols"
ad28954,macbook-air-m4,Apple M4,10,none,,,2026-09-28T13:42:04,netlib,greenbeb,2392,5405,30877,ps26119,r2hpdhg,1,1e-8,60.0,TimeLimit,1756596,60.008798,-4302221.0437493213,-4302260.261206586,HiGHS optimum (optima.csv),9.12e-06,FAIL,2.04e-02,2.41e-04,3.78e-06,no,ps26119 0.1.0 (git ad28954),"presolve removed 78 rows, 190 cols"
ad28954,macbook-air-m4,Apple M4,10,none,,,2026-09-28T13:42:04,netlib,greenbeb,2392,5405,30877,ps26119,r2hpdhg,10,1e-8,60.0,TimeLimit,1752833,60.008878,-4302207.9909191122,-4302260.261206586,HiGHS optimum (optima.csv),1.21e-05,FAIL,3.35e-02,2.50e-04,5.30e-06,no,ps26119 0.1.0 (git ad28954),"presolve removed 78 rows, 190 cols"
ad28954,macbook-air-m4,Apple M4,10,none,,,2026-09-28T13:42:04,netlib,greenbeb,2392,5405,30877,highs,simplex,default,HiGHS defaults (1e-7 feasibility),60.0,Optimal,4877,0.209957,-4302260.261206586,-4302260.261206586,HiGHS optimum (optima.csv),0.00e+00,PASS,1.35e-11,2.24e-14,1.08e-16,yes,HiGHS 1.15.1,HiGHS model status kOptimal
ad28954,macbook-air-m4,Apple M4,10,none,,,2026-09-28T13:42:04,netlib,greenbeb,2392,5405,30877,highs,ipm,default,HiGHS defaults (1e-7 feasibility),60.0,Optimal,36,0.118718,-4302260.261206586,-4302260.261206586,HiGHS optimum (optima.csv),0.00e+00,PASS,9.89e-12,2.24e-14,0.00e+00,yes,HiGHS 1.15.1,HiGHS model status kOptimal
ad28954,macbook-air-m4,Apple M4,10,none,,,2026-09-28T13:42:04,netlib,greenbeb,2392,5405,30877,highs,pdlp,default,1e-8 (pdlp_optimality_tolerance),60.0,Optimal,476680,15.507792,-4302260.1757242475,-4302260.261206586,HiGHS optimum (optima.csv),1.99e-08,FAIL,6.19e-04,1.44e-09,9.95e-09,no,HiGHS 1.15.1,HiGHS model status kOptimal
ad28954,macbook-air-m4,Apple M4,10,none,,,2026-09-28T13:42:04,netlib,greenbeb,2392,5405,30877,ortools,glop,default,OR-Tools defaults,60.0,Optimal,,0.114015,-4302260.261206587,-4302260.261206586,HiGHS optimum (optima.csv),2.16e-16,PASS,3.54e-11,3.52e-15,1.08e-16,yes,OR-Tools 9.15.6755,OR-Tools status OPTIMAL
ad28954,macbook-air-m4,Apple M4,10,none,,,2026-09-28T13:42:04,netlib,greenbeb,2392,5405,30877,ortools,pdlp,default,1e-8 (PDLP relative + absolute),60.0,NotSolved,,60.004377,nan,-4302260.261206586,HiGHS optimum (optima.csv),nan,FAIL,nan,nan,nan,no,OR-Tools 9.15.6755,OR-Tools status NOT_SOLVED
ad28954,macbook-air-m4,Apple M4,10,none,,,2026-09-28T13:42:04,netlib,grow15,300,645,5620,ps26119,auto,1,1e-8,60.0,Optimal,957,0.030444,-106870941.29357535,-106870941.29357533,HiGHS optimum (optima.csv),1.39e-16,PASS,9.90e-10,1.11e-16,1.39e-16,yes,ps26119 0.1.0 (git ad28954),"auto: simplex (rows*nnz = 1.7e+06); phase-1 iters 0, bound flips 8, refactorizations 35, Bland episodes 0, Devex resets 21, tolerance tightenings 0"
ad28954,macbook-air-m4,Apple M4,10,none,,,2026-09-28T13:42:04,netlib,grow15,300,645,5620,ps26119,simplex,1,1e-8,60.0,Optimal,957,0.030249,-106870941.29357535,-106870941.29357533,HiGHS optimum (optima.csv),1.39e-16,PASS,9.90e-10,1.11e-16,1.39e-16,yes,ps26119 0.1.0 (git ad28954),"phase-1 iters 0, bound flips 8, refactorizations 35, Bland episodes 0, Devex resets 21, tolerance tightenings 0"
ad28954,macbook-air-m4,Apple M4,10,none,,,2026-09-28T13:42:04,netlib,grow15,300,645,5620,ps26119,r2hpdhg,1,1e-8,60.0,Optimal,7232,0.039613,-106870941.29357541,-106870941.29357533,HiGHS optimum (optima.csv),6.97e-16,PASS,1.34e-09,4.18e-14,2.11e-14,yes,ps26119 0.1.0 (git ad28954),
ad28954,macbook-air-m4,Apple M4,10,none,,,2026-09-28T13:42:04,netlib,grow15,300,645,5620,ps26119,r2hpdhg,10,1e-8,60.0,Optimal,7232,0.039244,-106870941.29357541,-106870941.29357533,HiGHS optimum (optima.csv),6.97e-16,PASS,1.34e-09,4.18e-14,2.11e-14,yes,ps26119 0.1.0 (git ad28954),
ad28954,macbook-air-m4,Apple M4,10,none,,,2026-09-28T13:42:04,netlib,grow15,300,645,5620,highs,simplex,default,HiGHS defaults (1e-7 feasibility),60.0,Optimal,937,0.015351,-106870941.29357533,-106870941.29357533,HiGHS optimum (optima.csv),0.00e+00,PASS,2.49e-09,6.11e-16,9.06e-16,yes,HiGHS 1.15.1,HiGHS model status kOptimal
ad28954,macbook-air-m4,Apple M4,10,none,,,2026-09-28T13:42:04,netlib,grow15,300,645,5620,highs,ipm,default,HiGHS defaults (1e-7 feasibility),60.0,Optimal,20,0.019966,-106870941.29357536,-106870941.29357533,HiGHS optimum (optima.csv),2.79e-16,PASS,2.95e-08,1.94e-15,8.09e-15,yes,HiGHS 1.15.1,HiGHS model status kOptimal
ad28954,macbook-air-m4,Apple M4,10,none,,,2026-09-28T13:42:04,netlib,grow15,300,645,5620,highs,pdlp,default,1e-8 (pdlp_optimality_tolerance),60.0,Optimal,28120,0.212168,-106870941.29356822,-106870941.29357533,HiGHS optimum (optima.csv),6.65e-14,PASS,3.67e-08,1.69e-13,2.48e-12,yes,HiGHS 1.15.1,HiGHS model status kOptimal
ad28954,macbook-air-m4,Apple M4,10,none,,,2026-09-28T13:42:04,netlib,grow15,300,645,5620,ortools,glop,default,OR-Tools defaults,60.0,Optimal,,0.009172,-106870941.29357511,-106870941.29357533,HiGHS optimum (optima.csv),2.09e-15,PASS,4.68e-08,3.87e-14,2.79e-15,yes,OR-Tools 9.15.6755,OR-Tools status OPTIMAL
ad28954,macbook-air-m4,Apple M4,10,none,,,2026-09-28T13:42:04,netlib,grow15,300,645,5620,ortools,pdlp,default,1e-8 (PDLP relative + absolute),60.0,Optimal,,0.847765,-106870941.2935758,-106870941.29357533,HiGHS optimum (optima.csv),4.32e-15,PASS,4.25e-09,1.26e-12,4.89e-14,yes,OR-Tools 9.15.6755,OR-Tools status OPTIMAL
ad28954,macbook-air-m4,Apple M4,10,none,,,2026-09-28T13:42:04,netlib,grow22,440,946,8252,ps26119,auto,1,1e-8,60.0,Optimal,1601,0.071147,-160834336.48256299,-160834336.48256302,HiGHS optimum (optima.csv),1.85e-16,PASS,9.60e-10,1.67e-16,1.85e-16,yes,ps26119 0.1.0 (git ad28954),"auto: simplex (rows*nnz = 3.6e+06); phase-1 iters 0, bound flips 9, refactorizations 57, Bland episodes 0, Devex resets 33, tolerance tightenings 0"
ad28954,macbook-air-m4,Apple M4,10,none,,,2026-09-28T13:42:04,netlib,grow22,440,946,8252,ps26119,simplex,1,1e-8,60.0,Optimal,1601,0.073078,-160834336.48256299,-160834336.48256302,HiGHS optimum (optima.csv),1.85e-16,PASS,9.60e-10,1.67e-16,1.85e-16,yes,ps26119 0.1.0 (git ad28954),"phase-1 iters 0, bound flips 9, refactorizations 57, Bland episodes 0, Devex resets 33, tolerance tightenings 0"
ad28954,macbook-air-m4,Apple M4,10,none,,,2026-09-28T13:42:04,netlib,grow22,440,946,8252,ps26119,r2hpdhg,1,1e-8,60.0,Optimal,4928,0.039090,-160834336.4825629,-160834336.48256302,HiGHS optimum (optima.csv),7.41e-16,PASS,1.64e-09,6.06e-11,2.13e-11,yes,ps26119 0.1.0 (git ad28954),
ad28954,macbook-air-m4,Apple M4,10,none,,,2026-09-28T13:42:04,netlib,grow22,440,946,8252,ps26119,r2hpdhg,10,1e-8,60.0,Optimal,4928,0.039318,-160834336.4825629,-160834336.48256302,HiGHS optimum (optima.csv),7.41e-16,PASS,1.64e-09,6.06e-11,2.13e-11,yes,ps26119 0.1.0 (git ad28954),
ad28954,macbook-air-m4,Apple M4,10,none,,,2026-09-28T13:42:04,netlib,grow22,440,946,8252,highs,simplex,default,HiGHS defaults (1e-7 feasibility),60.0,Optimal,1934,0.043951,-160834336.48256302,-160834336.48256302,HiGHS optimum (optima.csv),0.00e+00,PASS,5.19e-09,3.89e-16,1.02e-15,yes,HiGHS 1.15.1,HiGHS model status kOptimal
ad28954,macbook-air-m4,Apple M4,10,none,,,2026-09-28T13:42:04,netlib,grow22,440,946,8252,highs,ipm,default,HiGHS defaults (1e-7 feasibility),60.0,Optimal,22,0.059331,-160834336.4825629,-160834336.48256302,HiGHS optimum (optima.csv),7.41e-16,PASS,5.36e-09,4.44e-16,2.87e-15,yes,HiGHS 1.15.1,HiGHS model status kOptimal
ad28954,macbook-air-m4,Apple M4,10,none,,,2026-09-28T13:42:04,netlib,grow22,440,946,8252,highs,pdlp,default,1e-8 (pdlp_optimality_tolerance),60.0,Optimal,12240,0.131652,-160834336.48258355,-160834336.48256302,HiGHS optimum (optima.csv),1.28e-13,PASS,4.96e-08,8.33e-16,4.42e-14,yes,HiGHS 1.15.1,HiGHS model status kOptimal
ad28954,macbook-air-m4,Apple M4,10,none,,,2026-09-28T13:42:04,netlib,grow22,440,946,8252,ortools,glop,default,OR-Tools defaults,60.0,Optimal,,0.018779,-160834336.48256293,-160834336.48256302,HiGHS optimum (optima.csv),5.56e-16,PASS,1.05e-08,6.99e-15,2.32e-15,yes,OR-Tools 9.15.6755,OR-Tools status OPTIMAL
ad28954,macbook-air-m4,Apple M4,10,none,,,2026-09-28T13:42:04,netlib,grow22,440,946,8252,ortools,pdlp,default,1e-8 (PDLP relative + absolute),60.0,Optimal,,0.706855,-160834336.48256546,-160834336.48256302,HiGHS optimum (optima.csv),1.52e-14,PASS,1.27e-09,2.39e-13,2.33e-11,yes,OR-Tools 9.15.6755,OR-Tools status OPTIMAL
ad28954,macbook-air-m4,Apple M4,10,none,,,2026-09-28T13:42:04,netlib,grow7,140,301,2612,ps26119,auto,1,1e-8,60.0,Optimal,333,0.005657,-47787811.814711504,-47787811.81471149,HiGHS optimum (optima.csv),3.12e-16,PASS,6.20e-10,1.11e-16,2.34e-16,yes,ps26119 0.1.0 (git ad28954),"auto: simplex (rows*nnz = 3.7e+05); phase-1 iters 0, bound flips 2, refactorizations 14, Bland episodes 0, Devex resets 7, tolerance tightenings 0"
ad28954,macbook-air-m4,Apple M4,10,none,,,2026-09-28T13:42:04,netlib,grow7,140,301,2612,ps26119,simplex,1,1e-8,60.0,Optimal,333,0.005651,-47787811.814711504,-47787811.81471149,HiGHS optimum (optima.csv),3.12e-16,PASS,6.20e-10,1.11e-16,2.34e-16,yes,ps26119 0.1.0 (git ad28954),"phase-1 iters 0, bound flips 2, refactorizations 14, Bland episodes 0, Devex resets 7, tolerance tightenings 0"
ad28954,macbook-air-m4,Apple M4,10,none,,,2026-09-28T13:42:04,netlib,grow7,140,301,2612,ps26119,r2hpdhg,1,1e-8,60.0,Optimal,3904,0.009372,-47787811.814711221,-47787811.81471149,HiGHS optimum (optima.csv),5.61e-15,PASS,3.83e-09,5.01e-10,1.17e-10,yes,ps26119 0.1.0 (git ad28954),
ad28954,macbook-air-m4,Apple M4,10,none,,,2026-09-28T13:42:04,netlib,grow7,140,301,2612,ps26119,r2hpdhg,10,1e-8,60.0,Optimal,3904,0.009494,-47787811.814711221,-47787811.81471149,HiGHS optimum (optima.csv),5.61e-15,PASS,3.83e-09,5.01e-10,1.17e-10,yes,ps26119 0.1.0 (git ad28954),
ad28954,macbook-air-m4,Apple M4,10,none,,,2026-09-28T13:42:04,netlib,grow7,140,301,2612,highs,simplex,default,HiGHS defaults (1e-7 feasibility),60.0,Optimal,353,0.004161,-47787811.81471149,-47787811.81471149,HiGHS optimum (optima.csv),0.00e+00,PASS,1.26e-08,1.67e-16,1.17e-15,yes,HiGHS 1.15.1,HiGHS model status kOptimal
ad28954,macbook-air-m4,Apple M4,10,none,,,2026-09-28T13:42:04,netlib,grow7,140,301,2612,highs,ipm,default,HiGHS defaults (1e-7 feasibility),60.0,Optimal,19,0.008074,-47787811.814711526,-47787811.81471149,HiGHS optimum (optima.csv),7.80e-16,PASS,2.40e-09,5.55e-16,2.73e-15,yes,HiGHS 1.15.1,HiGHS model status kOptimal
ad28954,macbook-air-m4,Apple M4,10,none,,,2026-09-28T13:42:04,netlib,grow7,140,301,2612,highs,pdlp,default,1e-8 (pdlp_optimality_tolerance),60.0,Optimal,8040,0.026263,-47787811.81471487,-47787811.81471149,HiGHS optimum (optima.csv),7.08e-14,PASS,2.49e-08,2.50e-13,4.51e-13,yes,HiGHS 1.15.1,HiGHS model status kOptimal
ad28954,macbook-air-m4,Apple M4,10,none,,,2026-09-28T13:42:04,netlib,grow7,140,301,2612,ortools,glop,default,OR-Tools defaults,60.0,Optimal,,0.002728,-47787811.81471209,-47787811.81471149,HiGHS optimum (optima.csv),1.26e-14,PASS,1.33e-08,2.16e-15,2.68e-14,yes,OR-Tools 9.15.6755,OR-Tools status OPTIMAL
ad28954,macbook-air-m4,Apple M4,10,none,,,2026-09-28T13:42:04,netlib,grow7,140,301,2612,ortools,pdlp,default,1e-8 (PDLP relative + absolute),60.0,Optimal,,0.295526,-47787811.81470997,-47787811.81471149,HiGHS optimum (optima.csv),3.18e-14,PASS,3.30e-09,2.78e-16,1.85e-14,yes,OR-Tools 9.15.6755,OR-Tools status OPTIMAL
ad28954,macbook-air-m4,Apple M4,10,none,,,2026-09-28T13:42:04,netlib,israel,174,142,2269,ps26119,auto,1,1e-8,60.0,Optimal,179,0.003419,-896644.82186304603,-896644.8218630461,HiGHS optimum (optima.csv),1.30e-16,PASS,6.59e-12,7.56e-17,1.95e-16,yes,ps26119 0.1.0 (git ad28954),"auto: simplex (rows*nnz = 3.9e+05); phase-1 iters 1, bound flips 0, refactorizations 13, Bland episodes 0, Devex resets 4, tolerance tightenings 0; presolve removed 11 rows, 0 cols"
ad28954,macbook-air-m4,Apple M4,10,none,,,2026-09-28T13:42:04,netlib,israel,174,142,2269,ps26119,simplex,1,1e-8,60.0,Optimal,179,0.003361,-896644.82186304603,-896644.8218630461,HiGHS optimum (optima.csv),1.30e-16,PASS,6.59e-12,7.56e-17,1.95e-16,yes,ps26119 0.1.0 (git ad28954),"phase-1 iters 1, bound flips 0, refactorizations 13, Bland episodes 0, Devex resets 4, tolerance tightenings 0; presolve removed 11 rows, 0 cols"
ad28954,macbook-air-m4,Apple M4,10,none,,,2026-09-28T13:42:04,netlib,israel,174,142,2269,ps26119,r2hpdhg,1,1e-8,60.0,Optimal,9344,0.021714,-896644.82184457488,-896644.8218630461,HiGHS optimum (optima.csv),2.06e-11,PASS,6.45e-07,3.36e-11,1.44e-10,yes,ps26119 0.1.0 (git ad28954),"presolve removed 11 rows, 0 cols"
ad28954,macbook-air-m4,Apple M4,10,none,,,2026-09-28T13:42:04,netlib,israel,174,142,2269,ps26119,r2hpdhg,10,1e-8,60.0,Optimal,9344,0.021629,-896644.82184457488,-896644.8218630461,HiGHS optimum (optima.csv),2.06e-11,PASS,6.45e-07,3.36e-11,1.44e-10,yes,ps26119 0.1.0 (git ad28954),"presolve removed 11 rows, 0 cols"
ad28954,macbook-air-m4,Apple M4,10,none,,,2026-09-28T13:42:04,netlib,israel,174,142,2269,highs,simplex,default,HiGHS defaults (1e-7 feasibility),60.0,Optimal,134,0.001635,-896644.8218630461,-896644.8218630461,HiGHS optimum (optima.csv),0.00e+00,PASS,3.28e-12,1.89e-17,6.49e-17,yes,HiGHS 1.15.1,HiGHS model status kOptimal
ad28954,macbook-air-m4,Apple M4,10,none,,,2026-09-28T13:42:04,netlib,israel,174,142,2269,highs,ipm,default,HiGHS defaults (1e-7 feasibility),60.0,Optimal,22,0.006500,-896644.8218630461,-896644.8218630461,HiGHS optimum (optima.csv),0.00e+00,PASS,4.29e-12,1.89e-17,6.49e-17,yes,HiGHS 1.15.1,HiGHS model status kOptimal
ad28954,macbook-air-m4,Apple M4,10,none,,,2026-09-28T13:42:04,netlib,israel,174,142,2269,highs,pdlp,default,1e-8 (pdlp_optimality_tolerance),60.0,Optimal,11440,0.029966,-896644.8270235963,-896644.8218630461,HiGHS optimum (optima.csv),5.76e-09,FAIL,7.92e-03,4.18e-08,6.26e-10,no,HiGHS 1.15.1,HiGHS model status kOptimal
ad28954,macbook-air-m4,Apple M4,10,none,,,2026-09-28T13:42:04,netlib,israel,174,142,2269,ortools,glop,default,OR-Tools defaults,60.0,Optimal,,0.001505,-896644.8218630458,-896644.8218630461,HiGHS optimum (optima.csv),3.90e-16,PASS,3.01e-12,5.67e-17,6.49e-17,yes,OR-Tools 9.15.6755,OR-Tools status OPTIMAL
ad28954,macbook-air-m4,Apple M4,10,none,,,2026-09-28T13:42:04,netlib,israel,174,142,2269,ortools,pdlp,default,1e-8 (PDLP relative + absolute),60.0,Optimal,,0.030463,-896644.8178897598,-896644.8218630461,HiGHS optimum (optima.csv),4.43e-09,FAIL,1.92e-03,5.24e-09,1.42e-09,no,OR-Tools 9.15.6755,OR-Tools status OPTIMAL
ad28954,macbook-air-m4,Apple M4,10,none,,,2026-09-28T13:42:04,netlib,kb2,43,41,286,ps26119,auto,1,1e-8,60.0,Optimal,47,0.000346,-1749.9001299062056,-1749.9001299062054,HiGHS optimum (optima.csv),1.30e-16,PASS,9.09e-13,2.76e-16,1.30e-16,yes,ps26119 0.1.0 (git ad28954),"auto: simplex (rows*nnz = 1.2e+04); phase-1 iters 0, bound flips 0, refactorizations 6, Bland episodes 0, Devex resets 1, tolerance tightenings 0"
ad28954,macbook-air-m4,Apple M4,10,none,,,2026-09-28T13:42:04,netlib,kb2,43,41,286,ps26119,simplex,1,1e-8,60.0,Optimal,47,0.000348,-1749.9001299062056,-1749.9001299062054,HiGHS optimum (optima.csv),1.30e-16,PASS,9.09e-13,2.76e-16,1.30e-16,yes,ps26119 0.1.0 (git ad28954),"phase-1 iters 0, bound flips 0, refactorizations 6, Bland episodes 0, Devex resets 1, tolerance tightenings 0"
ad28954,macbook-air-m4,Apple M4,10,none,,,2026-09-28T13:42:04,netlib,kb2,43,41,286,ps26119,r2hpdhg,1,1e-8,60.0,Optimal,21568,0.006677,-1749.9001299053036,-1749.9001299062054,HiGHS optimum (optima.csv),5.15e-13,PASS,6.99e-09,3.85e-10,6.38e-11,yes,ps26119 0.1.0 (git ad28954),
ad28954,macbook-air-m4,Apple M4,10,none,,,2026-09-28T13:42:04,netlib,kb2,43,41,286,ps26119,r2hpdhg,10,1e-8,60.0,Optimal,21568,0.006829,-1749.9001299053036,-1749.9001299062054,HiGHS optimum (optima.csv),5.15e-13,PASS,6.99e-09,3.85e-10,6.38e-11,yes,ps26119 0.1.0 (git ad28954),
ad28954,macbook-air-m4,Apple M4,10,none,,,2026-09-28T13:42:04,netlib,kb2,43,41,286,highs,simplex,default,HiGHS defaults (1e-7 feasibility),60.0,Optimal,31,0.000403,-1749.9001299062054,-1749.9001299062054,HiGHS optimum (optima.csv),0.00e+00,PASS,9.09e-13,1.82e-16,0.00e+00,yes,HiGHS 1.15.1,HiGHS model status kOptimal
ad28954,macbook-air-m4,Apple M4,10,none,,,2026-09-28T13:42:04,netlib,kb2,43,41,286,highs,ipm,default,HiGHS defaults (1e-7 feasibility),60.0,Optimal,18,0.001253,-1749.9001299062054,-1749.9001299062054,HiGHS optimum (optima.csv),0.00e+00,PASS,9.09e-13,1.82e-16,0.00e+00,yes,HiGHS 1.15.1,HiGHS model status kOptimal
ad28954,macbook-air-m4,Apple M4,10,none,,,2026-09-28T13:42:04,netlib,kb2,43,41,286,highs,pdlp,default,1e-8 (pdlp_optimality_tolerance),60.0,Optimal,29560,0.015184,-1749.900129913433,-1749.9001299062054,HiGHS optimum (optima.csv),4.13e-12,PASS,4.31e-08,8.11e-11,1.07e-11,yes,HiGHS 1.15.1,HiGHS model status kOptimal
ad28954,macbook-air-m4,Apple M4,10,none,,,2026-09-28T13:42:04,netlib,kb2,43,41,286,ortools,glop,default,OR-Tools defaults,60.0,Optimal,,0.000491,-1749.9001299062058,-1749.9001299062054,HiGHS optimum (optima.csv),2.60e-16,PASS,3.64e-12,3.30e-16,0.00e+00,yes,OR-Tools 9.15.6755,OR-Tools status OPTIMAL
ad28954,macbook-air-m4,Apple M4,10,none,,,2026-09-28T13:42:04,netlib,kb2,43,41,286,ortools,pdlp,default,1e-8 (PDLP relative + absolute),60.0,Optimal,,0.042268,-1749.900129903646,-1749.9001299062054,HiGHS optimum (optima.csv),1.46e-12,PASS,6.01e-09,3.79e-10,5.85e-11,yes,OR-Tools 9.15.6755,OR-Tools status OPTIMAL
ad28954,macbook-air-m4,Apple M4,10,none,,,2026-09-28T13:42:04,netlib,lotfi,153,308,1078,ps26119,auto,1,1e-8,60.0,Optimal,149,0.001437,-25.264706061880009,-25.264706061880002,HiGHS optimum (optima.csv),2.71e-16,PASS,5.82e-11,5.55e-17,6.89e-17,yes,ps26119 0.1.0 (git ad28954),"auto: simplex (rows*nnz = 1.6e+05); phase-1 iters 108, bound flips 0, refactorizations 8, Bland episodes 0, Devex resets 1, tolerance tightenings 0; presolve removed 19 rows, 8 cols"
ad28954,macbook-air-m4,Apple M4,10,none,,,2026-09-28T13:42:04,netlib,lotfi,153,308,1078,ps26119,simplex,1,1e-8,60.0,Optimal,149,0.001509,-25.264706061880009,-25.264706061880002,HiGHS optimum (optima.csv),2.71e-16,PASS,5.82e-11,5.55e-17,6.89e-17,yes,ps26119 0.1.0 (git ad28954),"phase-1 iters 108, bound flips 0, refactorizations 8, Bland episodes 0, Devex resets 1, tolerance tightenings 0; presolve removed 19 rows, 8 cols"
ad28954,macbook-air-m4,Apple M4,10,none,,,2026-09-28T13:42:04,netlib,lotfi,153,308,1078,ps26119,r2hpdhg,1,1e-8,60.0,Optimal,5376,0.007455,-25.264706064584342,-25.264706061880002,HiGHS optimum (optima.csv),1.03e-10,PASS,1.89e-07,1.60e-10,2.88e-10,yes,ps26119 0.1.0 (git ad28954),"presolve removed 19 rows, 8 cols"
ad28954,macbook-air-m4,Apple M4,10,none,,,2026-09-28T13:42:04,netlib,lotfi,153,308,1078,ps26119,r2hpdhg,10,1e-8,60.0,Optimal,5376,0.007414,-25.264706064584342,-25.264706061880002,HiGHS optimum (optima.csv),1.03e-10,PASS,1.89e-07,1.60e-10,2.88e-10,yes,ps26119 0.1.0 (git ad28954),"presolve removed 19 rows, 8 cols"
ad28954,macbook-air-m4,Apple M4,10,none,,,2026-09-28T13:42:04,netlib,lotfi,153,308,1078,highs,simplex,default,HiGHS defaults (1e-7 feasibility),60.0,Optimal,98,0.001220,-25.264706061880002,-25.264706061880002,HiGHS optimum (optima.csv),0.00e+00,PASS,2.91e-11,5.55e-17,2.07e-16,yes,HiGHS 1.15.1,HiGHS model status kOptimal
ad28954,macbook-air-m4,Apple M4,10,none,,,2026-09-28T13:42:04,netlib,lotfi,153,308,1078,highs,ipm,default,HiGHS defaults (1e-7 feasibility),60.0,Optimal,19,0.002932,-25.26470606188001,-25.264706061880002,HiGHS optimum (optima.csv),2.71e-16,PASS,9.31e-10,5.55e-17,6.89e-17,yes,HiGHS 1.15.1,HiGHS model status kOptimal
ad28954,macbook-air-m4,Apple M4,10,none,,,2026-09-28T13:42:04,netlib,lotfi,153,308,1078,highs,pdlp,default,1e-8 (pdlp_optimality_tolerance),60.0,Optimal,44880,0.074015,-25.264696706774334,-25.264706061880002,HiGHS optimum (optima.csv),3.56e-07,FAIL,2.79e-05,5.50e-09,2.53e-09,no,HiGHS 1.15.1,HiGHS model status kOptimal
ad28954,macbook-air-m4,Apple M4,10,none,,,2026-09-28T13:42:04,netlib,lotfi,153,308,1078,ortools,glop,default,OR-Tools defaults,60.0,Optimal,,0.000913,-25.264706061880002,-25.264706061880002,HiGHS optimum (optima.csv),0.00e+00,PASS,1.82e-12,3.05e-16,4.83e-16,yes,OR-Tools 9.15.6755,OR-Tools status OPTIMAL
ad28954,macbook-air-m4,Apple M4,10,none,,,2026-09-28T13:42:04,netlib,lotfi,153,308,1078,ortools,pdlp,default,1e-8 (PDLP relative + absolute),60.0,Optimal,,0.543422,-25.26469112599613,-25.264706061880002,HiGHS optimum (optima.csv),5.69e-07,FAIL,8.36e-06,1.17e-09,8.44e-09,no,OR-Tools 9.15.6755,OR-Tools status OPTIMAL
ad28954,macbook-air-m4,Apple M4,10,none,,,2026-09-28T13:42:04,netlib,maros-r7,3136,9408,144848,ps26119,auto,1,1e-8,60.0,Optimal,8128,1.132794,1497185.1664783671,1497185.166479642,HiGHS optimum (optima.csv),8.52e-13,PASS,1.88e-08,2.28e-07,3.43e-11,yes,ps26119 0.1.0 (git ad28954),auto: r2hpdhg (rows*nnz = 4.5e+08)
ad28954,macbook-air-m4,Apple M4,10,none,,,2026-09-28T13:42:04,netlib,maros-r7,3136,9408,144848,ps26119,simplex,1,1e-8,60.0,Optimal,4894,1.500291,1497185.1664796425,1497185.166479642,HiGHS optimum (optima.csv),3.11e-16,PASS,1.14e-13,4.41e-15,0.00e+00,yes,ps26119 0.1.0 (git ad28954),"phase-1 iters 3802, bound flips 0, refactorizations 81, Bland episodes 0, Devex resets 63, tolerance tightenings 0"
ad28954,macbook-air-m4,Apple M4,10,none,,,2026-09-28T13:42:04,netlib,maros-r7,3136,9408,144848,ps26119,r2hpdhg,1,1e-8,60.0,Optimal,8128,1.134530,1497185.1664783671,1497185.166479642,HiGHS optimum (optima.csv),8.52e-13,PASS,1.88e-08,2.28e-07,3.43e-11,yes,ps26119 0.1.0 (git ad28954),
ad28954,macbook-air-m4,Apple M4,10,none,,,2026-09-28T13:42:04,netlib,maros-r7,3136,9408,144848,ps26119,r2hpdhg,10,1e-8,60.0,Optimal,8128,1.235539,1497185.1664783671,1497185.166479642,HiGHS optimum (optima.csv),8.52e-13,PASS,1.88e-08,2.28e-07,3.43e-11,yes,ps26119 0.1.0 (git ad28954),
ad28954,macbook-air-m4,Apple M4,10,none,,,2026-09-28T13:42:04,netlib,maros-r7,3136,9408,144848,highs,simplex,default,HiGHS defaults (1e-7 feasibility),60.0,Optimal,2498,0.287994,1497185.166479642,1497185.166479642,HiGHS optimum (optima.csv),0.00e+00,PASS,6.50e-14,1.87e-15,7.78e-17,yes,HiGHS 1.15.1,HiGHS model status kOptimal
ad28954,macbook-air-m4,Apple M4,10,none,,,2026-09-28T13:42:04,netlib,maros-r7,3136,9408,144848,highs,ipm,default,HiGHS defaults (1e-7 feasibility),60.0,Optimal,16,0.238678,1497185.166479642,1497185.166479642,HiGHS optimum (optima.csv),0.00e+00,PASS,6.50e-14,1.87e-15,7.78e-17,yes,HiGHS 1.15.1,HiGHS model status kOptimal
ad28954,macbook-air-m4,Apple M4,10,none,,,2026-09-28T13:42:04,netlib,maros-r7,3136,9408,144848,highs,pdlp,default,1e-8 (pdlp_optimality_tolerance),60.0,Optimal,10800,1.043106,1497185.1642868484,1497185.166479642,HiGHS optimum (optima.csv),1.46e-09,FAIL,4.19e-05,3.02e-06,3.32e-09,no,HiGHS 1.15.1,HiGHS model status kOptimal
ad28954,macbook-air-m4,Apple M4,10,none,,,2026-09-28T13:42:04,netlib,maros-r7,3136,9408,144848,ortools,glop,default,OR-Tools defaults,60.0,Optimal,,0.296000,1497185.1664796472,1497185.166479642,HiGHS optimum (optima.csv),3.42e-15,PASS,2.53e-12,6.52e-14,2.18e-15,yes,OR-Tools 9.15.6755,OR-Tools status OPTIMAL
ad28954,macbook-air-m4,Apple M4,10,none,,,2026-09-28T13:42:04,netlib,maros-r7,3136,9408,144848,ortools,pdlp,default,1e-8 (PDLP relative + absolute),60.0,Optimal,,2.772609,1497185.166497532,1497185.166479642,HiGHS optimum (optima.csv),1.19e-11,PASS,1.23e-07,2.20e-07,2.01e-12,yes,OR-Tools 9.15.6755,OR-Tools status OPTIMAL
ad28954,macbook-air-m4,Apple M4,10,none,,,2026-09-28T13:42:04,netlib,maros,846,1443,9614,ps26119,auto,1,1e-8,60.0,Optimal,1651,0.072091,-58063.743701125895,-58063.743701125946,HiGHS optimum (optima.csv),8.77e-16,PASS,9.31e-10,9.17e-16,1.25e-16,yes,ps26119 0.1.0 (git ad28954),"auto: simplex (rows*nnz = 8.1e+06); phase-1 iters 778, bound flips 0, refactorizations 54, Bland episodes 0, Devex resets 20, tolerance tightenings 0; presolve removed 35 rows, 52 cols"
ad28954,macbook-air-m4,Apple M4,10,none,,,2026-09-28T13:42:04,netlib,maros,846,1443,9614,ps26119,simplex,1,1e-8,60.0,Optimal,1651,0.071692,-58063.743701125895,-58063.743701125946,HiGHS optimum (optima.csv),8.77e-16,PASS,9.31e-10,9.17e-16,1.25e-16,yes,ps26119 0.1.0 (git ad28954),"phase-1 iters 778, bound flips 0, refactorizations 54, Bland episodes 0, Devex resets 20, tolerance tightenings 0; presolve removed 35 rows, 52 cols"
ad28954,macbook-air-m4,Apple M4,10,none,,,2026-09-28T13:42:04,netlib,maros,846,1443,9614,ps26119,r2hpdhg,1,1e-8,60.0,Optimal,258496,2.535458,-58063.743701495201,-58063.743701125946,HiGHS optimum (optima.csv),6.36e-12,PASS,2.99e-07,7.41e-09,1.58e-10,yes,ps26119 0.1.0 (git ad28954),"presolve removed 35 rows, 52 cols"
ad28954,macbook-air-m4,Apple M4,10,none,,,2026-09-28T13:42:04,netlib,maros,846,1443,9614,ps26119,r2hpdhg,10,1e-8,60.0,Optimal,258496,2.539695,-58063.743701495201,-58063.743701125946,HiGHS optimum (optima.csv),6.36e-12,PASS,2.99e-07,7.41e-09,1.58e-10,yes,ps26119 0.1.0 (git ad28954),"presolve removed 35 rows, 52 cols"
ad28954,macbook-air-m4,Apple M4,10,none,,,2026-09-28T13:42:04,netlib,maros,846,1443,9614,highs,simplex,default,HiGHS defaults (1e-7 feasibility),60.0,Optimal,1193,0.020312,-58063.743701125946,-58063.743701125946,HiGHS optimum (optima.csv),0.00e+00,PASS,4.66e-10,7.84e-16,6.27e-17,yes,HiGHS 1.15.1,HiGHS model status kOptimal
ad28954,macbook-air-m4,Apple M4,10,none,,,2026-09-28T13:42:04,netlib,maros,846,1443,9614,highs,ipm,default,HiGHS defaults (1e-7 feasibility),60.0,Optimal,26,0.024590,-58063.74370112591,-58063.743701125946,HiGHS optimum (optima.csv),6.27e-16,PASS,4.66e-10,4.25e-16,6.27e-17,yes,HiGHS 1.15.1,HiGHS model status kOptimal
ad28954,macbook-air-m4,Apple M4,10,none,,,2026-09-28T13:42:04,netlib,maros,846,1443,9614,highs,pdlp,default,1e-8 (pdlp_optimality_tolerance),60.0,Optimal,45560,0.400458,-58063.74407666529,-58063.743701125946,HiGHS optimum (optima.csv),6.47e-09,FAIL,4.49e-04,4.45e-08,4.17e-09,no,HiGHS 1.15.1,HiGHS model status kOptimal
ad28954,macbook-air-m4,Apple M4,10,none,,,2026-09-28T13:42:04,netlib,maros,846,1443,9614,ortools,glop,default,OR-Tools defaults,60.0,Optimal,,0.012423,-58063.74370112568,-58063.743701125946,HiGHS optimum (optima.csv),4.64e-15,PASS,5.82e-11,1.40e-14,5.64e-16,yes,OR-Tools 9.15.6755,OR-Tools status OPTIMAL
ad28954,macbook-air-m4,Apple M4,10,none,,,2026-09-28T13:42:04,netlib,maros,846,1443,9614,ortools,pdlp,default,1e-8 (PDLP relative + absolute),60.0,Optimal,,3.920229,-58063.74356010725,-58063.743701125946,HiGHS optimum (optima.csv),2.43e-09,FAIL,2.02e-05,2.73e-09,1.40e-09,no,OR-Tools 9.15.6755,OR-Tools status OPTIMAL
ad28954,macbook-air-m4,Apple M4,10,none,,,2026-09-28T13:42:04,netlib,modszk1,687,1620,3168,ps26119,auto,1,1e-8,60.0,Optimal,905,0.040183,320.61972906476473,320.61972906464734,HiGHS optimum (optima.csv),3.65e-13,PASS,5.82e-11,1.55e-17,5.38e-13,yes,ps26119 0.1.0 (git ad28954),"auto: simplex (rows*nnz = 2.2e+06); phase-1 iters 14, bound flips 0, refactorizations 81, Bland episodes 0, Devex resets 6, tolerance tightenings 0; presolve removed 2 rows, 1 cols"
ad28954,macbook-air-m4,Apple M4,10,none,,,2026-09-28T13:42:04,netlib,modszk1,687,1620,3168,ps26119,simplex,1,1e-8,60.0,Optimal,905,0.040454,320.61972906476473,320.61972906464734,HiGHS optimum (optima.csv),3.65e-13,PASS,5.82e-11,1.55e-17,5.38e-13,yes,ps26119 0.1.0 (git ad28954),"phase-1 iters 14, bound flips 0, refactorizations 81, Bland episodes 0, Devex resets 6, tolerance tightenings 0; presolve removed 2 rows, 1 cols"
ad28954,macbook-air-m4,Apple M4,10,none,,,2026-09-28T13:42:04,netlib,modszk1,687,1620,3168,ps26119,r2hpdhg,1,1e-8,60.0,Optimal,59776,0.306304,320.61972898053807,320.61972906464734,HiGHS optimum (optima.csv),2.62e-10,PASS,2.30e-08,9.04e-13,2.04e-09,yes,ps26119 0.1.0 (git ad28954),"presolve removed 2 rows, 1 cols"
ad28954,macbook-air-m4,Apple M4,10,none,,,2026-09-28T13:42:04,netlib,modszk1,687,1620,3168,ps26119,r2hpdhg,10,1e-8,60.0,Optimal,59776,0.306922,320.61972898053807,320.61972906464734,HiGHS optimum (optima.csv),2.62e-10,PASS,2.30e-08,9.04e-13,2.04e-09,yes,ps26119 0.1.0 (git ad28954),"presolve removed 2 rows, 1 cols"
ad28954,macbook-air-m4,Apple M4,10,none,,,2026-09-28T13:42:04,netlib,modszk1,687,1620,3168,highs,simplex,default,HiGHS defaults (1e-7 feasibility),60.0,Optimal,539,0.007344,320.61972906464734,320.61972906464734,HiGHS optimum (optima.csv),0.00e+00,PASS,2.05e-11,1.93e-18,8.42e-13,yes,HiGHS 1.15.1,HiGHS model status kOptimal
ad28954,macbook-air-m4,Apple M4,10,none,,,2026-09-28T13:42:04,netlib,modszk1,687,1620,3168,highs,ipm,default,HiGHS defaults (1e-7 feasibility),60.0,Optimal,21,0.017012,320.61972906453747,320.61972906464734,HiGHS optimum (optima.csv),3.42e-13,PASS,2.91e-11,3.86e-18,6.93e-13,yes,HiGHS 1.15.1,HiGHS model status kOptimal
ad28954,macbook-air-m4,Apple M4,10,none,,,2026-09-28T13:42:04,netlib,modszk1,687,1620,3168,highs,pdlp,default,1e-8 (pdlp_optimality_tolerance),60.0,Optimal,110840,1.067284,320.6197290642004,320.61972906464734,HiGHS optimum (optima.csv),1.39e-12,PASS,1.75e-10,3.50e-13,2.35e-09,yes,HiGHS 1.15.1,HiGHS model status kOptimal
ad28954,macbook-air-m4,Apple M4,10,none,,,2026-09-28T13:42:04,netlib,modszk1,687,1620,3168,ortools,glop,default,OR-Tools defaults,60.0,Optimal,,0.009523,320.6197290643645,320.61972906464734,HiGHS optimum (optima.csv),8.79e-13,PASS,2.70e-10,7.92e-17,1.67e-12,yes,OR-Tools 9.15.6755,OR-Tools status OPTIMAL
ad28954,macbook-air-m4,Apple M4,10,none,,,2026-09-28T13:42:04,netlib,modszk1,687,1620,3168,ortools,pdlp,default,1e-8 (PDLP relative + absolute),60.0,Optimal,,2.362230,320.61972913381123,320.61972906464734,HiGHS optimum (optima.csv),2.15e-10,PASS,1.34e-08,1.17e-11,2.53e-09,yes,OR-Tools 9.15.6755,OR-Tools status OPTIMAL
ad28954,macbook-air-m4,Apple M4,10,none,,,2026-09-28T13:42:04,netlib,nesm,662,2923,13288,ps26119,auto,1,1e-8,60.0,Optimal,3846,0.181235,14076036.487562694,14076036.487562707,HiGHS optimum (optima.csv),9.26e-16,PASS,2.05e-11,1.38e-14,1.85e-15,yes,ps26119 0.1.0 (git ad28954),"auto: simplex (rows*nnz = 8.8e+06); phase-1 iters 1534, bound flips 389, refactorizations 192, Bland episodes 0, Devex resets 34, tolerance tightenings 4; presolve removed 16 rows, 183 cols"
ad28954,macbook-air-m4,Apple M4,10,none,,,2026-09-28T13:42:04,netlib,nesm,662,2923,13288,ps26119,simplex,1,1e-8,60.0,Optimal,3846,0.182232,14076036.487562694,14076036.487562707,HiGHS optimum (optima.csv),9.26e-16,PASS,2.05e-11,1.38e-14,1.85e-15,yes,ps26119 0.1.0 (git ad28954),"phase-1 iters 1534, bound flips 389, refactorizations 192, Bland episodes 0, Devex resets 34, tolerance tightenings 4; presolve removed 16 rows, 183 cols"
ad28954,macbook-air-m4,Apple M4,10,none,,,2026-09-28T13:42:04,netlib,nesm,662,2923,13288,ps26119,r2hpdhg,1,1e-8,60.0,Optimal,513280,6.813086,14076036.489135785,14076036.487562707,HiGHS optimum (optima.csv),1.12e-10,PASS,1.59e-07,6.19e-10,5.74e-11,yes,ps26119 0.1.0 (git ad28954),"presolve removed 16 rows, 183 cols; reduced model re-solved to 1e-10 to pass on the original"
ad28954,macbook-air-m4,Apple M4,10,none,,,2026-09-28T13:42:04,netlib,nesm,662,2923,13288,ps26119,r2hpdhg,10,1e-8,60.0,Optimal,513280,6.814874,14076036.489135785,14076036.487562707,HiGHS optimum (optima.csv),1.12e-10,PASS,1.59e-07,6.19e-10,5.74e-11,yes,ps26119 0.1.0 (git ad28954),"presolve removed 16 rows, 183 cols; reduced model re-solved to 1e-10 to pass on the original"
ad28954,macbook-air-m4,Apple M4,10,none,,,2026-09-28T13:42:04,netlib,nesm,662,2923,13288,highs,simplex,default,HiGHS defaults (1e-7 feasibility),60.0,Optimal,2627,0.080109,14076036.487562707,14076036.487562707,HiGHS optimum (optima.csv),0.00e+00,PASS,5.88e-09,6.16e-16,3.97e-16,yes,HiGHS 1.15.1,HiGHS model status kOptimal
ad28954,macbook-air-m4,Apple M4,10,none,,,2026-09-28T13:42:04,netlib,nesm,662,2923,13288,highs,ipm,default,HiGHS defaults (1e-7 feasibility),60.0,Optimal,38,0.047786,14076036.487562718,14076036.487562707,HiGHS optimum (optima.csv),7.94e-16,PASS,5.88e-09,1.82e-15,9.92e-16,yes,HiGHS 1.15.1,HiGHS model status kOptimal
ad28954,macbook-air-m4,Apple M4,10,none,,,2026-09-28T13:42:04,netlib,nesm,662,2923,13288,highs,pdlp,default,1e-8 (pdlp_optimality_tolerance),60.0,Optimal,905120,19.627338,14076036.698451793,14076036.487562707,HiGHS optimum (optima.csv),1.50e-08,FAIL,3.46e-05,7.77e-08,1.00e-08,no,HiGHS 1.15.1,HiGHS model status kOptimal
ad28954,macbook-air-m4,Apple M4,10,none,,,2026-09-28T13:42:04,netlib,nesm,662,2923,13288,ortools,glop,default,OR-Tools defaults,60.0,Optimal,,0.033797,14076036.487562723,14076036.487562707,HiGHS optimum (optima.csv),1.19e-15,PASS,8.91e-12,9.21e-12,1.32e-15,yes,OR-Tools 9.15.6755,OR-Tools status OPTIMAL
ad28954,macbook-air-m4,Apple M4,10,none,,,2026-09-28T13:42:04,netlib,nesm,662,2923,13288,ortools,pdlp,default,1e-8 (PDLP relative + absolute),60.0,Optimal,,57.577625,14076036.470951801,14076036.487562707,HiGHS optimum (optima.csv),1.18e-09,FAIL,7.83e-05,3.51e-10,6.15e-10,no,OR-Tools 9.15.6755,OR-Tools status OPTIMAL
ad28954,macbook-air-m4,Apple M4,10,none,,,2026-09-28T13:42:04,netlib,perold,625,1376,6018,ps26119,auto,1,1e-8,60.0,Optimal,3201,0.171072,-9380.7552782351686,-9380.755278235229,HiGHS optimum (optima.csv),6.40e-15,PASS,1.46e-11,1.59e-13,1.07e-15,yes,ps26119 0.1.0 (git ad28954),"auto: simplex (rows*nnz = 3.8e+06); phase-1 iters 1554, bound flips 44, refactorizations 121, Bland episodes 0, Devex resets 100, tolerance tightenings 0; presolve removed 5 rows, 68 cols"
ad28954,macbook-air-m4,Apple M4,10,none,,,2026-09-28T13:42:04,netlib,perold,625,1376,6018,ps26119,simplex,1,1e-8,60.0,Optimal,3201,0.171402,-9380.7552782351686,-9380.755278235229,HiGHS optimum (optima.csv),6.40e-15,PASS,1.46e-11,1.59e-13,1.07e-15,yes,ps26119 0.1.0 (git ad28954),"phase-1 iters 1554, bound flips 44, refactorizations 121, Bland episodes 0, Devex resets 100, tolerance tightenings 0; presolve removed 5 rows, 68 cols"
ad28954,macbook-air-m4,Apple M4,10,none,,,2026-09-28T13:42:04,netlib,perold,625,1376,6018,ps26119,r2hpdhg,1,1e-8,60.0,Optimal,150464,1.020460,-9380.7552782511502,-9380.755278235229,HiGHS optimum (optima.csv),1.70e-12,PASS,1.40e-07,6.38e-09,1.49e-12,yes,ps26119 0.1.0 (git ad28954),"presolve removed 5 rows, 68 cols"
ad28954,macbook-air-m4,Apple M4,10,none,,,2026-09-28T13:42:04,netlib,perold,625,1376,6018,ps26119,r2hpdhg,10,1e-8,60.0,Optimal,150464,1.023124,-9380.7552782511502,-9380.755278235229,HiGHS optimum (optima.csv),1.70e-12,PASS,1.40e-07,6.38e-09,1.49e-12,yes,ps26119 0.1.0 (git ad28954),"presolve removed 5 rows, 68 cols"
ad28954,macbook-air-m4,Apple M4,10,none,,,2026-09-28T13:42:04,netlib,perold,625,1376,6018,highs,simplex,default,HiGHS defaults (1e-7 feasibility),60.0,Optimal,1149,0.031011,-9380.755278235229,-9380.755278235229,HiGHS optimum (optima.csv),0.00e+00,PASS,1.82e-11,5.63e-14,5.82e-15,yes,HiGHS 1.15.1,HiGHS model status kOptimal
ad28954,macbook-air-m4,Apple M4,10,none,,,2026-09-28T13:42:04,netlib,perold,625,1376,6018,highs,ipm,default,HiGHS defaults (1e-7 feasibility),60.0,Optimal,31,0.042334,-9380.755278235229,-9380.755278235229,HiGHS optimum (optima.csv),0.00e+00,PASS,1.48e-11,6.70e-13,9.69e-17,yes,HiGHS 1.15.1,HiGHS model status kOptimal
ad28954,macbook-air-m4,Apple M4,10,none,,,2026-09-28T13:42:04,netlib,perold,625,1376,6018,highs,pdlp,default,1e-8 (pdlp_optimality_tolerance),60.0,Optimal,1237080,12.182905,-9380.756257363297,-9380.755278235229,HiGHS optimum (optima.csv),1.04e-07,FAIL,1.59e-04,3.00e-08,8.13e-09,no,HiGHS 1.15.1,HiGHS model status kOptimal
ad28954,macbook-air-m4,Apple M4,10,none,,,2026-09-28T13:42:04,netlib,perold,625,1376,6018,ortools,glop,default,OR-Tools defaults,60.0,Optimal,,0.028920,-9380.755278234623,-9380.755278235229,HiGHS optimum (optima.csv),6.46e-14,PASS,3.79e-10,3.73e-12,1.05e-13,yes,OR-Tools 9.15.6755,OR-Tools status OPTIMAL
ad28954,macbook-air-m4,Apple M4,10,none,,,2026-09-28T13:42:04,netlib,perold,625,1376,6018,ortools,pdlp,default,1e-8 (PDLP relative + absolute),60.0,NotSolved,,60.003396,nan,-9380.755278235229,HiGHS optimum (optima.csv),nan,FAIL,nan,nan,nan,no,OR-Tools 9.15.6755,OR-Tools status NOT_SOLVED
ad28954,macbook-air-m4,Apple M4,10,none,,,2026-09-28T13:42:04,netlib,pilot.ja,940,1988,14698,ps26119,auto,1,1e-8,60.0,Optimal,4259,0.362302,-6113.1364655813413,-6113.136465581334,HiGHS optimum (optima.csv),1.19e-15,PASS,2.03e-09,1.19e-12,2.23e-16,yes,ps26119 0.1.0 (git ad28954),"auto: simplex (rows*nnz = 1.4e+07); phase-1 iters 1338, bound flips 39, refactorizations 167, Bland episodes 0, Devex resets 208, tolerance tightenings 0; presolve removed 21 rows, 315 cols"
ad28954,macbook-air-m4,Apple M4,10,none,,,2026-09-28T13:42:04,netlib,pilot.ja,940,1988,14698,ps26119,simplex,1,1e-8,60.0,Optimal,4259,0.366972,-6113.1364655813413,-6113.136465581334,HiGHS optimum (optima.csv),1.19e-15,PASS,2.03e-09,1.19e-12,2.23e-16,yes,ps26119 0.1.0 (git ad28954),"phase-1 iters 1338, bound flips 39, refactorizations 167, Bland episodes 0, Devex resets 208, tolerance tightenings 0; presolve removed 21 rows, 315 cols"
ad28954,macbook-air-m4,Apple M4,10,none,,,2026-09-28T13:42:04,netlib,pilot.ja,940,1988,14698,ps26119,r2hpdhg,1,1e-8,60.0,TimeLimit,2960491,60.006810,-6113.1369932963953,-6113.136465581334,HiGHS optimum (optima.csv),8.63e-08,FAIL,5.32e-06,2.82e-08,2.26e-08,no,ps26119 0.1.0 (git ad28954),"presolve removed 21 rows, 315 cols"
ad28954,macbook-air-m4,Apple M4,10,none,,,2026-09-28T13:42:04,netlib,pilot.ja,940,1988,14698,ps26119,r2hpdhg,10,1e-8,60.0,TimeLimit,2387654,60.007037,-6113.136993383403,-6113.136465581334,HiGHS optimum (optima.csv),8.63e-08,FAIL,2.41e-05,2.38e-08,2.04e-08,no,ps26119 0.1.0 (git ad28954),"presolve removed 21 rows, 315 cols"
ad28954,macbook-air-m4,Apple M4,10,none,,,2026-09-28T13:42:04,netlib,pilot.ja,940,1988,14698,highs,simplex,default,HiGHS defaults (1e-7 feasibility),60.0,Optimal,1287,0.077557,-6113.136465581334,-6113.136465581334,HiGHS optimum (optima.csv),0.00e+00,PASS,1.73e-11,3.97e-13,1.04e-15,yes,HiGHS 1.15.1,HiGHS model status kOptimal
ad28954,macbook-air-m4,Apple M4,10,none,,,2026-09-28T13:42:04,netlib,pilot.ja,940,1988,14698,highs,ipm,default,HiGHS defaults (1e-7 feasibility),60.0,Optimal,31,0.116319,-6113.136465581378,-6113.136465581334,HiGHS optimum (optima.csv),7.14e-15,PASS,1.16e-10,1.19e-12,1.34e-15,yes,HiGHS 1.15.1,HiGHS model status kOptimal
ad28954,macbook-air-m4,Apple M4,10,none,,,2026-09-28T13:42:04,netlib,pilot.ja,940,1988,14698,highs,pdlp,default,1e-8 (pdlp_optimality_tolerance),60.0,TimeLimit,2040219,60.205791,0.0,-6113.136465581334,HiGHS optimum (optima.csv),1.00e+00,FAIL,nan,nan,nan,no,HiGHS 1.15.1,HiGHS model status kTimeLimit
ad28954,macbook-air-m4,Apple M4,10,none,,,2026-09-28T13:42:04,netlib,pilot.ja,940,1988,14698,ortools,glop,default,OR-Tools defaults,60.0,Optimal,,0.107304,-6113.136465581332,-6113.136465581334,HiGHS optimum (optima.csv),2.98e-16,PASS,1.16e-10,3.97e-13,7.44e-16,yes,OR-Tools 9.15.6755,OR-Tools status OPTIMAL
ad28954,macbook-air-m4,Apple M4,10,none,,,2026-09-28T13:42:04,netlib,pilot.ja,940,1988,14698,ortools,pdlp,default,1e-8 (PDLP relative + absolute),60.0,NotSolved,,59.986409,nan,-6113.136465581334,HiGHS optimum (optima.csv),nan,FAIL,nan,nan,nan,no,OR-Tools 9.15.6755,OR-Tools status NOT_SOLVED
ad28954,macbook-air-m4,Apple M4,10,none,,,2026-09-28T13:42:04,netlib,pilot,1441,3652,43167,ps26119,auto,1,1e-8,60.0,Optimal,17655,8.197607,-557.48972928406749,-557.4897292796667,HiGHS optimum (optima.csv),7.88e-12,PASS,1.19e-10,7.87e-15,4.89e-15,yes,ps26119 0.1.0 (git ad28954),"auto: simplex (rows*nnz = 6.2e+07); phase-1 iters 10264, bound flips 236, refactorizations 324, Bland episodes 0, Devex resets 1248, tolerance tightenings 0; presolve removed 8 rows, 205 cols"
ad28954,macbook-air-m4,Apple M4,10,none,,,2026-09-28T13:42:04,netlib,pilot,1441,3652,43167,ps26119,simplex,1,1e-8,60.0,Optimal,17655,8.196586,-557.48972928406749,-557.4897292796667,HiGHS optimum (optima.csv),7.88e-12,PASS,1.19e-10,7.87e-15,4.89e-15,yes,ps26119 0.1.0 (git ad28954),"phase-1 iters 10264, bound flips 236, refactorizations 324, Bland episodes 0, Devex resets 1248, tolerance tightenings 0; presolve removed 8 rows, 205 cols"
ad28954,macbook-air-m4,Apple M4,10,none,,,2026-09-28T13:42:04,netlib,pilot,1441,3652,43167,ps26119,r2hpdhg,1,1e-8,60.0,TimeLimit,724725,60.051311,-557.4930673894296,-557.4897292796667,HiGHS optimum (optima.csv),5.98e-06,FAIL,1.87e-02,2.28e-03,3.49e-04,no,ps26119 0.1.0 (git ad28954),"presolve removed 8 rows, 205 cols"
ad28954,macbook-air-m4,Apple M4,10,none,,,2026-09-28T13:42:04,netlib,pilot,1441,3652,43167,ps26119,r2hpdhg,10,1e-8,60.0,TimeLimit,723022,60.050392,-557.49371746596489,-557.4897292796667,HiGHS optimum (optima.csv),7.14e-06,FAIL,1.57e-02,2.34e-03,3.49e-04,no,ps26119 0.1.0 (git ad28954),"presolve removed 8 rows, 205 cols"
ad28954,macbook-air-m4,Apple M4,10,none,,,2026-09-28T13:42:04,netlib,pilot,1441,3652,43167,highs,simplex,default,HiGHS defaults (1e-7 feasibility),60.0,Optimal,5601,1.087192,-557.4897292796667,-557.4897292796667,HiGHS optimum (optima.csv),0.00e+00,PASS,3.23e-08,1.06e-08,3.90e-10,yes,HiGHS 1.15.1,HiGHS model status kOptimal
ad28954,macbook-air-m4,Apple M4,10,none,,,2026-09-28T13:42:04,netlib,pilot,1441,3652,43167,highs,ipm,default,HiGHS defaults (1e-7 feasibility),60.0,Optimal,40,0.622190,-557.4897292853703,-557.4897292796667,HiGHS optimum (optima.csv),1.02e-11,PASS,3.23e-08,7.27e-15,9.58e-15,yes,HiGHS 1.15.1,HiGHS model status kOptimal
ad28954,macbook-air-m4,Apple M4,10,none,,,2026-09-28T13:42:04,netlib,pilot,1441,3652,43167,highs,pdlp,default,1e-8 (pdlp_optimality_tolerance),60.0,TimeLimit,708393,60.205163,0.0,-557.4897292796667,HiGHS optimum (optima.csv),9.98e-01,FAIL,nan,nan,nan,no,HiGHS 1.15.1,HiGHS model status kTimeLimit
ad28954,macbook-air-m4,Apple M4,10,none,,,2026-09-28T13:42:04,netlib,pilot,1441,3652,43167,ortools,glop,default,OR-Tools defaults,60.0,Optimal,,0.782551,-557.489729273012,-557.4897292796667,HiGHS optimum (optima.csv),1.19e-11,PASS,1.35e-09,5.38e-12,3.90e-10,yes,OR-Tools 9.15.6755,OR-Tools status OPTIMAL
ad28954,macbook-air-m4,Apple M4,10,none,,,2026-09-28T13:42:04,netlib,pilot,1441,3652,43167,ortools,pdlp,default,1e-8 (PDLP relative + absolute),60.0,NotSolved,,60.003378,nan,-557.4897292796667,HiGHS optimum (optima.csv),nan,FAIL,nan,nan,nan,no,OR-Tools 9.15.6755,OR-Tools status NOT_SOLVED
ad28954,macbook-air-m4,Apple M4,10,none,,,2026-09-28T13:42:04,netlib,pilot.we,722,2789,9126,ps26119,auto,1,1e-8,60.0,Optimal,3478,0.429580,-2720107.5328449677,-2720107.5328449626,HiGHS optimum (optima.csv),1.88e-15,PASS,1.26e-09,5.64e-17,1.71e-16,yes,ps26119 0.1.0 (git ad28954),"auto: simplex (rows*nnz = 6.6e+06); phase-1 iters 802, bound flips 123, refactorizations 160, Bland episodes 0, Devex resets 203, tolerance tightenings 1; presolve removed 0 rows, 78 cols"
ad28954,macbook-air-m4,Apple M4,10,none,,,2026-09-28T13:42:04,netlib,pilot.we,722,2789,9126,ps26119,simplex,1,1e-8,60.0,Optimal,3478,0.438954,-2720107.5328449677,-2720107.5328449626,HiGHS optimum (optima.csv),1.88e-15,PASS,1.26e-09,5.64e-17,1.71e-16,yes,ps26119 0.1.0 (git ad28954),"phase-1 iters 802, bound flips 123, refactorizations 160, Bland episodes 0, Devex resets 203, tolerance tightenings 1; presolve removed 0 rows, 78 cols"
ad28954,macbook-air-m4,Apple M4,10,none,,,2026-09-28T13:42:04,netlib,pilot.we,722,2789,9126,ps26119,r2hpdhg,1,1e-8,60.0,TimeLimit,2720119,60.009662,-2720110.6191864316,-2720107.5328449626,HiGHS optimum (optima.csv),1.13e-06,FAIL,1.14e-02,6.12e-07,1.37e-07,no,ps26119 0.1.0 (git ad28954),"presolve removed 0 rows, 78 cols"
ad28954,macbook-air-m4,Apple M4,10,none,,,2026-09-28T13:42:04,netlib,pilot.we,722,2789,9126,ps26119,r2hpdhg,10,1e-8,60.0,TimeLimit,2717717,60.009914,-2720110.2318003587,-2720107.5328449626,HiGHS optimum (optima.csv),9.92e-07,FAIL,1.71e-02,6.53e-07,1.94e-06,no,ps26119 0.1.0 (git ad28954),"presolve removed 0 rows, 78 cols"
ad28954,macbook-air-m4,Apple M4,10,none,,,2026-09-28T13:42:04,netlib,pilot.we,722,2789,9126,highs,simplex,default,HiGHS defaults (1e-7 feasibility),60.0,Optimal,2439,0.132729,-2720107.5328449626,-2720107.5328449626,HiGHS optimum (optima.csv),0.00e+00,PASS,5.24e-10,1.40e-16,0.00e+00,yes,HiGHS 1.15.1,HiGHS model status kOptimal
ad28954,macbook-air-m4,Apple M4,10,none,,,2026-09-28T13:42:04,netlib,pilot.we,722,2789,9126,highs,ipm,default,HiGHS defaults (1e-7 feasibility),60.0,Optimal,39,0.115025,-2720107.53284496,-2720107.5328449626,HiGHS optimum (optima.csv),8.56e-16,PASS,1.17e-09,2.49e-16,4.28e-16,yes,HiGHS 1.15.1,HiGHS model status kOptimal
ad28954,macbook-air-m4,Apple M4,10,none,,,2026-09-28T13:42:04,netlib,pilot.we,722,2789,9126,highs,pdlp,default,1e-8 (pdlp_optimality_tolerance),60.0,TimeLimit,1613149,60.408086,0.0,-2720107.5328449626,HiGHS optimum (optima.csv),1.00e+00,FAIL,nan,nan,nan,no,HiGHS 1.15.1,HiGHS model status kTimeLimit
ad28954,macbook-air-m4,Apple M4,10,none,,,2026-09-28T13:42:04,netlib,pilot.we,722,2789,9126,ortools,glop,default,OR-Tools defaults,60.0,Optimal,,0.063223,-2720107.5328449323,-2720107.5328449626,HiGHS optimum (optima.csv),1.11e-14,PASS,7.20e-09,3.84e-16,1.37e-15,yes,OR-Tools 9.15.6755,OR-Tools status OPTIMAL
ad28954,macbook-air-m4,Apple M4,10,none,,,2026-09-28T13:42:04,netlib,pilot.we,722,2789,9126,ortools,pdlp,default,1e-8 (PDLP relative + absolute),60.0,NotSolved,,60.001755,nan,-2720107.5328449626,HiGHS optimum (optima.csv),nan,FAIL,nan,nan,nan,no,OR-Tools 9.15.6755,OR-Tools status NOT_SOLVED
ad28954,macbook-air-m4,Apple M4,10,none,,,2026-09-28T13:42:04,netlib,pilot4,410,1000,5141,ps26119,auto,1,1e-8,60.0,Optimal,1558,0.111203,-2581.139258883888,-2581.1392588838908,HiGHS optimum (optima.csv),1.06e-15,PASS,5.48e-11,2.81e-14,1.76e-16,yes,ps26119 0.1.0 (git ad28954),"auto: simplex (rows*nnz = 2.1e+06); phase-1 iters 496, bound flips 55, refactorizations 58, Bland episodes 0, Devex resets 132, tolerance tightenings 0; presolve removed 8 rows, 38 cols"
ad28954,macbook-air-m4,Apple M4,10,none,,,2026-09-28T13:42:04,netlib,pilot4,410,1000,5141,ps26119,simplex,1,1e-8,60.0,Optimal,1558,0.113091,-2581.139258883888,-2581.1392588838908,HiGHS optimum (optima.csv),1.06e-15,PASS,5.48e-11,2.81e-14,1.76e-16,yes,ps26119 0.1.0 (git ad28954),"phase-1 iters 496, bound flips 55, refactorizations 58, Bland episodes 0, Devex resets 132, tolerance tightenings 0; presolve removed 8 rows, 38 cols"
ad28954,macbook-air-m4,Apple M4,10,none,,,2026-09-28T13:42:04,netlib,pilot4,410,1000,5141,ps26119,r2hpdhg,1,1e-8,60.0,TimeLimit,5680335,60.002538,-2581.1392624448831,-2581.1392588838908,HiGHS optimum (optima.csv),1.38e-09,FAIL,1.71e-05,3.16e-08,7.67e-10,no,ps26119 0.1.0 (git ad28954),"presolve removed 8 rows, 38 cols"
ad28954,macbook-air-m4,Apple M4,10,none,,,2026-09-28T13:42:04,netlib,pilot4,410,1000,5141,ps26119,r2hpdhg,10,1e-8,60.0,TimeLimit,5663906,60.002528,-2581.1392628781555,-2581.1392588838908,HiGHS optimum (optima.csv),1.55e-09,FAIL,1.92e-05,3.12e-08,8.49e-10,no,ps26119 0.1.0 (git ad28954),"presolve removed 8 rows, 38 cols"
ad28954,macbook-air-m4,Apple M4,10,none,,,2026-09-28T13:42:04,netlib,pilot4,410,1000,5141,highs,simplex,default,HiGHS defaults (1e-7 feasibility),60.0,Optimal,684,0.028493,-2581.1392588838908,-2581.1392588838908,HiGHS optimum (optima.csv),0.00e+00,PASS,2.59e-11,5.63e-14,1.76e-16,yes,HiGHS 1.15.1,HiGHS model status kOptimal
ad28954,macbook-air-m4,Apple M4,10,none,,,2026-09-28T13:42:04,netlib,pilot4,410,1000,5141,highs,ipm,default,HiGHS defaults (1e-7 feasibility),60.0,Optimal,32,0.046576,-2581.1392588838935,-2581.1392588838908,HiGHS optimum (optima.csv),1.06e-15,PASS,2.09e-11,5.63e-14,7.05e-16,yes,HiGHS 1.15.1,HiGHS model status kOptimal
ad28954,macbook-air-m4,Apple M4,10,none,,,2026-09-28T13:42:04,netlib,pilot4,410,1000,5141,highs,pdlp,default,1e-8 (pdlp_optimality_tolerance),60.0,TimeLimit,3925161,60.211615,0.0,-2581.1392588838908,HiGHS optimum (optima.csv),1.00e+00,FAIL,nan,nan,nan,no,HiGHS 1.15.1,HiGHS model status kTimeLimit
ad28954,macbook-air-m4,Apple M4,10,none,,,2026-09-28T13:42:04,netlib,pilot4,410,1000,5141,ortools,glop,default,OR-Tools defaults,60.0,Optimal,,0.020873,-2581.1392588838867,-2581.1392588838908,HiGHS optimum (optima.csv),1.59e-15,PASS,1.92e-10,1.47e-13,6.17e-16,yes,OR-Tools 9.15.6755,OR-Tools status OPTIMAL
ad28954,macbook-air-m4,Apple M4,10,none,,,2026-09-28T13:42:04,netlib,pilot4,410,1000,5141,ortools,pdlp,default,1e-8 (PDLP relative + absolute),60.0,NotSolved,,60.000984,nan,-2581.1392588838908,HiGHS optimum (optima.csv),nan,FAIL,nan,nan,nan,no,OR-Tools 9.15.6755,OR-Tools status NOT_SOLVED
ad28954,macbook-air-m4,Apple M4,10,none,,,2026-09-28T13:42:04,netlib,pilot87,2030,4883,73152,ps26119,auto,1,1e-8,60.0,Optimal,26244,20.058604,301.71034743753762,301.71034733310836,HiGHS optimum (optima.csv),3.45e-10,PASS,8.17e-12,5.02e-09,9.40e-16,yes,ps26119 0.1.0 (git ad28954),"auto: simplex (rows*nnz = 1.5e+08); phase-1 iters 11586, bound flips 776, refactorizations 376, Bland episodes 0, Devex resets 971, tolerance tightenings 1; presolve removed 15 rows, 225 cols"
ad28954,macbook-air-m4,Apple M4,10,none,,,2026-09-28T13:42:04,netlib,pilot87,2030,4883,73152,ps26119,simplex,1,1e-8,60.0,Optimal,26244,20.021365,301.71034743753762,301.71034733310836,HiGHS optimum (optima.csv),3.45e-10,PASS,8.17e-12,5.02e-09,9.40e-16,yes,ps26119 0.1.0 (git ad28954),"phase-1 iters 11586, bound flips 776, refactorizations 376, Bland episodes 0, Devex resets 971, tolerance tightenings 1; presolve removed 15 rows, 225 cols"
ad28954,macbook-air-m4,Apple M4,10,none,,,2026-09-28T13:42:04,netlib,pilot87,2030,4883,73152,ps26119,r2hpdhg,1,1e-8,60.0,TimeLimit,405802,60.080195,301.71056862503661,301.71034733310836,HiGHS optimum (optima.csv),7.31e-07,FAIL,5.27e-02,6.08e-07,1.69e-06,no,ps26119 0.1.0 (git ad28954),"presolve removed 15 rows, 225 cols"
ad28954,macbook-air-m4,Apple M4,10,none,,,2026-09-28T13:42:04,netlib,pilot87,2030,4883,73152,ps26119,r2hpdhg,10,1e-8,60.0,TimeLimit,405816,60.080187,301.71046694383062,301.71034733310836,HiGHS optimum (optima.csv),3.95e-07,FAIL,6.78e-02,6.55e-07,1.70e-06,no,ps26119 0.1.0 (git ad28954),"presolve removed 15 rows, 225 cols"
ad28954,macbook-air-m4,Apple M4,10,none,,,2026-09-28T13:42:04,netlib,pilot87,2030,4883,73152,highs,simplex,default,HiGHS defaults (1e-7 feasibility),60.0,Optimal,8956,3.714453,301.71034733310836,301.71034733310836,HiGHS optimum (optima.csv),0.00e+00,PASS,1.94e-09,2.99e-15,6.58e-16,yes,HiGHS 1.15.1,HiGHS model status kOptimal
ad28954,macbook-air-m4,Apple M4,10,none,,,2026-09-28T13:42:04,netlib,pilot87,2030,4883,73152,highs,ipm,default,HiGHS defaults (1e-7 feasibility),60.0,Optimal,39,1.441903,301.7103473331156,301.71034733310836,HiGHS optimum (optima.csv),2.38e-14,PASS,6.37e-09,1.03e-14,7.05e-15,yes,HiGHS 1.15.1,HiGHS model status kOptimal
ad28954,macbook-air-m4,Apple M4,10,none,,,2026-09-28T13:42:04,netlib,pilot87,2030,4883,73152,highs,pdlp,default,1e-8 (pdlp_optimality_tolerance),60.0,TimeLimit,423493,60.965611,0.0,301.71034733310836,HiGHS optimum (optima.csv),9.97e-01,FAIL,nan,nan,nan,no,HiGHS 1.15.1,HiGHS model status kTimeLimit
ad28954,macbook-air-m4,Apple M4,10,none,,,2026-09-28T13:42:04,netlib,pilot87,2030,4883,73152,ortools,glop,default,OR-Tools defaults,60.0,Optimal,,2.203279,301.710347333104,301.71034733310836,HiGHS optimum (optima.csv),1.45e-14,PASS,1.89e-09,5.09e-14,2.01e-14,yes,OR-Tools 9.15.6755,OR-Tools status OPTIMAL
ad28954,macbook-air-m4,Apple M4,10,none,,,2026-09-28T13:42:04,netlib,pilot87,2030,4883,73152,ortools,pdlp,default,1e-8 (PDLP relative + absolute),60.0,NotSolved,,60.004704,nan,301.71034733310836,HiGHS optimum (optima.csv),nan,FAIL,nan,nan,nan,no,OR-Tools 9.15.6755,OR-Tools status NOT_SOLVED
ad28954,macbook-air-m4,Apple M4,10,none,,,2026-09-28T13:42:04,netlib,pilotnov,975,2172,13057,ps26119,auto,1,1e-8,60.0,Optimal,3799,0.562855,-4497.2761882188715,-4497.2761882188715,HiGHS optimum (optima.csv),0.00e+00,PASS,2.33e-10,2.82e-16,1.01e-16,yes,ps26119 0.1.0 (git ad28954),"auto: simplex (rows*nnz = 1.3e+07); phase-1 iters 1459, bound flips 70, refactorizations 160, Bland episodes 0, Devex resets 144, tolerance tightenings 0; presolve removed 54 rows, 233 cols"
ad28954,macbook-air-m4,Apple M4,10,none,,,2026-09-28T13:42:04,netlib,pilotnov,975,2172,13057,ps26119,simplex,1,1e-8,60.0,Optimal,3799,0.564972,-4497.2761882188715,-4497.2761882188715,HiGHS optimum (optima.csv),0.00e+00,PASS,2.33e-10,2.82e-16,1.01e-16,yes,ps26119 0.1.0 (git ad28954),"phase-1 iters 1459, bound flips 70, refactorizations 160, Bland episodes 0, Devex resets 144, tolerance tightenings 0; presolve removed 54 rows, 233 cols"
ad28954,macbook-air-m4,Apple M4,10,none,,,2026-09-28T13:42:04,netlib,pilotnov,975,2172,13057,ps26119,r2hpdhg,1,1e-8,60.0,Optimal,28608,0.776136,-4497.2761882606892,-4497.2761882188715,HiGHS optimum (optima.csv),9.30e-12,PASS,1.01e-07,6.92e-09,1.00e-09,yes,ps26119 0.1.0 (git ad28954),"presolve removed 54 rows, 233 cols"
ad28954,macbook-air-m4,Apple M4,10,none,,,2026-09-28T13:42:04,netlib,pilotnov,975,2172,13057,ps26119,r2hpdhg,10,1e-8,60.0,Optimal,28608,0.781554,-4497.2761882606892,-4497.2761882188715,HiGHS optimum (optima.csv),9.30e-12,PASS,1.01e-07,6.92e-09,1.00e-09,yes,ps26119 0.1.0 (git ad28954),"presolve removed 54 rows, 233 cols"
ad28954,macbook-air-m4,Apple M4,10,none,,,2026-09-28T13:42:04,netlib,pilotnov,975,2172,13057,highs,simplex,default,HiGHS defaults (1e-7 feasibility),60.0,Optimal,2154,0.145545,-4497.2761882188715,-4497.2761882188715,HiGHS optimum (optima.csv),0.00e+00,PASS,2.33e-10,1.17e-16,1.01e-16,yes,HiGHS 1.15.1,HiGHS model status kOptimal
ad28954,macbook-air-m4,Apple M4,10,none,,,2026-09-28T13:42:04,netlib,pilotnov,975,2172,13057,highs,ipm,default,HiGHS defaults (1e-7 feasibility),60.0,Optimal,28,0.114714,-4497.2761882188715,-4497.2761882188715,HiGHS optimum (optima.csv),0.00e+00,PASS,2.33e-10,1.17e-16,1.01e-16,yes,HiGHS 1.15.1,HiGHS model status kOptimal
ad28954,macbook-air-m4,Apple M4,10,none,,,2026-09-28T13:42:04,netlib,pilotnov,975,2172,13057,highs,pdlp,default,1e-8 (pdlp_optimality_tolerance),60.0,Optimal,23120,0.781040,-4497.276192768726,-4497.2761882188715,HiGHS optimum (optima.csv),1.01e-09,FAIL,1.59e-03,6.14e-08,1.15e-09,no,HiGHS 1.15.1,HiGHS model status kOptimal
ad28954,macbook-air-m4,Apple M4,10,none,,,2026-09-28T13:42:04,netlib,pilotnov,975,2172,13057,ortools,glop,default,OR-Tools defaults,60.0,Optimal,,0.062873,-4497.276188218875,-4497.2761882188715,HiGHS optimum (optima.csv),8.09e-16,PASS,1.44e-08,1.17e-16,1.01e-16,yes,OR-Tools 9.15.6755,OR-Tools status OPTIMAL
ad28954,macbook-air-m4,Apple M4,10,none,,,2026-09-28T13:42:04,netlib,pilotnov,975,2172,13057,ortools,pdlp,default,1e-8 (PDLP relative + absolute),60.0,Optimal,,1.344112,-4497.276188519563,-4497.2761882188715,HiGHS optimum (optima.csv),6.68e-11,FAIL,1.49e-05,7.41e-09,2.11e-09,no,OR-Tools 9.15.6755,OR-Tools status OPTIMAL
ad28954,macbook-air-m4,Apple M4,10,none,,,2026-09-28T13:42:04,netlib,recipe,91,180,663,ps26119,auto,1,1e-8,60.0,Optimal,49,0.000506,-266.61600000000027,-266.61600000000027,HiGHS optimum (optima.csv),0.00e+00,PASS,0.00e+00,0.00e+00,2.13e-16,yes,ps26119 0.1.0 (git ad28954),"auto: simplex (rows*nnz = 6e+04); phase-1 iters 15, bound flips 4, refactorizations 2, Bland episodes 0, Devex resets 0, tolerance tightenings 0; presolve removed 8 rows, 29 cols"
ad28954,macbook-air-m4,Apple M4,10,none,,,2026-09-28T13:42:04,netlib,recipe,91,180,663,ps26119,simplex,1,1e-8,60.0,Optimal,49,0.000522,-266.61600000000027,-266.61600000000027,HiGHS optimum (optima.csv),0.00e+00,PASS,0.00e+00,0.00e+00,2.13e-16,yes,ps26119 0.1.0 (git ad28954),"phase-1 iters 15, bound flips 4, refactorizations 2, Bland episodes 0, Devex resets 0, tolerance tightenings 0; presolve removed 8 rows, 29 cols"
ad28954,macbook-air-m4,Apple M4,10,none,,,2026-09-28T13:42:04,netlib,recipe,91,180,663,ps26119,r2hpdhg,1,1e-8,60.0,Optimal,1024,0.001732,-266.61600000427455,-266.61600000000027,HiGHS optimum (optima.csv),1.60e-11,PASS,1.65e-09,0.00e+00,7.12e-12,yes,ps26119 0.1.0 (git ad28954),"presolve removed 8 rows, 29 cols"
ad28954,macbook-air-m4,Apple M4,10,none,,,2026-09-28T13:42:04,netlib,recipe,91,180,663,ps26119,r2hpdhg,10,1e-8,60.0,Optimal,1024,0.001822,-266.61600000427455,-266.61600000000027,HiGHS optimum (optima.csv),1.60e-11,PASS,1.65e-09,0.00e+00,7.12e-12,yes,ps26119 0.1.0 (git ad28954),"presolve removed 8 rows, 29 cols"
ad28954,macbook-air-m4,Apple M4,10,none,,,2026-09-28T13:42:04,netlib,recipe,91,180,663,highs,simplex,default,HiGHS defaults (1e-7 feasibility),60.0,Optimal,19,0.001088,-266.61600000000027,-266.61600000000027,HiGHS optimum (optima.csv),0.00e+00,PASS,0.00e+00,0.00e+00,2.13e-16,yes,HiGHS 1.15.1,HiGHS model status kOptimal
ad28954,macbook-air-m4,Apple M4,10,none,,,2026-09-28T13:42:04,netlib,recipe,91,180,663,highs,ipm,default,HiGHS defaults (1e-7 feasibility),60.0,Optimal,13,0.002124,-266.61600000000027,-266.61600000000027,HiGHS optimum (optima.csv),0.00e+00,PASS,0.00e+00,0.00e+00,2.13e-16,yes,HiGHS 1.15.1,HiGHS model status kOptimal
ad28954,macbook-air-m4,Apple M4,10,none,,,2026-09-28T13:42:04,netlib,recipe,91,180,663,highs,pdlp,default,1e-8 (pdlp_optimality_tolerance),60.0,Optimal,520,0.001364,-266.61600013004573,-266.61600000000027,HiGHS optimum (optima.csv),4.86e-10,PASS,3.00e-08,0.00e+00,2.28e-10,yes,HiGHS 1.15.1,HiGHS model status kOptimal
ad28954,macbook-air-m4,Apple M4,10,none,,,2026-09-28T13:42:04,netlib,recipe,91,180,663,ortools,glop,default,OR-Tools defaults,60.0,Optimal,,0.001181,-266.616,-266.61600000000027,HiGHS optimum (optima.csv),1.06e-15,PASS,0.00e+00,0.00e+00,1.06e-16,yes,OR-Tools 9.15.6755,OR-Tools status OPTIMAL
ad28954,macbook-air-m4,Apple M4,10,none,,,2026-09-28T13:42:04,netlib,recipe,91,180,663,ortools,pdlp,default,1e-8 (PDLP relative + absolute),60.0,Optimal,,0.005000,-266.6160000249807,-266.61600000000027,HiGHS optimum (optima.csv),9.33e-11,PASS,1.54e-09,0.00e+00,3.49e-11,yes,OR-Tools 9.15.6755,OR-Tools status OPTIMAL
ad28954,macbook-air-m4,Apple M4,10,none,,,2026-09-28T13:42:04,netlib,sc105,105,103,280,ps26119,auto,1,1e-8,60.0,Optimal,102,0.001842,-52.202061211707225,-52.202061211707246,HiGHS optimum (optima.csv),4.01e-16,PASS,1.14e-13,5.55e-17,0.00e+00,yes,ps26119 0.1.0 (git ad28954),"auto: simplex (rows*nnz = 2.9e+04); phase-1 iters 0, bound flips 0, refactorizations 12, Bland episodes 0, Devex resets 1, tolerance tightenings 0; presolve removed 1 rows, 0 cols"
ad28954,macbook-air-m4,Apple M4,10,none,,,2026-09-28T13:42:04,netlib,sc105,105,103,280,ps26119,simplex,1,1e-8,60.0,Optimal,102,0.001637,-52.202061211707225,-52.202061211707246,HiGHS optimum (optima.csv),4.01e-16,PASS,1.14e-13,5.55e-17,0.00e+00,yes,ps26119 0.1.0 (git ad28954),"phase-1 iters 0, bound flips 0, refactorizations 12, Bland episodes 0, Devex resets 1, tolerance tightenings 0; presolve removed 1 rows, 0 cols"
ad28954,macbook-air-m4,Apple M4,10,none,,,2026-09-28T13:42:04,netlib,sc105,105,103,280,ps26119,r2hpdhg,1,1e-8,60.0,Optimal,2304,0.002540,-52.202061177295477,-52.202061211707246,HiGHS optimum (optima.csv),6.47e-10,PASS,3.56e-07,5.07e-12,1.84e-09,yes,ps26119 0.1.0 (git ad28954),"presolve removed 1 rows, 0 cols"
ad28954,macbook-air-m4,Apple M4,10,none,,,2026-09-28T13:42:04,netlib,sc105,105,103,280,ps26119,r2hpdhg,10,1e-8,60.0,Optimal,2304,0.002720,-52.202061177295477,-52.202061211707246,HiGHS optimum (optima.csv),6.47e-10,PASS,3.56e-07,5.07e-12,1.84e-09,yes,ps26119 0.1.0 (git ad28954),"presolve removed 1 rows, 0 cols"
ad28954,macbook-air-m4,Apple M4,10,none,,,2026-09-28T13:42:04,netlib,sc105,105,103,280,highs,simplex,default,HiGHS defaults (1e-7 feasibility),60.0,Optimal,37,0.001264,-52.202061211707246,-52.202061211707246,HiGHS optimum (optima.csv),0.00e+00,PASS,5.68e-14,1.39e-17,6.74e-17,yes,HiGHS 1.15.1,HiGHS model status kOptimal
ad28954,macbook-air-m4,Apple M4,10,none,,,2026-09-28T13:42:04,netlib,sc105,105,103,280,highs,ipm,default,HiGHS defaults (1e-7 feasibility),60.0,Optimal,12,0.002016,-52.202061211707246,-52.202061211707246,HiGHS optimum (optima.csv),0.00e+00,PASS,5.68e-14,1.39e-17,6.74e-17,yes,HiGHS 1.15.1,HiGHS model status kOptimal
ad28954,macbook-air-m4,Apple M4,10,none,,,2026-09-28T13:42:04,netlib,sc105,105,103,280,highs,pdlp,default,1e-8 (pdlp_optimality_tolerance),60.0,Optimal,1480,0.001667,-52.20205362667233,-52.202061211707246,HiGHS optimum (optima.csv),1.43e-07,FAIL,1.11e-05,4.68e-09,6.96e-09,no,HiGHS 1.15.1,HiGHS model status kOptimal
ad28954,macbook-air-m4,Apple M4,10,none,,,2026-09-28T13:42:04,netlib,sc105,105,103,280,ortools,glop,default,OR-Tools defaults,60.0,Optimal,,0.001411,-52.20206121170721,-52.202061211707246,HiGHS optimum (optima.csv),6.68e-16,PASS,5.68e-14,2.78e-17,2.70e-16,yes,OR-Tools 9.15.6755,OR-Tools status OPTIMAL
ad28954,macbook-air-m4,Apple M4,10,none,,,2026-09-28T13:42:04,netlib,sc105,105,103,280,ortools,pdlp,default,1e-8 (PDLP relative + absolute),60.0,Optimal,,0.016232,-52.20206114834431,-52.202061211707246,HiGHS optimum (optima.csv),1.19e-09,PASS,1.77e-07,6.37e-11,7.92e-10,yes,OR-Tools 9.15.6755,OR-Tools status OPTIMAL
ad28954,macbook-air-m4,Apple M4,10,none,,,2026-09-28T13:42:04,netlib,sc205,205,203,551,ps26119,auto,1,1e-8,60.0,Optimal,217,0.005854,-52.202061211707225,-52.202061211707225,HiGHS optimum (optima.csv),0.00e+00,PASS,2.27e-13,5.55e-17,0.00e+00,yes,ps26119 0.1.0 (git ad28954),"auto: simplex (rows*nnz = 1.1e+05); phase-1 iters 0, bound flips 0, refactorizations 24, Bland episodes 0, Devex resets 2, tolerance tightenings 0; presolve removed 2 rows, 1 cols"
ad28954,macbook-air-m4,Apple M4,10,none,,,2026-09-28T13:42:04,netlib,sc205,205,203,551,ps26119,simplex,1,1e-8,60.0,Optimal,217,0.005266,-52.202061211707225,-52.202061211707225,HiGHS optimum (optima.csv),0.00e+00,PASS,2.27e-13,5.55e-17,0.00e+00,yes,ps26119 0.1.0 (git ad28954),"phase-1 iters 0, bound flips 0, refactorizations 24, Bland episodes 0, Devex resets 2, tolerance tightenings 0; presolve removed 2 rows, 1 cols"
ad28954,macbook-air-m4,Apple M4,10,none,,,2026-09-28T13:42:04,netlib,sc205,205,203,551,ps26119,r2hpdhg,1,1e-8,60.0,Optimal,12544,0.019140,-52.202061319127232,-52.202061211707225,HiGHS optimum (optima.csv),2.02e-09,PASS,7.50e-07,1.05e-11,6.83e-09,yes,ps26119 0.1.0 (git ad28954),"presolve removed 2 rows, 1 cols"
ad28954,macbook-air-m4,Apple M4,10,none,,,2026-09-28T13:42:04,netlib,sc205,205,203,551,ps26119,r2hpdhg,10,1e-8,60.0,Optimal,12544,0.019346,-52.202061319127232,-52.202061211707225,HiGHS optimum (optima.csv),2.02e-09,PASS,7.50e-07,1.05e-11,6.83e-09,yes,ps26119 0.1.0 (git ad28954),"presolve removed 2 rows, 1 cols"
ad28954,macbook-air-m4,Apple M4,10,none,,,2026-09-28T13:42:04,netlib,sc205,205,203,551,highs,simplex,default,HiGHS defaults (1e-7 feasibility),60.0,Optimal,88,0.001953,-52.202061211707225,-52.202061211707225,HiGHS optimum (optima.csv),0.00e+00,PASS,9.95e-14,6.94e-18,2.02e-16,yes,HiGHS 1.15.1,HiGHS model status kOptimal
ad28954,macbook-air-m4,Apple M4,10,none,,,2026-09-28T13:42:04,netlib,sc205,205,203,551,highs,ipm,default,HiGHS defaults (1e-7 feasibility),60.0,Optimal,12,0.003604,-52.202061211707225,-52.202061211707225,HiGHS optimum (optima.csv),0.00e+00,PASS,9.95e-14,3.47e-18,2.02e-16,yes,HiGHS 1.15.1,HiGHS model status kOptimal
ad28954,macbook-air-m4,Apple M4,10,none,,,2026-09-28T13:42:04,netlib,sc205,205,203,551,highs,pdlp,default,1e-8 (pdlp_optimality_tolerance),60.0,Optimal,5840,0.008801,-52.20205729852304,-52.202061211707225,HiGHS optimum (optima.csv),7.36e-08,FAIL,5.34e-06,3.08e-10,5.62e-09,no,HiGHS 1.15.1,HiGHS model status kOptimal
ad28954,macbook-air-m4,Apple M4,10,none,,,2026-09-28T13:42:04,netlib,sc205,205,203,551,ortools,glop,default,OR-Tools defaults,60.0,Optimal,,0.003167,-52.20206121170717,-52.202061211707225,HiGHS optimum (optima.csv),1.07e-15,PASS,6.82e-13,1.95e-17,6.07e-16,yes,OR-Tools 9.15.6755,OR-Tools status OPTIMAL
ad28954,macbook-air-m4,Apple M4,10,none,,,2026-09-28T13:42:04,netlib,sc205,205,203,551,ortools,pdlp,default,1e-8 (PDLP relative + absolute),60.0,Optimal,,0.095394,-52.20206113670061,-52.202061211707225,HiGHS optimum (optima.csv),1.41e-09,PASS,2.29e-07,1.05e-11,5.57e-09,yes,OR-Tools 9.15.6755,OR-Tools status OPTIMAL
ad28954,macbook-air-m4,Apple M4,10,none,,,2026-09-28T13:42:04,netlib,sc50a,50,48,130,ps26119,auto,1,1e-8,60.0,Optimal,45,0.000612,-64.575077058564503,-64.5750770585645,HiGHS optimum (optima.csv),0.00e+00,PASS,5.68e-14,2.78e-17,0.00e+00,yes,ps26119 0.1.0 (git ad28954),"auto: simplex (rows*nnz = 6.5e+03); phase-1 iters 0, bound flips 0, refactorizations 7, Bland episodes 0, Devex resets 0, tolerance tightenings 0; presolve removed 1 rows, 0 cols"
ad28954,macbook-air-m4,Apple M4,10,none,,,2026-09-28T13:42:04,netlib,sc50a,50,48,130,ps26119,simplex,1,1e-8,60.0,Optimal,45,0.000616,-64.575077058564503,-64.5750770585645,HiGHS optimum (optima.csv),0.00e+00,PASS,5.68e-14,2.78e-17,0.00e+00,yes,ps26119 0.1.0 (git ad28954),"phase-1 iters 0, bound flips 0, refactorizations 7, Bland episodes 0, Devex resets 0, tolerance tightenings 0; presolve removed 1 rows, 0 cols"
ad28954,macbook-air-m4,Apple M4,10,none,,,2026-09-28T13:42:04,netlib,sc50a,50,48,130,ps26119,r2hpdhg,1,1e-8,60.0,Optimal,768,0.000737,-64.575077515415018,-64.5750770585645,HiGHS optimum (optima.csv),6.97e-09,PASS,2.71e-07,3.26e-10,1.55e-10,yes,ps26119 0.1.0 (git ad28954),"presolve removed 1 rows, 0 cols"
ad28954,macbook-air-m4,Apple M4,10,none,,,2026-09-28T13:42:04,netlib,sc50a,50,48,130,ps26119,r2hpdhg,10,1e-8,60.0,Optimal,768,0.000815,-64.575077515415018,-64.5750770585645,HiGHS optimum (optima.csv),6.97e-09,PASS,2.71e-07,3.26e-10,1.55e-10,yes,ps26119 0.1.0 (git ad28954),"presolve removed 1 rows, 0 cols"
ad28954,macbook-air-m4,Apple M4,10,none,,,2026-09-28T13:42:04,netlib,sc50a,50,48,130,highs,simplex,default,HiGHS defaults (1e-7 feasibility),60.0,Optimal,18,0.000744,-64.5750770585645,-64.5750770585645,HiGHS optimum (optima.csv),0.00e+00,PASS,1.42e-14,2.88e-16,1.09e-16,yes,HiGHS 1.15.1,HiGHS model status kOptimal
ad28954,macbook-air-m4,Apple M4,10,none,,,2026-09-28T13:42:04,netlib,sc50a,50,48,130,highs,ipm,default,HiGHS defaults (1e-7 feasibility),60.0,Optimal,8,0.001078,-64.5750770585645,-64.5750770585645,HiGHS optimum (optima.csv),0.00e+00,PASS,1.42e-14,2.88e-16,1.09e-16,yes,HiGHS 1.15.1,HiGHS model status kOptimal
ad28954,macbook-air-m4,Apple M4,10,none,,,2026-09-28T13:42:04,netlib,sc50a,50,48,130,highs,pdlp,default,1e-8 (pdlp_optimality_tolerance),60.0,Optimal,720,0.000672,-64.5750766088342,-64.5750770585645,HiGHS optimum (optima.csv),6.86e-09,PASS,1.70e-07,6.82e-11,9.32e-09,yes,HiGHS 1.15.1,HiGHS model status kOptimal
ad28954,macbook-air-m4,Apple M4,10,none,,,2026-09-28T13:42:04,netlib,sc50a,50,48,130,ortools,glop,default,OR-Tools defaults,60.0,Optimal,,0.000933,-64.57507705856449,-64.5750770585645,HiGHS optimum (optima.csv),2.17e-16,PASS,2.84e-14,5.55e-17,1.09e-16,yes,OR-Tools 9.15.6755,OR-Tools status OPTIMAL
ad28954,macbook-air-m4,Apple M4,10,none,,,2026-09-28T13:42:04,netlib,sc50a,50,48,130,ortools,pdlp,default,1e-8 (PDLP relative + absolute),60.0,Optimal,,0.004387,-64.57507910662332,-64.5750770585645,HiGHS optimum (optima.csv),3.12e-08,FAIL,1.12e-06,6.76e-11,8.66e-09,no,OR-Tools 9.15.6755,OR-Tools status OPTIMAL
ad28954,macbook-air-m4,Apple M4,10,none,,,2026-09-28T13:42:04,netlib,sc50b,50,48,118,ps26119,auto,1,1e-8,60.0,Optimal,48,0.000596,-69.999999999999972,-69.99999999999999,HiGHS optimum (optima.csv),2.00e-16,PASS,2.84e-14,6.94e-17,0.00e+00,yes,ps26119 0.1.0 (git ad28954),"auto: simplex (rows*nnz = 5.9e+03); phase-1 iters 0, bound flips 0, refactorizations 7, Bland episodes 0, Devex resets 0, tolerance tightenings 0; presolve removed 2 rows, 0 cols"
ad28954,macbook-air-m4,Apple M4,10,none,,,2026-09-28T13:42:04,netlib,sc50b,50,48,118,ps26119,simplex,1,1e-8,60.0,Optimal,48,0.000608,-69.999999999999972,-69.99999999999999,HiGHS optimum (optima.csv),2.00e-16,PASS,2.84e-14,6.94e-17,0.00e+00,yes,ps26119 0.1.0 (git ad28954),"phase-1 iters 0, bound flips 0, refactorizations 7, Bland episodes 0, Devex resets 0, tolerance tightenings 0; presolve removed 2 rows, 0 cols"
ad28954,macbook-air-m4,Apple M4,10,none,,,2026-09-28T13:42:04,netlib,sc50b,50,48,118,ps26119,r2hpdhg,1,1e-8,60.0,Optimal,1792,0.001122,-69.999999036804709,-69.99999999999999,HiGHS optimum (optima.csv),1.36e-08,PASS,7.24e-07,4.80e-10,8.63e-09,yes,ps26119 0.1.0 (git ad28954),"presolve removed 2 rows, 0 cols"
ad28954,macbook-air-m4,Apple M4,10,none,,,2026-09-28T13:42:04,netlib,sc50b,50,48,118,ps26119,r2hpdhg,10,1e-8,60.0,Optimal,1792,0.001203,-69.999999036804709,-69.99999999999999,HiGHS optimum (optima.csv),1.36e-08,PASS,7.24e-07,4.80e-10,8.63e-09,yes,ps26119 0.1.0 (git ad28954),"presolve removed 2 rows, 0 cols"
ad28954,macbook-air-m4,Apple M4,10,none,,,2026-09-28T13:42:04,netlib,sc50b,50,48,118,highs,simplex,default,HiGHS defaults (1e-7 feasibility),60.0,Optimal,18,0.000728,-69.99999999999999,-69.99999999999999,HiGHS optimum (optima.csv),0.00e+00,PASS,2.84e-14,4.16e-17,1.01e-16,yes,HiGHS 1.15.1,HiGHS model status kOptimal
ad28954,macbook-air-m4,Apple M4,10,none,,,2026-09-28T13:42:04,netlib,sc50b,50,48,118,highs,ipm,default,HiGHS defaults (1e-7 feasibility),60.0,Optimal,8,0.001274,-69.99999999999999,-69.99999999999999,HiGHS optimum (optima.csv),0.00e+00,PASS,2.84e-14,4.16e-17,1.01e-16,yes,HiGHS 1.15.1,HiGHS model status kOptimal
ad28954,macbook-air-m4,Apple M4,10,none,,,2026-09-28T13:42:04,netlib,sc50b,50,48,118,highs,pdlp,default,1e-8 (pdlp_optimality_tolerance),60.0,Optimal,1040,0.000849,-70.00000103693948,-69.99999999999999,HiGHS optimum (optima.csv),1.46e-08,FAIL,4.14e-06,2.17e-10,6.19e-09,no,HiGHS 1.15.1,HiGHS model status kOptimal
ad28954,macbook-air-m4,Apple M4,10,none,,,2026-09-28T13:42:04,netlib,sc50b,50,48,118,ortools,glop,default,OR-Tools defaults,60.0,Optimal,,0.000883,-69.99999999999997,-69.99999999999999,HiGHS optimum (optima.csv),2.00e-16,PASS,2.84e-14,1.11e-16,0.00e+00,yes,OR-Tools 9.15.6755,OR-Tools status OPTIMAL
ad28954,macbook-air-m4,Apple M4,10,none,,,2026-09-28T13:42:04,netlib,sc50b,50,48,118,ortools,pdlp,default,1e-8 (PDLP relative + absolute),60.0,Optimal,,0.005303,-69.9999989561335,-69.99999999999999,HiGHS optimum (optima.csv),1.47e-08,PASS,9.64e-07,1.44e-09,4.88e-09,yes,OR-Tools 9.15.6755,OR-Tools status OPTIMAL
ad28954,macbook-air-m4,Apple M4,10,none,,,2026-09-28T13:42:04,netlib,scagr25,471,500,1554,ps26119,auto,1,1e-8,60.0,Optimal,577,0.019768,-14753433.060768528,-14753433.060768528,HiGHS optimum (optima.csv),0.00e+00,PASS,3.64e-12,1.20e-15,6.31e-17,yes,ps26119 0.1.0 (git ad28954),"auto: simplex (rows*nnz = 7.3e+05); phase-1 iters 374, bound flips 7, refactorizations 47, Bland episodes 0, Devex resets 4, tolerance tightenings 0; presolve removed 124 rows, 1 cols"
ad28954,macbook-air-m4,Apple M4,10,none,,,2026-09-28T13:42:04,netlib,scagr25,471,500,1554,ps26119,simplex,1,1e-8,60.0,Optimal,577,0.021141,-14753433.060768528,-14753433.060768528,HiGHS optimum (optima.csv),0.00e+00,PASS,3.64e-12,1.20e-15,6.31e-17,yes,ps26119 0.1.0 (git ad28954),"phase-1 iters 374, bound flips 7, refactorizations 47, Bland episodes 0, Devex resets 4, tolerance tightenings 0; presolve removed 124 rows, 1 cols"
ad28954,macbook-air-m4,Apple M4,10,none,,,2026-09-28T13:42:04,netlib,scagr25,471,500,1554,ps26119,r2hpdhg,1,1e-8,60.0,Optimal,37888,0.127994,-14753433.106845129,-14753433.060768528,HiGHS optimum (optima.csv),3.12e-09,PASS,9.27e-07,6.99e-09,2.45e-09,yes,ps26119 0.1.0 (git ad28954),"presolve removed 124 rows, 1 cols"
ad28954,macbook-air-m4,Apple M4,10,none,,,2026-09-28T13:42:04,netlib,scagr25,471,500,1554,ps26119,r2hpdhg,10,1e-8,60.0,Optimal,37888,0.127190,-14753433.106845129,-14753433.060768528,HiGHS optimum (optima.csv),3.12e-09,PASS,9.27e-07,6.99e-09,2.45e-09,yes,ps26119 0.1.0 (git ad28954),"presolve removed 124 rows, 1 cols"
ad28954,macbook-air-m4,Apple M4,10,none,,,2026-09-28T13:42:04,netlib,scagr25,471,500,1554,highs,simplex,default,HiGHS defaults (1e-7 feasibility),60.0,Optimal,338,0.006011,-14753433.060768528,-14753433.060768528,HiGHS optimum (optima.csv),0.00e+00,PASS,1.36e-12,1.03e-15,1.26e-16,yes,HiGHS 1.15.1,HiGHS model status kOptimal
ad28954,macbook-air-m4,Apple M4,10,none,,,2026-09-28T13:42:04,netlib,scagr25,471,500,1554,highs,ipm,default,HiGHS defaults (1e-7 feasibility),60.0,Optimal,17,0.008992,-14753433.060768528,-14753433.060768528,HiGHS optimum (optima.csv),0.00e+00,PASS,1.36e-12,1.03e-15,1.26e-16,yes,HiGHS 1.15.1,HiGHS model status kOptimal
ad28954,macbook-air-m4,Apple M4,10,none,,,2026-09-28T13:42:04,netlib,scagr25,471,500,1554,highs,pdlp,default,1e-8 (pdlp_optimality_tolerance),60.0,Optimal,16200,0.085843,-14753433.231721705,-14753433.060768528,HiGHS optimum (optima.csv),1.16e-08,FAIL,2.80e-05,4.37e-09,5.31e-09,no,HiGHS 1.15.1,HiGHS model status kOptimal
ad28954,macbook-air-m4,Apple M4,10,none,,,2026-09-28T13:42:04,netlib,scagr25,471,500,1554,ortools,glop,default,OR-Tools defaults,60.0,Optimal,,0.004983,-14753433.060768522,-14753433.060768528,HiGHS optimum (optima.csv),3.79e-16,PASS,2.73e-12,2.74e-15,6.31e-17,yes,OR-Tools 9.15.6755,OR-Tools status OPTIMAL
ad28954,macbook-air-m4,Apple M4,10,none,,,2026-09-28T13:42:04,netlib,scagr25,471,500,1554,ortools,pdlp,default,1e-8 (PDLP relative + absolute),60.0,Optimal,,0.487536,-14753433.193314143,-14753433.060768528,HiGHS optimum (optima.csv),8.98e-09,FAIL,1.23e-05,2.37e-08,7.53e-09,no,OR-Tools 9.15.6755,OR-Tools status OPTIMAL
ad28954,macbook-air-m4,Apple M4,10,none,,,2026-09-28T13:42:04,netlib,scagr7,129,140,420,ps26119,auto,1,1e-8,60.0,Optimal,139,0.002030,-2331389.8243309841,-2331389.8243309837,HiGHS optimum (optima.csv),2.00e-16,PASS,9.09e-13,4.61e-16,0.00e+00,yes,ps26119 0.1.0 (git ad28954),"auto: simplex (rows*nnz = 5.4e+04); phase-1 iters 113, bound flips 4, refactorizations 10, Bland episodes 0, Devex resets 1, tolerance tightenings 0; presolve removed 34 rows, 1 cols"
ad28954,macbook-air-m4,Apple M4,10,none,,,2026-09-28T13:42:04,netlib,scagr7,129,140,420,ps26119,simplex,1,1e-8,60.0,Optimal,139,0.002042,-2331389.8243309841,-2331389.8243309837,HiGHS optimum (optima.csv),2.00e-16,PASS,9.09e-13,4.61e-16,0.00e+00,yes,ps26119 0.1.0 (git ad28954),"phase-1 iters 113, bound flips 4, refactorizations 10, Bland episodes 0, Devex resets 1, tolerance tightenings 0; presolve removed 34 rows, 1 cols"
ad28954,macbook-air-m4,Apple M4,10,none,,,2026-09-28T13:42:04,netlib,scagr7,129,140,420,ps26119,r2hpdhg,1,1e-8,60.0,Optimal,30016,0.032741,-2331389.8053656877,-2331389.8243309837,HiGHS optimum (optima.csv),8.13e-09,PASS,8.40e-07,9.55e-10,3.87e-09,yes,ps26119 0.1.0 (git ad28954),"presolve removed 34 rows, 1 cols"
ad28954,macbook-air-m4,Apple M4,10,none,,,2026-09-28T13:42:04,netlib,scagr7,129,140,420,ps26119,r2hpdhg,10,1e-8,60.0,Optimal,30016,0.030168,-2331389.8053656877,-2331389.8243309837,HiGHS optimum (optima.csv),8.13e-09,PASS,8.40e-07,9.55e-10,3.87e-09,yes,ps26119 0.1.0 (git ad28954),"presolve removed 34 rows, 1 cols"
ad28954,macbook-air-m4,Apple M4,10,none,,,2026-09-28T13:42:04,netlib,scagr7,129,140,420,highs,simplex,default,HiGHS defaults (1e-7 feasibility),60.0,Optimal,104,0.001729,-2331389.8243309837,-2331389.8243309837,HiGHS optimum (optima.csv),0.00e+00,PASS,1.36e-12,4.61e-16,9.99e-17,yes,HiGHS 1.15.1,HiGHS model status kOptimal
ad28954,macbook-air-m4,Apple M4,10,none,,,2026-09-28T13:42:04,netlib,scagr7,129,140,420,highs,ipm,default,HiGHS defaults (1e-7 feasibility),60.0,Optimal,15,0.002919,-2331389.8243309837,-2331389.8243309837,HiGHS optimum (optima.csv),0.00e+00,PASS,1.36e-12,4.61e-16,9.99e-17,yes,HiGHS 1.15.1,HiGHS model status kOptimal
ad28954,macbook-air-m4,Apple M4,10,none,,,2026-09-28T13:42:04,netlib,scagr7,129,140,420,highs,pdlp,default,1e-8 (pdlp_optimality_tolerance),60.0,Optimal,19040,0.028469,-2331389.8799168775,-2331389.8243309837,HiGHS optimum (optima.csv),2.38e-08,FAIL,5.31e-06,4.60e-09,9.74e-09,no,HiGHS 1.15.1,HiGHS model status kOptimal
ad28954,macbook-air-m4,Apple M4,10,none,,,2026-09-28T13:42:04,netlib,scagr7,129,140,420,ortools,glop,default,OR-Tools defaults,60.0,Optimal,,0.001399,-2331389.8243309837,-2331389.8243309837,HiGHS optimum (optima.csv),0.00e+00,PASS,4.55e-13,1.03e-15,0.00e+00,yes,OR-Tools 9.15.6755,OR-Tools status OPTIMAL
ad28954,macbook-air-m4,Apple M4,10,none,,,2026-09-28T13:42:04,netlib,scagr7,129,140,420,ortools,pdlp,default,1e-8 (PDLP relative + absolute),60.0,Optimal,,0.151906,-2331389.855151563,-2331389.8243309837,HiGHS optimum (optima.csv),1.32e-08,FAIL,1.17e-06,5.02e-11,6.64e-09,no,OR-Tools 9.15.6755,OR-Tools status OPTIMAL
ad28954,macbook-air-m4,Apple M4,10,none,,,2026-09-28T13:42:04,netlib,scfxm1,330,457,2589,ps26119,auto,1,1e-8,60.0,Optimal,454,0.013470,18416.759028348937,18416.759028348944,HiGHS optimum (optima.csv),3.95e-16,PASS,9.92e-12,1.29e-15,0.00e+00,yes,ps26119 0.1.0 (git ad28954),"auto: simplex (rows*nnz = 8.5e+05); phase-1 iters 288, bound flips 1, refactorizations 16, Bland episodes 0, Devex resets 7, tolerance tightenings 0; presolve removed 41 rows, 9 cols"
ad28954,macbook-air-m4,Apple M4,10,none,,,2026-09-28T13:42:04,netlib,scfxm1,330,457,2589,ps26119,simplex,1,1e-8,60.0,Optimal,454,0.013645,18416.759028348937,18416.759028348944,HiGHS optimum (optima.csv),3.95e-16,PASS,9.92e-12,1.29e-15,0.00e+00,yes,ps26119 0.1.0 (git ad28954),"phase-1 iters 288, bound flips 1, refactorizations 16, Bland episodes 0, Devex resets 7, tolerance tightenings 0; presolve removed 41 rows, 9 cols"
ad28954,macbook-air-m4,Apple M4,10,none,,,2026-09-28T13:42:04,netlib,scfxm1,330,457,2589,ps26119,r2hpdhg,1,1e-8,60.0,Optimal,34944,0.177375,18416.759028298085,18416.759028348944,HiGHS optimum (optima.csv),2.76e-12,PASS,1.18e-07,5.20e-09,1.02e-10,yes,ps26119 0.1.0 (git ad28954),"presolve removed 41 rows, 9 cols"
ad28954,macbook-air-m4,Apple M4,10,none,,,2026-09-28T13:42:04,netlib,scfxm1,330,457,2589,ps26119,r2hpdhg,10,1e-8,60.0,Optimal,34944,0.179192,18416.759028298085,18416.759028348944,HiGHS optimum (optima.csv),2.76e-12,PASS,1.18e-07,5.20e-09,1.02e-10,yes,ps26119 0.1.0 (git ad28954),"presolve removed 41 rows, 9 cols"
ad28954,macbook-air-m4,Apple M4,10,none,,,2026-09-28T13:42:04,netlib,scfxm1,330,457,2589,highs,simplex,default,HiGHS defaults (1e-7 feasibility),60.0,Optimal,375,0.007493,18416.759028348944,18416.759028348944,HiGHS optimum (optima.csv),0.00e+00,PASS,1.06e-12,1.88e-16,0.00e+00,yes,HiGHS 1.15.1,HiGHS model status kOptimal
ad28954,macbook-air-m4,Apple M4,10,none,,,2026-09-28T13:42:04,netlib,scfxm1,330,457,2589,highs,ipm,default,HiGHS defaults (1e-7 feasibility),60.0,Optimal,22,0.015530,18416.759028348944,18416.759028348944,HiGHS optimum (optima.csv),0.00e+00,PASS,3.33e-12,1.29e-15,0.00e+00,yes,HiGHS 1.15.1,HiGHS model status kOptimal
ad28954,macbook-air-m4,Apple M4,10,none,,,2026-09-28T13:42:04,netlib,scfxm1,330,457,2589,highs,pdlp,default,1e-8 (pdlp_optimality_tolerance),60.0,Optimal,12320,0.081957,18416.759328525706,18416.759028348944,HiGHS optimum (optima.csv),1.63e-08,FAIL,2.18e-05,2.53e-07,8.95e-09,no,HiGHS 1.15.1,HiGHS model status kOptimal
ad28954,macbook-air-m4,Apple M4,10,none,,,2026-09-28T13:42:04,netlib,scfxm1,330,457,2589,ortools,glop,default,OR-Tools defaults,60.0,Optimal,,0.005688,18416.75902834894,18416.759028348944,HiGHS optimum (optima.csv),1.98e-16,PASS,2.89e-12,1.80e-15,9.88e-17,yes,OR-Tools 9.15.6755,OR-Tools status OPTIMAL
ad28954,macbook-air-m4,Apple M4,10,none,,,2026-09-28T13:42:04,netlib,scfxm1,330,457,2589,ortools,pdlp,default,1e-8 (PDLP relative + absolute),60.0,Optimal,,0.092008,18416.759183996648,18416.759028348944,HiGHS optimum (optima.csv),8.45e-09,FAIL,1.37e-06,2.73e-08,4.55e-09,no,OR-Tools 9.15.6755,OR-Tools status OPTIMAL
ad28954,macbook-air-m4,Apple M4,10,none,,,2026-09-28T13:42:04,netlib,scfxm2,660,914,5183,ps26119,auto,1,1e-8,60.0,Optimal,940,0.042095,36660.261564998815,36660.26156499881,HiGHS optimum (optima.csv),1.98e-16,PASS,9.09e-13,9.63e-16,0.00e+00,yes,ps26119 0.1.0 (git ad28954),"auto: simplex (rows*nnz = 3.4e+06); phase-1 iters 619, bound flips 1, refactorizations 21, Bland episodes 0, Devex resets 9, tolerance tightenings 0; presolve removed 82 rows, 18 cols"
ad28954,macbook-air-m4,Apple M4,10,none,,,2026-09-28T13:42:04,netlib,scfxm2,660,914,5183,ps26119,simplex,1,1e-8,60.0,Optimal,940,0.041915,36660.261564998815,36660.26156499881,HiGHS optimum (optima.csv),1.98e-16,PASS,9.09e-13,9.63e-16,0.00e+00,yes,ps26119 0.1.0 (git ad28954),"phase-1 iters 619, bound flips 1, refactorizations 21, Bland episodes 0, Devex resets 9, tolerance tightenings 0; presolve removed 82 rows, 18 cols"
ad28954,macbook-air-m4,Apple M4,10,none,,,2026-09-28T13:42:04,netlib,scfxm2,660,914,5183,ps26119,r2hpdhg,1,1e-8,60.0,Optimal,33984,0.376847,36660.261584741733,36660.26156499881,HiGHS optimum (optima.csv),5.39e-10,PASS,7.95e-07,9.14e-09,2.52e-10,yes,ps26119 0.1.0 (git ad28954),"presolve removed 82 rows, 18 cols"
ad28954,macbook-air-m4,Apple M4,10,none,,,2026-09-28T13:42:04,netlib,scfxm2,660,914,5183,ps26119,r2hpdhg,10,1e-8,60.0,Optimal,33984,0.375974,36660.261584741733,36660.26156499881,HiGHS optimum (optima.csv),5.39e-10,PASS,7.95e-07,9.14e-09,2.52e-10,yes,ps26119 0.1.0 (git ad28954),"presolve removed 82 rows, 18 cols"
ad28954,macbook-air-m4,Apple M4,10,none,,,2026-09-28T13:42:04,netlib,scfxm2,660,914,5183,highs,simplex,default,HiGHS defaults (1e-7 feasibility),60.0,Optimal,791,0.016929,36660.26156499881,36660.26156499881,HiGHS optimum (optima.csv),0.00e+00,PASS,7.42e-12,2.83e-16,0.00e+00,yes,HiGHS 1.15.1,HiGHS model status kOptimal
ad28954,macbook-air-m4,Apple M4,10,none,,,2026-09-28T13:42:04,netlib,scfxm2,660,914,5183,highs,ipm,default,HiGHS defaults (1e-7 feasibility),60.0,Optimal,22,0.031275,36660.26156499881,36660.26156499881,HiGHS optimum (optima.csv),0.00e+00,PASS,7.42e-12,1.29e-15,0.00e+00,yes,HiGHS 1.15.1,HiGHS model status kOptimal
ad28954,macbook-air-m4,Apple M4,10,none,,,2026-09-28T13:42:04,netlib,scfxm2,660,914,5183,highs,pdlp,default,1e-8 (pdlp_optimality_tolerance),60.0,Optimal,41400,0.612368,36660.26208783901,36660.26156499881,HiGHS optimum (optima.csv),1.43e-08,FAIL,3.35e-05,4.27e-08,7.57e-09,no,HiGHS 1.15.1,HiGHS model status kOptimal
ad28954,macbook-air-m4,Apple M4,10,none,,,2026-09-28T13:42:04,netlib,scfxm2,660,914,5183,ortools,glop,default,OR-Tools defaults,60.0,Optimal,,0.013197,36660.26156499881,36660.26156499881,HiGHS optimum (optima.csv),0.00e+00,PASS,3.64e-12,2.44e-15,9.92e-17,yes,OR-Tools 9.15.6755,OR-Tools status OPTIMAL
ad28954,macbook-air-m4,Apple M4,10,none,,,2026-09-28T13:42:04,netlib,scfxm2,660,914,5183,ortools,pdlp,default,1e-8 (PDLP relative + absolute),60.0,Optimal,,0.595533,36660.26155746092,36660.26156499881,HiGHS optimum (optima.csv),2.06e-10,FAIL,3.58e-06,2.27e-08,4.76e-10,no,OR-Tools 9.15.6755,OR-Tools status OPTIMAL
ad28954,macbook-air-m4,Apple M4,10,none,,,2026-09-28T13:42:04,netlib,scfxm3,990,1371,7777,ps26119,auto,1,1e-8,60.0,Optimal,1487,0.089053,54901.254549751444,54901.254549751444,HiGHS optimum (optima.csv),0.00e+00,PASS,6.17e-12,9.63e-16,6.63e-17,yes,ps26119 0.1.0 (git ad28954),"auto: simplex (rows*nnz = 7.7e+06); phase-1 iters 972, bound flips 1, refactorizations 26, Bland episodes 0, Devex resets 16, tolerance tightenings 0; presolve removed 123 rows, 27 cols"
ad28954,macbook-air-m4,Apple M4,10,none,,,2026-09-28T13:42:04,netlib,scfxm3,990,1371,7777,ps26119,simplex,1,1e-8,60.0,Optimal,1487,0.089844,54901.254549751444,54901.254549751444,HiGHS optimum (optima.csv),0.00e+00,PASS,6.17e-12,9.63e-16,6.63e-17,yes,ps26119 0.1.0 (git ad28954),"phase-1 iters 972, bound flips 1, refactorizations 26, Bland episodes 0, Devex resets 16, tolerance tightenings 0; presolve removed 123 rows, 27 cols"
ad28954,macbook-air-m4,Apple M4,10,none,,,2026-09-28T13:42:04,netlib,scfxm3,990,1371,7777,ps26119,r2hpdhg,1,1e-8,60.0,Optimal,37184,0.606095,54901.254578010812,54901.254549751444,HiGHS optimum (optima.csv),5.15e-10,PASS,9.54e-07,2.34e-09,2.50e-10,yes,ps26119 0.1.0 (git ad28954),"presolve removed 123 rows, 27 cols"
ad28954,macbook-air-m4,Apple M4,10,none,,,2026-09-28T13:42:04,netlib,scfxm3,990,1371,7777,ps26119,r2hpdhg,10,1e-8,60.0,Optimal,37184,0.610401,54901.254578010812,54901.254549751444,HiGHS optimum (optima.csv),5.15e-10,PASS,9.54e-07,2.34e-09,2.50e-10,yes,ps26119 0.1.0 (git ad28954),"presolve removed 123 rows, 27 cols"
ad28954,macbook-air-m4,Apple M4,10,none,,,2026-09-28T13:42:04,netlib,scfxm3,990,1371,7777,highs,simplex,default,HiGHS defaults (1e-7 feasibility),60.0,Optimal,1167,0.027491,54901.254549751444,54901.254549751444,HiGHS optimum (optima.csv),0.00e+00,PASS,1.82e-12,6.46e-16,0.00e+00,yes,HiGHS 1.15.1,HiGHS model status kOptimal
ad28954,macbook-air-m4,Apple M4,10,none,,,2026-09-28T13:42:04,netlib,scfxm3,990,1371,7777,highs,ipm,default,HiGHS defaults (1e-7 feasibility),60.0,Optimal,22,0.044469,54901.254549751444,54901.254549751444,HiGHS optimum (optima.csv),0.00e+00,PASS,3.33e-12,1.29e-15,0.00e+00,yes,HiGHS 1.15.1,HiGHS model status kOptimal
ad28954,macbook-air-m4,Apple M4,10,none,,,2026-09-28T13:42:04,netlib,scfxm3,990,1371,7777,highs,pdlp,default,1e-8 (pdlp_optimality_tolerance),60.0,Optimal,31120,0.668885,54901.2545715637,54901.254549751444,HiGHS optimum (optima.csv),3.97e-10,PASS,6.81e-07,4.28e-07,4.14e-09,yes,HiGHS 1.15.1,HiGHS model status kOptimal
ad28954,macbook-air-m4,Apple M4,10,none,,,2026-09-28T13:42:04,netlib,scfxm3,990,1371,7777,ortools,glop,default,OR-Tools defaults,60.0,Optimal,,0.024023,54901.25454975145,54901.254549751444,HiGHS optimum (optima.csv),1.33e-16,PASS,9.83e-12,2.70e-15,0.00e+00,yes,OR-Tools 9.15.6755,OR-Tools status OPTIMAL
ad28954,macbook-air-m4,Apple M4,10,none,,,2026-09-28T13:42:04,netlib,scfxm3,990,1371,7777,ortools,pdlp,default,1e-8 (PDLP relative + absolute),60.0,Optimal,,1.018423,54901.254545009135,54901.254549751444,HiGHS optimum (optima.csv),8.64e-11,FAIL,1.69e-06,3.75e-08,6.66e-11,no,OR-Tools 9.15.6755,OR-Tools status OPTIMAL
ad28954,macbook-air-m4,Apple M4,10,none,,,2026-09-28T13:42:04,netlib,scorpion,388,358,1426,ps26119,auto,1,1e-8,60.0,Optimal,303,0.006899,1878.1248227381068,1878.1248227381068,HiGHS optimum (optima.csv),0.00e+00,PASS,3.33e-16,4.05e-16,1.21e-16,yes,ps26119 0.1.0 (git ad28954),"auto: simplex (rows*nnz = 5.5e+05); phase-1 iters 247, bound flips 1, refactorizations 10, Bland episodes 0, Devex resets 1, tolerance tightenings 0; presolve removed 91 rows, 23 cols"
ad28954,macbook-air-m4,Apple M4,10,none,,,2026-09-28T13:42:04,netlib,scorpion,388,358,1426,ps26119,simplex,1,1e-8,60.0,Optimal,303,0.006880,1878.1248227381068,1878.1248227381068,HiGHS optimum (optima.csv),0.00e+00,PASS,3.33e-16,4.05e-16,1.21e-16,yes,ps26119 0.1.0 (git ad28954),"phase-1 iters 247, bound flips 1, refactorizations 10, Bland episodes 0, Devex resets 1, tolerance tightenings 0; presolve removed 91 rows, 23 cols"
ad28954,macbook-air-m4,Apple M4,10,none,,,2026-09-28T13:42:04,netlib,scorpion,388,358,1426,ps26119,r2hpdhg,1,1e-8,60.0,Optimal,27200,0.079933,1878.1248268939648,1878.1248227381068,HiGHS optimum (optima.csv),2.21e-09,PASS,6.67e-09,2.61e-08,4.42e-09,yes,ps26119 0.1.0 (git ad28954),"presolve removed 91 rows, 23 cols"
ad28954,macbook-air-m4,Apple M4,10,none,,,2026-09-28T13:42:04,netlib,scorpion,388,358,1426,ps26119,r2hpdhg,10,1e-8,60.0,Optimal,27200,0.081315,1878.1248268939648,1878.1248227381068,HiGHS optimum (optima.csv),2.21e-09,PASS,6.67e-09,2.61e-08,4.42e-09,yes,ps26119 0.1.0 (git ad28954),"presolve removed 91 rows, 23 cols"
ad28954,macbook-air-m4,Apple M4,10,none,,,2026-09-28T13:42:04,netlib,scorpion,388,358,1426,highs,simplex,default,HiGHS defaults (1e-7 feasibility),60.0,Optimal,78,0.002430,1878.1248227381068,1878.1248227381068,HiGHS optimum (optima.csv),0.00e+00,PASS,3.33e-16,5.46e-16,1.82e-16,yes,HiGHS 1.15.1,HiGHS model status kOptimal
ad28954,macbook-air-m4,Apple M4,10,none,,,2026-09-28T13:42:04,netlib,scorpion,388,358,1426,highs,ipm,default,HiGHS defaults (1e-7 feasibility),60.0,Optimal,11,0.003374,1878.1248227381068,1878.1248227381068,HiGHS optimum (optima.csv),0.00e+00,PASS,3.33e-16,5.46e-16,1.82e-16,yes,HiGHS 1.15.1,HiGHS model status kOptimal
ad28954,macbook-air-m4,Apple M4,10,none,,,2026-09-28T13:42:04,netlib,scorpion,388,358,1426,highs,pdlp,default,1e-8 (pdlp_optimality_tolerance),60.0,Optimal,13360,0.021262,1878.1248068753823,1878.1248227381068,HiGHS optimum (optima.csv),8.44e-09,PASS,8.02e-08,1.87e-07,8.52e-10,yes,HiGHS 1.15.1,HiGHS model status kOptimal
ad28954,macbook-air-m4,Apple M4,10,none,,,2026-09-28T13:42:04,netlib,scorpion,388,358,1426,ortools,glop,default,OR-Tools defaults,60.0,Optimal,,0.003139,1878.124822738107,1878.1248227381068,HiGHS optimum (optima.csv),1.21e-16,PASS,3.33e-16,7.37e-16,1.82e-16,yes,OR-Tools 9.15.6755,OR-Tools status OPTIMAL
ad28954,macbook-air-m4,Apple M4,10,none,,,2026-09-28T13:42:04,netlib,scorpion,388,358,1426,ortools,pdlp,default,1e-8 (PDLP relative + absolute),60.0,Optimal,,0.279763,1878.1248155648607,1878.1248227381068,HiGHS optimum (optima.csv),3.82e-09,PASS,6.13e-09,3.08e-08,5.24e-09,yes,OR-Tools 9.15.6755,OR-Tools status OPTIMAL
ad28954,macbook-air-m4,Apple M4,10,none,,,2026-09-28T13:42:04,netlib,scrs8,490,1169,3182,ps26119,auto,1,1e-8,60.0,Optimal,622,0.025626,904.29695380079193,904.296953800792,HiGHS optimum (optima.csv),1.26e-16,PASS,1.24e-14,4.28e-16,1.26e-16,yes,ps26119 0.1.0 (git ad28954),"auto: simplex (rows*nnz = 1.6e+06); phase-1 iters 409, bound flips 0, refactorizations 32, Bland episodes 0, Devex resets 2, tolerance tightenings 0; presolve removed 36 rows, 32 cols"
ad28954,macbook-air-m4,Apple M4,10,none,,,2026-09-28T13:42:04,netlib,scrs8,490,1169,3182,ps26119,simplex,1,1e-8,60.0,Optimal,622,0.026915,904.29695380079193,904.296953800792,HiGHS optimum (optima.csv),1.26e-16,PASS,1.24e-14,4.28e-16,1.26e-16,yes,ps26119 0.1.0 (git ad28954),"phase-1 iters 409, bound flips 0, refactorizations 32, Bland episodes 0, Devex resets 2, tolerance tightenings 0; presolve removed 36 rows, 32 cols"
ad28954,macbook-air-m4,Apple M4,10,none,,,2026-09-28T13:42:04,netlib,scrs8,490,1169,3182,ps26119,r2hpdhg,1,1e-8,60.0,Optimal,25728,0.212685,904.29697080980543,904.296953800792,HiGHS optimum (optima.csv),1.88e-08,PASS,7.37e-07,1.14e-12,9.42e-09,yes,ps26119 0.1.0 (git ad28954),"presolve removed 36 rows, 32 cols"
ad28954,macbook-air-m4,Apple M4,10,none,,,2026-09-28T13:42:04,netlib,scrs8,490,1169,3182,ps26119,r2hpdhg,10,1e-8,60.0,Optimal,25728,0.211474,904.29697080980543,904.296953800792,HiGHS optimum (optima.csv),1.88e-08,PASS,7.37e-07,1.14e-12,9.42e-09,yes,ps26119 0.1.0 (git ad28954),"presolve removed 36 rows, 32 cols"
ad28954,macbook-air-m4,Apple M4,10,none,,,2026-09-28T13:42:04,netlib,scrs8,490,1169,3182,highs,simplex,default,HiGHS defaults (1e-7 feasibility),60.0,Optimal,361,0.007872,904.296953800792,904.296953800792,HiGHS optimum (optima.csv),0.00e+00,PASS,1.78e-15,2.14e-16,0.00e+00,yes,HiGHS 1.15.1,HiGHS model status kOptimal
ad28954,macbook-air-m4,Apple M4,10,none,,,2026-09-28T13:42:04,netlib,scrs8,490,1169,3182,highs,ipm,default,HiGHS defaults (1e-7 feasibility),60.0,Optimal,21,0.015949,904.296953800792,904.296953800792,HiGHS optimum (optima.csv),0.00e+00,PASS,1.78e-15,2.14e-16,0.00e+00,yes,HiGHS 1.15.1,HiGHS model status kOptimal
ad28954,macbook-air-m4,Apple M4,10,none,,,2026-09-28T13:42:04,netlib,scrs8,490,1169,3182,highs,pdlp,default,1e-8 (pdlp_optimality_tolerance),60.0,Optimal,24200,0.258102,904.2969893920496,904.296953800792,HiGHS optimum (optima.csv),3.93e-08,FAIL,3.84e-06,7.67e-10,7.60e-09,no,HiGHS 1.15.1,HiGHS model status kOptimal
ad28954,macbook-air-m4,Apple M4,10,none,,,2026-09-28T13:42:04,netlib,scrs8,490,1169,3182,ortools,glop,default,OR-Tools defaults,60.0,Optimal,,0.010620,904.2969538007915,904.296953800792,HiGHS optimum (optima.csv),6.28e-16,PASS,7.11e-15,8.57e-17,6.28e-17,yes,OR-Tools 9.15.6755,OR-Tools status OPTIMAL
ad28954,macbook-air-m4,Apple M4,10,none,,,2026-09-28T13:42:04,netlib,scrs8,490,1169,3182,ortools,pdlp,default,1e-8 (PDLP relative + absolute),60.0,Optimal,,1.775854,904.296937703471,904.296953800792,HiGHS optimum (optima.csv),1.78e-08,PASS,4.28e-08,6.32e-10,7.96e-09,yes,OR-Tools 9.15.6755,OR-Tools status OPTIMAL
ad28954,macbook-air-m4,Apple M4,10,none,,,2026-09-28T13:42:04,netlib,scsd1,77,760,2388,ps26119,auto,1,1e-8,60.0,Optimal,334,0.007448,8.6666666743333636,8.666666674333367,HiGHS optimum (optima.csv),3.68e-16,PASS,4.44e-17,2.50e-09,0.00e+00,yes,ps26119 0.1.0 (git ad28954),"auto: simplex (rows*nnz = 1.8e+05); phase-1 iters 92, bound flips 0, refactorizations 26, Bland episodes 0, Devex resets 1, tolerance tightenings 0"
ad28954,macbook-air-m4,Apple M4,10,none,,,2026-09-28T13:42:04,netlib,scsd1,77,760,2388,ps26119,simplex,1,1e-8,60.0,Optimal,334,0.007761,8.6666666743333636,8.666666674333367,HiGHS optimum (optima.csv),3.68e-16,PASS,4.44e-17,2.50e-09,0.00e+00,yes,ps26119 0.1.0 (git ad28954),"phase-1 iters 92, bound flips 0, refactorizations 26, Bland episodes 0, Devex resets 1, tolerance tightenings 0"
ad28954,macbook-air-m4,Apple M4,10,none,,,2026-09-28T13:42:04,netlib,scsd1,77,760,2388,ps26119,r2hpdhg,1,1e-8,60.0,Optimal,1280,0.007179,8.6666665690716993,8.666666674333367,HiGHS optimum (optima.csv),1.09e-08,PASS,7.33e-09,9.05e-10,4.39e-09,yes,ps26119 0.1.0 (git ad28954),
ad28954,macbook-air-m4,Apple M4,10,none,,,2026-09-28T13:42:04,netlib,scsd1,77,760,2388,ps26119,r2hpdhg,10,1e-8,60.0,Optimal,1280,0.007204,8.6666665690716993,8.666666674333367,HiGHS optimum (optima.csv),1.09e-08,PASS,7.33e-09,9.05e-10,4.39e-09,yes,ps26119 0.1.0 (git ad28954),
ad28954,macbook-air-m4,Apple M4,10,none,,,2026-09-28T13:42:04,netlib,scsd1,77,760,2388,highs,simplex,default,HiGHS defaults (1e-7 feasibility),60.0,Optimal,97,0.002377,8.666666674333367,8.666666674333367,HiGHS optimum (optima.csv),0.00e+00,PASS,3.89e-16,2.90e-09,5.81e-16,yes,HiGHS 1.15.1,HiGHS model status kOptimal
ad28954,macbook-air-m4,Apple M4,10,none,,,2026-09-28T13:42:04,netlib,scsd1,77,760,2388,highs,ipm,default,HiGHS defaults (1e-7 feasibility),60.0,Optimal,14,0.006248,8.666666674333367,8.666666674333367,HiGHS optimum (optima.csv),0.00e+00,PASS,1.67e-16,4.74e-09,0.00e+00,yes,HiGHS 1.15.1,HiGHS model status kOptimal
ad28954,macbook-air-m4,Apple M4,10,none,,,2026-09-28T13:42:04,netlib,scsd1,77,760,2388,highs,pdlp,default,1e-8 (pdlp_optimality_tolerance),60.0,Optimal,1560,0.016328,8.666666520271509,8.666666674333367,HiGHS optimum (optima.csv),1.59e-08,PASS,1.85e-08,1.57e-08,7.71e-09,yes,HiGHS 1.15.1,HiGHS model status kOptimal
ad28954,macbook-air-m4,Apple M4,10,none,,,2026-09-28T13:42:04,netlib,scsd1,77,760,2388,ortools,glop,default,OR-Tools defaults,60.0,Optimal,,0.003262,8.666666674333365,8.666666674333367,HiGHS optimum (optima.csv),1.84e-16,PASS,1.11e-16,8.88e-16,0.00e+00,yes,OR-Tools 9.15.6755,OR-Tools status OPTIMAL
ad28954,macbook-air-m4,Apple M4,10,none,,,2026-09-28T13:42:04,netlib,scsd1,77,760,2388,ortools,pdlp,default,1e-8 (PDLP relative + absolute),60.0,Optimal,,0.011459,8.666666852324907,8.666666674333367,HiGHS optimum (optima.csv),1.84e-08,PASS,4.27e-09,9.80e-10,9.37e-09,yes,OR-Tools 9.15.6755,OR-Tools status OPTIMAL
ad28954,macbook-air-m4,Apple M4,10,none,,,2026-09-28T13:42:04,netlib,scsd6,147,1350,4316,ps26119,auto,1,1e-8,60.0,Optimal,710,0.024214,50.500000078262374,50.50000007826242,HiGHS optimum (optima.csv),8.28e-16,PASS,1.67e-16,4.09e-09,0.00e+00,yes,ps26119 0.1.0 (git ad28954),"auto: simplex (rows*nnz = 6.3e+05); phase-1 iters 205, bound flips 0, refactorizations 45, Bland episodes 0, Devex resets 2, tolerance tightenings 1"
ad28954,macbook-air-m4,Apple M4,10,none,,,2026-09-28T13:42:04,netlib,scsd6,147,1350,4316,ps26119,simplex,1,1e-8,60.0,Optimal,710,0.024664,50.500000078262374,50.50000007826242,HiGHS optimum (optima.csv),8.28e-16,PASS,1.67e-16,4.09e-09,0.00e+00,yes,ps26119 0.1.0 (git ad28954),"phase-1 iters 205, bound flips 0, refactorizations 45, Bland episodes 0, Devex resets 2, tolerance tightenings 1"
ad28954,macbook-air-m4,Apple M4,10,none,,,2026-09-28T13:42:04,netlib,scsd6,147,1350,4316,ps26119,r2hpdhg,1,1e-8,60.0,Optimal,3648,0.037935,50.500000246284202,50.50000007826242,HiGHS optimum (optima.csv),3.26e-09,PASS,2.19e-09,4.73e-08,7.14e-09,yes,ps26119 0.1.0 (git ad28954),
ad28954,macbook-air-m4,Apple M4,10,none,,,2026-09-28T13:42:04,netlib,scsd6,147,1350,4316,ps26119,r2hpdhg,10,1e-8,60.0,Optimal,3648,0.038136,50.500000246284202,50.50000007826242,HiGHS optimum (optima.csv),3.26e-09,PASS,2.19e-09,4.73e-08,7.14e-09,yes,ps26119 0.1.0 (git ad28954),
ad28954,macbook-air-m4,Apple M4,10,none,,,2026-09-28T13:42:04,netlib,scsd6,147,1350,4316,highs,simplex,default,HiGHS defaults (1e-7 feasibility),60.0,Optimal,269,0.006623,50.50000007826242,50.50000007826242,HiGHS optimum (optima.csv),0.00e+00,PASS,2.78e-15,3.65e-09,4.18e-16,yes,HiGHS 1.15.1,HiGHS model status kOptimal
ad28954,macbook-air-m4,Apple M4,10,none,,,2026-09-28T13:42:04,netlib,scsd6,147,1350,4316,highs,ipm,default,HiGHS defaults (1e-7 feasibility),60.0,Optimal,24,0.016198,50.50000007714436,50.50000007826242,HiGHS optimum (optima.csv),2.17e-11,PASS,1.67e-16,1.39e-08,6.97e-17,yes,HiGHS 1.15.1,HiGHS model status kOptimal
ad28954,macbook-air-m4,Apple M4,10,none,,,2026-09-28T13:42:04,netlib,scsd6,147,1350,4316,highs,pdlp,default,1e-8 (pdlp_optimality_tolerance),60.0,Optimal,2480,0.048351,50.50000032439576,50.50000007826242,HiGHS optimum (optima.csv),4.78e-09,PASS,8.35e-08,3.78e-07,4.43e-09,yes,HiGHS 1.15.1,HiGHS model status kOptimal
ad28954,macbook-air-m4,Apple M4,10,none,,,2026-09-28T13:42:04,netlib,scsd6,147,1350,4316,ortools,glop,default,OR-Tools defaults,60.0,Optimal,,0.006839,50.50000007714435,50.50000007826242,HiGHS optimum (optima.csv),2.17e-11,PASS,5.62e-16,1.38e-09,2.09e-16,yes,OR-Tools 9.15.6755,OR-Tools status OPTIMAL
ad28954,macbook-air-m4,Apple M4,10,none,,,2026-09-28T13:42:04,netlib,scsd6,147,1350,4316,ortools,pdlp,default,1e-8 (PDLP relative + absolute),60.0,Optimal,,0.046615,50.49999986756962,50.50000007826242,HiGHS optimum (optima.csv),4.09e-09,PASS,3.45e-09,3.60e-09,2.03e-09,yes,OR-Tools 9.15.6755,OR-Tools status OPTIMAL
ad28954,macbook-air-m4,Apple M4,10,none,,,2026-09-28T13:42:04,netlib,scsd8,397,2750,8584,ps26119,auto,1,1e-8,60.0,Optimal,1994,0.130570,904.99999992546418,904.9999999254641,HiGHS optimum (optima.csv),1.25e-16,PASS,2.44e-15,8.36e-15,0.00e+00,yes,ps26119 0.1.0 (git ad28954),"auto: simplex (rows*nnz = 3.4e+06); phase-1 iters 505, bound flips 0, refactorizations 103, Bland episodes 0, Devex resets 4, tolerance tightenings 0"
ad28954,macbook-air-m4,Apple M4,10,none,,,2026-09-28T13:42:04,netlib,scsd8,397,2750,8584,ps26119,simplex,1,1e-8,60.0,Optimal,1994,0.132406,904.99999992546418,904.9999999254641,HiGHS optimum (optima.csv),1.25e-16,PASS,2.44e-15,8.36e-15,0.00e+00,yes,ps26119 0.1.0 (git ad28954),"phase-1 iters 505, bound flips 0, refactorizations 103, Bland episodes 0, Devex resets 4, tolerance tightenings 0"
ad28954,macbook-air-m4,Apple M4,10,none,,,2026-09-28T13:42:04,netlib,scsd8,397,2750,8584,ps26119,r2hpdhg,1,1e-8,60.0,Optimal,23616,0.448382,904.99999992545747,904.9999999254641,HiGHS optimum (optima.csv),7.28e-15,PASS,1.87e-08,1.05e-08,3.32e-14,yes,ps26119 0.1.0 (git ad28954),
ad28954,macbook-air-m4,Apple M4,10,none,,,2026-09-28T13:42:04,netlib,scsd8,397,2750,8584,ps26119,r2hpdhg,10,1e-8,60.0,Optimal,23616,0.446506,904.99999992545747,904.9999999254641,HiGHS optimum (optima.csv),7.28e-15,PASS,1.87e-08,1.05e-08,3.32e-14,yes,ps26119 0.1.0 (git ad28954),
ad28954,macbook-air-m4,Apple M4,10,none,,,2026-09-28T13:42:04,netlib,scsd8,397,2750,8584,highs,simplex,default,HiGHS defaults (1e-7 feasibility),60.0,Optimal,1054,0.039445,904.9999999254641,904.9999999254641,HiGHS optimum (optima.csv),0.00e+00,PASS,2.00e-15,2.25e-14,6.28e-17,yes,HiGHS 1.15.1,HiGHS model status kOptimal
ad28954,macbook-air-m4,Apple M4,10,none,,,2026-09-28T13:42:04,netlib,scsd8,397,2750,8584,highs,ipm,default,HiGHS defaults (1e-7 feasibility),60.0,Optimal,18,0.039918,904.9999999254636,904.9999999254641,HiGHS optimum (optima.csv),5.02e-16,PASS,1.07e-14,1.13e-13,0.00e+00,yes,HiGHS 1.15.1,HiGHS model status kOptimal
ad28954,macbook-air-m4,Apple M4,10,none,,,2026-09-28T13:42:04,netlib,scsd8,397,2750,8584,highs,pdlp,default,1e-8 (pdlp_optimality_tolerance),60.0,Optimal,20880,0.796787,904.9999999091254,904.9999999254641,HiGHS optimum (optima.csv),1.80e-11,PASS,1.17e-07,5.68e-07,2.82e-10,yes,HiGHS 1.15.1,HiGHS model status kOptimal
ad28954,macbook-air-m4,Apple M4,10,none,,,2026-09-28T13:42:04,netlib,scsd8,397,2750,8584,ortools,glop,default,OR-Tools defaults,60.0,Optimal,,0.022137,904.9999999254643,904.9999999254641,HiGHS optimum (optima.csv),2.51e-16,PASS,3.55e-15,2.28e-14,6.28e-17,yes,OR-Tools 9.15.6755,OR-Tools status OPTIMAL
ad28954,macbook-air-m4,Apple M4,10,none,,,2026-09-28T13:42:04,netlib,scsd8,397,2750,8584,ortools,pdlp,default,1e-8 (PDLP relative + absolute),60.0,Optimal,,0.588802,905.000000224014,904.9999999254641,HiGHS optimum (optima.csv),3.30e-10,PASS,1.55e-08,2.95e-08,2.02e-10,yes,OR-Tools 9.15.6755,OR-Tools status OPTIMAL
ad28954,macbook-air-m4,Apple M4,10,none,,,2026-09-28T13:42:04,netlib,sctap1,300,480,1692,ps26119,auto,1,1e-8,60.0,Optimal,361,0.008329,1412.25,1412.25,HiGHS optimum (optima.csv),0.00e+00,PASS,1.78e-15,3.51e-16,0.00e+00,yes,ps26119 0.1.0 (git ad28954),"auto: simplex (rows*nnz = 5.1e+05); phase-1 iters 215, bound flips 0, refactorizations 12, Bland episodes 0, Devex resets 0, tolerance tightenings 0"
ad28954,macbook-air-m4,Apple M4,10,none,,,2026-09-28T13:42:04,netlib,sctap1,300,480,1692,ps26119,simplex,1,1e-8,60.0,Optimal,361,0.008264,1412.25,1412.25,HiGHS optimum (optima.csv),0.00e+00,PASS,1.78e-15,3.51e-16,0.00e+00,yes,ps26119 0.1.0 (git ad28954),"phase-1 iters 215, bound flips 0, refactorizations 12, Bland episodes 0, Devex resets 0, tolerance tightenings 0"
ad28954,macbook-air-m4,Apple M4,10,none,,,2026-09-28T13:42:04,netlib,sctap1,300,480,1692,ps26119,r2hpdhg,1,1e-8,60.0,Optimal,2432,0.009632,1412.2500232090474,1412.25,HiGHS optimum (optima.csv),1.64e-08,PASS,7.93e-09,2.13e-08,8.41e-09,yes,ps26119 0.1.0 (git ad28954),
ad28954,macbook-air-m4,Apple M4,10,none,,,2026-09-28T13:42:04,netlib,sctap1,300,480,1692,ps26119,r2hpdhg,10,1e-8,60.0,Optimal,2432,0.009822,1412.2500232090474,1412.25,HiGHS optimum (optima.csv),1.64e-08,PASS,7.93e-09,2.13e-08,8.41e-09,yes,ps26119 0.1.0 (git ad28954),
ad28954,macbook-air-m4,Apple M4,10,none,,,2026-09-28T13:42:04,netlib,sctap1,300,480,1692,highs,simplex,default,HiGHS defaults (1e-7 feasibility),60.0,Optimal,323,0.005203,1412.25,1412.25,HiGHS optimum (optima.csv),0.00e+00,PASS,3.55e-15,3.51e-16,0.00e+00,yes,HiGHS 1.15.1,HiGHS model status kOptimal
ad28954,macbook-air-m4,Apple M4,10,none,,,2026-09-28T13:42:04,netlib,sctap1,300,480,1692,highs,ipm,default,HiGHS defaults (1e-7 feasibility),60.0,Optimal,21,0.011866,1412.2499999999998,1412.25,HiGHS optimum (optima.csv),1.61e-16,PASS,3.55e-15,1.40e-15,0.00e+00,yes,HiGHS 1.15.1,HiGHS model status kOptimal
ad28954,macbook-air-m4,Apple M4,10,none,,,2026-09-28T13:42:04,netlib,sctap1,300,480,1692,highs,pdlp,default,1e-8 (pdlp_optimality_tolerance),60.0,Optimal,3000,0.020505,1412.2499662906312,1412.25,HiGHS optimum (optima.csv),2.39e-08,PASS,2.12e-07,3.35e-07,6.35e-09,yes,HiGHS 1.15.1,HiGHS model status kOptimal
ad28954,macbook-air-m4,Apple M4,10,none,,,2026-09-28T13:42:04,netlib,sctap1,300,480,1692,ortools,glop,default,OR-Tools defaults,60.0,Optimal,,0.003160,1412.2499999999993,1412.25,HiGHS optimum (optima.csv),4.83e-16,PASS,1.60e-14,7.02e-16,8.05e-17,yes,OR-Tools 9.15.6755,OR-Tools status OPTIMAL
ad28954,macbook-air-m4,Apple M4,10,none,,,2026-09-28T13:42:04,netlib,sctap1,300,480,1692,ortools,pdlp,default,1e-8 (PDLP relative + absolute),60.0,Optimal,,0.043062,1412.2499835100198,1412.25,HiGHS optimum (optima.csv),1.17e-08,PASS,4.63e-08,4.31e-08,7.21e-09,yes,OR-Tools 9.15.6755,OR-Tools status OPTIMAL
ad28954,macbook-air-m4,Apple M4,10,none,,,2026-09-28T13:42:04,netlib,sctap2,1090,1880,6714,ps26119,auto,1,1e-8,60.0,Optimal,1178,0.063680,1724.8071428571429,1724.807142857143,HiGHS optimum (optima.csv),0.00e+00,PASS,3.55e-15,8.77e-17,6.59e-17,yes,ps26119 0.1.0 (git ad28954),"auto: simplex (rows*nnz = 7.3e+06); phase-1 iters 654, bound flips 0, refactorizations 21, Bland episodes 0, Devex resets 1, tolerance tightenings 0"
ad28954,macbook-air-m4,Apple M4,10,none,,,2026-09-28T13:42:04,netlib,sctap2,1090,1880,6714,ps26119,simplex,1,1e-8,60.0,Optimal,1178,0.063780,1724.8071428571429,1724.807142857143,HiGHS optimum (optima.csv),0.00e+00,PASS,3.55e-15,8.77e-17,6.59e-17,yes,ps26119 0.1.0 (git ad28954),"phase-1 iters 654, bound flips 0, refactorizations 21, Bland episodes 0, Devex resets 1, tolerance tightenings 0"
ad28954,macbook-air-m4,Apple M4,10,none,,,2026-09-28T13:42:04,netlib,sctap2,1090,1880,6714,ps26119,r2hpdhg,1,1e-8,60.0,Optimal,1536,0.027136,1724.8071545081093,1724.807142857143,HiGHS optimum (optima.csv),6.75e-09,PASS,5.96e-08,3.57e-08,3.64e-09,yes,ps26119 0.1.0 (git ad28954),
ad28954,macbook-air-m4,Apple M4,10,none,,,2026-09-28T13:42:04,netlib,sctap2,1090,1880,6714,ps26119,r2hpdhg,10,1e-8,60.0,Optimal,1536,0.027341,1724.8071545081093,1724.807142857143,HiGHS optimum (optima.csv),6.75e-09,PASS,5.96e-08,3.57e-08,3.64e-09,yes,ps26119 0.1.0 (git ad28954),
ad28954,macbook-air-m4,Apple M4,10,none,,,2026-09-28T13:42:04,netlib,sctap2,1090,1880,6714,highs,simplex,default,HiGHS defaults (1e-7 feasibility),60.0,Optimal,746,0.010652,1724.807142857143,1724.807142857143,HiGHS optimum (optima.csv),0.00e+00,PASS,1.48e-16,1.75e-16,0.00e+00,yes,HiGHS 1.15.1,HiGHS model status kOptimal
ad28954,macbook-air-m4,Apple M4,10,none,,,2026-09-28T13:42:04,netlib,sctap2,1090,1880,6714,highs,ipm,default,HiGHS defaults (1e-7 feasibility),60.0,Optimal,19,0.029067,1724.807142857143,1724.807142857143,HiGHS optimum (optima.csv),0.00e+00,PASS,0.00e+00,1.75e-16,6.59e-17,yes,HiGHS 1.15.1,HiGHS model status kOptimal
ad28954,macbook-air-m4,Apple M4,10,none,,,2026-09-28T13:42:04,netlib,sctap2,1090,1880,6714,highs,pdlp,default,1e-8 (pdlp_optimality_tolerance),60.0,Optimal,1480,0.046612,1724.8071064475878,1724.807142857143,HiGHS optimum (optima.csv),2.11e-08,PASS,7.54e-07,8.36e-08,4.93e-09,yes,HiGHS 1.15.1,HiGHS model status kOptimal
ad28954,macbook-air-m4,Apple M4,10,none,,,2026-09-28T13:42:04,netlib,sctap2,1090,1880,6714,ortools,glop,default,OR-Tools defaults,60.0,Optimal,,0.008393,1724.8071428571427,1724.807142857143,HiGHS optimum (optima.csv),1.32e-16,PASS,1.07e-14,1.75e-16,0.00e+00,yes,OR-Tools 9.15.6755,OR-Tools status OPTIMAL
ad28954,macbook-air-m4,Apple M4,10,none,,,2026-09-28T13:42:04,netlib,sctap2,1090,1880,6714,ortools,pdlp,default,1e-8 (PDLP relative + absolute),60.0,Optimal,,0.065203,1724.8071636477775,1724.807142857143,HiGHS optimum (optima.csv),1.20e-08,PASS,2.53e-07,2.02e-08,6.53e-09,yes,OR-Tools 9.15.6755,OR-Tools status OPTIMAL
ad28954,macbook-air-m4,Apple M4,10,none,,,2026-09-28T13:42:04,netlib,sctap3,1480,2480,8874,ps26119,auto,1,1e-8,60.0,Optimal,1819,0.130267,1424,1424.0,HiGHS optimum (optima.csv),0.00e+00,PASS,0.00e+00,4.39e-17,0.00e+00,yes,ps26119 0.1.0 (git ad28954),"auto: simplex (rows*nnz = 1.3e+07); phase-1 iters 954, bound flips 0, refactorizations 30, Bland episodes 0, Devex resets 2, tolerance tightenings 0"
ad28954,macbook-air-m4,Apple M4,10,none,,,2026-09-28T13:42:04,netlib,sctap3,1480,2480,8874,ps26119,simplex,1,1e-8,60.0,Optimal,1819,0.134090,1424,1424.0,HiGHS optimum (optima.csv),0.00e+00,PASS,0.00e+00,4.39e-17,0.00e+00,yes,ps26119 0.1.0 (git ad28954),"phase-1 iters 954, bound flips 0, refactorizations 30, Bland episodes 0, Devex resets 2, tolerance tightenings 0"
ad28954,macbook-air-m4,Apple M4,10,none,,,2026-09-28T13:42:04,netlib,sctap3,1480,2480,8874,ps26119,r2hpdhg,1,1e-8,60.0,Optimal,1088,0.027347,1424.0000077673649,1424.0,HiGHS optimum (optima.csv),5.45e-09,PASS,1.35e-07,4.17e-08,1.06e-09,yes,ps26119 0.1.0 (git ad28954),
ad28954,macbook-air-m4,Apple M4,10,none,,,2026-09-28T13:42:04,netlib,sctap3,1480,2480,8874,ps26119,r2hpdhg,10,1e-8,60.0,Optimal,1088,0.027148,1424.0000077673649,1424.0,HiGHS optimum (optima.csv),5.45e-09,PASS,1.35e-07,4.17e-08,1.06e-09,yes,ps26119 0.1.0 (git ad28954),
ad28954,macbook-air-m4,Apple M4,10,none,,,2026-09-28T13:42:04,netlib,sctap3,1480,2480,8874,highs,simplex,default,HiGHS defaults (1e-7 feasibility),60.0,Optimal,974,0.013826,1424.0,1424.0,HiGHS optimum (optima.csv),0.00e+00,PASS,1.78e-15,1.75e-16,0.00e+00,yes,HiGHS 1.15.1,HiGHS model status kOptimal
ad28954,macbook-air-m4,Apple M4,10,none,,,2026-09-28T13:42:04,netlib,sctap3,1480,2480,8874,highs,ipm,default,HiGHS defaults (1e-7 feasibility),60.0,Optimal,20,0.043634,1424.0,1424.0,HiGHS optimum (optima.csv),0.00e+00,PASS,0.00e+00,1.75e-16,0.00e+00,yes,HiGHS 1.15.1,HiGHS model status kOptimal
ad28954,macbook-air-m4,Apple M4,10,none,,,2026-09-28T13:42:04,netlib,sctap3,1480,2480,8874,highs,pdlp,default,1e-8 (pdlp_optimality_tolerance),60.0,Optimal,960,0.044153,1424.000043486476,1424.0,HiGHS optimum (optima.csv),3.05e-08,PASS,6.31e-07,1.33e-07,3.46e-09,yes,HiGHS 1.15.1,HiGHS model status kOptimal
ad28954,macbook-air-m4,Apple M4,10,none,,,2026-09-28T13:42:04,netlib,sctap3,1480,2480,8874,ortools,glop,default,OR-Tools defaults,60.0,Optimal,,0.013938,1423.9999999999998,1424.0,HiGHS optimum (optima.csv),1.60e-16,PASS,7.11e-15,8.77e-17,0.00e+00,yes,OR-Tools 9.15.6755,OR-Tools status OPTIMAL
ad28954,macbook-air-m4,Apple M4,10,none,,,2026-09-28T13:42:04,netlib,sctap3,1480,2480,8874,ortools,pdlp,default,1e-8 (PDLP relative + absolute),60.0,Optimal,,0.051056,1424.0000049226626,1424.0,HiGHS optimum (optima.csv),3.45e-09,PASS,1.19e-07,8.74e-08,1.16e-09,yes,OR-Tools 9.15.6755,OR-Tools status OPTIMAL
ad28954,macbook-air-m4,Apple M4,10,none,,,2026-09-28T13:42:04,netlib,seba,515,1028,4352,ps26119,auto,1,1e-8,60.0,Optimal,524,0.023983,15711.599999999999,15711.599999999999,HiGHS optimum (optima.csv),0.00e+00,PASS,0.00e+00,0.00e+00,5.79e-17,yes,ps26119 0.1.0 (git ad28954),"auto: simplex (rows*nnz = 2.2e+06); phase-1 iters 481, bound flips 24, refactorizations 24, Bland episodes 0, Devex resets 0, tolerance tightenings 0"
ad28954,macbook-air-m4,Apple M4,10,none,,,2026-09-28T13:42:04,netlib,seba,515,1028,4352,ps26119,simplex,1,1e-8,60.0,Optimal,524,0.023401,15711.599999999999,15711.599999999999,HiGHS optimum (optima.csv),0.00e+00,PASS,0.00e+00,0.00e+00,5.79e-17,yes,ps26119 0.1.0 (git ad28954),"phase-1 iters 481, bound flips 24, refactorizations 24, Bland episodes 0, Devex resets 0, tolerance tightenings 0"
ad28954,macbook-air-m4,Apple M4,10,none,,,2026-09-28T13:42:04,netlib,seba,515,1028,4352,ps26119,r2hpdhg,1,1e-8,60.0,Optimal,4864,0.059760,15711.599985531077,15711.599999999999,HiGHS optimum (optima.csv),9.21e-10,PASS,5.51e-07,3.46e-12,4.98e-10,yes,ps26119 0.1.0 (git ad28954),
ad28954,macbook-air-m4,Apple M4,10,none,,,2026-09-28T13:42:04,netlib,seba,515,1028,4352,ps26119,r2hpdhg,10,1e-8,60.0,Optimal,4864,0.059375,15711.599985531077,15711.599999999999,HiGHS optimum (optima.csv),9.21e-10,PASS,5.51e-07,3.46e-12,4.98e-10,yes,ps26119 0.1.0 (git ad28954),
ad28954,macbook-air-m4,Apple M4,10,none,,,2026-09-28T13:42:04,netlib,seba,515,1028,4352,highs,simplex,default,HiGHS defaults (1e-7 feasibility),60.0,Optimal,1,0.003343,15711.599999999999,15711.599999999999,HiGHS optimum (optima.csv),0.00e+00,PASS,0.00e+00,0.00e+00,5.79e-17,yes,HiGHS 1.15.1,HiGHS model status kOptimal
ad28954,macbook-air-m4,Apple M4,10,none,,,2026-09-28T13:42:04,netlib,seba,515,1028,4352,highs,ipm,default,HiGHS defaults (1e-7 feasibility),60.0,Optimal,7,0.003319,15711.599999999999,15711.599999999999,HiGHS optimum (optima.csv),0.00e+00,PASS,0.00e+00,0.00e+00,5.79e-17,yes,HiGHS 1.15.1,HiGHS model status kOptimal
ad28954,macbook-air-m4,Apple M4,10,none,,,2026-09-28T13:42:04,netlib,seba,515,1028,4352,highs,pdlp,default,1e-8 (pdlp_optimality_tolerance),60.0,Optimal,40,0.002505,15711.599999999999,15711.599999999999,HiGHS optimum (optima.csv),0.00e+00,PASS,0.00e+00,0.00e+00,0.00e+00,yes,HiGHS 1.15.1,HiGHS model status kOptimal
ad28954,macbook-air-m4,Apple M4,10,none,,,2026-09-28T13:42:04,netlib,seba,515,1028,4352,ortools,glop,default,OR-Tools defaults,60.0,Optimal,,0.002258,15711.6,15711.599999999999,HiGHS optimum (optima.csv),1.16e-16,PASS,0.00e+00,1.65e-15,2.89e-16,yes,OR-Tools 9.15.6755,OR-Tools status OPTIMAL
ad28954,macbook-air-m4,Apple M4,10,none,,,2026-09-28T13:42:04,netlib,seba,515,1028,4352,ortools,pdlp,default,1e-8 (PDLP relative + absolute),60.0,Optimal,,0.245124,15711.600049712099,15711.599999999999,HiGHS optimum (optima.csv),3.16e-09,PASS,5.91e-07,1.20e-11,1.74e-09,yes,OR-Tools 9.15.6755,OR-Tools status OPTIMAL
ad28954,macbook-air-m4,Apple M4,10,none,,,2026-09-28T13:42:04,netlib,share1b,117,225,1151,ps26119,auto,1,1e-8,60.0,Optimal,191,0.003407,-76589.318579185725,-76589.31857918571,HiGHS optimum (optima.csv),1.90e-16,PASS,1.79e-10,2.53e-16,9.50e-17,yes,ps26119 0.1.0 (git ad28954),"auto: simplex (rows*nnz = 1.3e+05); phase-1 iters 155, bound flips 0, refactorizations 8, Bland episodes 0, Devex resets 2, tolerance tightenings 0; presolve removed 7 rows, 5 cols"
ad28954,macbook-air-m4,Apple M4,10,none,,,2026-09-28T13:42:04,netlib,share1b,117,225,1151,ps26119,simplex,1,1e-8,60.0,Optimal,191,0.003323,-76589.318579185725,-76589.31857918571,HiGHS optimum (optima.csv),1.90e-16,PASS,1.79e-10,2.53e-16,9.50e-17,yes,ps26119 0.1.0 (git ad28954),"phase-1 iters 155, bound flips 0, refactorizations 8, Bland episodes 0, Devex resets 2, tolerance tightenings 0; presolve removed 7 rows, 5 cols"
ad28954,macbook-air-m4,Apple M4,10,none,,,2026-09-28T13:42:04,netlib,share1b,117,225,1151,ps26119,r2hpdhg,1,1e-8,60.0,Optimal,50368,0.109784,-76589.318583425716,-76589.31857918571,HiGHS optimum (optima.csv),5.54e-11,PASS,9.03e-07,1.75e-14,2.68e-11,yes,ps26119 0.1.0 (git ad28954),"presolve removed 7 rows, 5 cols"
ad28954,macbook-air-m4,Apple M4,10,none,,,2026-09-28T13:42:04,netlib,share1b,117,225,1151,ps26119,r2hpdhg,10,1e-8,60.0,Optimal,50368,0.113275,-76589.318583425716,-76589.31857918571,HiGHS optimum (optima.csv),5.54e-11,PASS,9.03e-07,1.75e-14,2.68e-11,yes,ps26119 0.1.0 (git ad28954),"presolve removed 7 rows, 5 cols"
ad28954,macbook-air-m4,Apple M4,10,none,,,2026-09-28T13:42:04,netlib,share1b,117,225,1151,highs,simplex,default,HiGHS defaults (1e-7 feasibility),60.0,Optimal,160,0.002907,-76589.31857918571,-76589.31857918571,HiGHS optimum (optima.csv),0.00e+00,PASS,1.41e-10,2.53e-16,5.70e-16,yes,HiGHS 1.15.1,HiGHS model status kOptimal
ad28954,macbook-air-m4,Apple M4,10,none,,,2026-09-28T13:42:04,netlib,share1b,117,225,1151,highs,ipm,default,HiGHS defaults (1e-7 feasibility),60.0,Optimal,22,0.007734,-76589.31857918571,-76589.31857918571,HiGHS optimum (optima.csv),0.00e+00,PASS,1.41e-10,2.53e-16,5.70e-16,yes,HiGHS 1.15.1,HiGHS model status kOptimal
ad28954,macbook-air-m4,Apple M4,10,none,,,2026-09-28T13:42:04,netlib,share1b,117,225,1151,highs,pdlp,default,1e-8 (pdlp_optimality_tolerance),60.0,Optimal,22760,0.075919,-76589.31561010932,-76589.31857918571,HiGHS optimum (optima.csv),3.88e-08,FAIL,1.85e-02,7.00e-10,4.93e-09,no,HiGHS 1.15.1,HiGHS model status kOptimal
ad28954,macbook-air-m4,Apple M4,10,none,,,2026-09-28T13:42:04,netlib,share1b,117,225,1151,ortools,glop,default,OR-Tools defaults,60.0,Optimal,,0.003481,-76589.31857918564,-76589.31857918571,HiGHS optimum (optima.csv),9.50e-16,PASS,1.77e-10,2.81e-16,1.90e-16,yes,OR-Tools 9.15.6755,OR-Tools status OPTIMAL
ad28954,macbook-air-m4,Apple M4,10,none,,,2026-09-28T13:42:04,netlib,share1b,117,225,1151,ortools,pdlp,default,1e-8 (PDLP relative + absolute),60.0,Optimal,,0.278094,-76589.3188548503,-76589.31857918571,HiGHS optimum (optima.csv),3.60e-09,FAIL,4.41e-05,4.51e-12,1.51e-09,no,OR-Tools 9.15.6755,OR-Tools status OPTIMAL
ad28954,macbook-air-m4,Apple M4,10,none,,,2026-09-28T13:42:04,netlib,share2b,96,79,694,ps26119,auto,1,1e-8,60.0,Optimal,102,0.001700,-415.73224074142001,-415.7322407414195,HiGHS optimum (optima.csv),1.23e-15,PASS,2.27e-13,1.18e-14,8.88e-16,yes,ps26119 0.1.0 (git ad28954),"auto: simplex (rows*nnz = 6.7e+04); phase-1 iters 60, bound flips 0, refactorizations 6, Bland episodes 0, Devex resets 2, tolerance tightenings 0; presolve removed 3 rows, 0 cols"
ad28954,macbook-air-m4,Apple M4,10,none,,,2026-09-28T13:42:04,netlib,share2b,96,79,694,ps26119,simplex,1,1e-8,60.0,Optimal,102,0.001696,-415.73224074142001,-415.7322407414195,HiGHS optimum (optima.csv),1.23e-15,PASS,2.27e-13,1.18e-14,8.88e-16,yes,ps26119 0.1.0 (git ad28954),"phase-1 iters 60, bound flips 0, refactorizations 6, Bland episodes 0, Devex resets 2, tolerance tightenings 0; presolve removed 3 rows, 0 cols"
ad28954,macbook-air-m4,Apple M4,10,none,,,2026-09-28T13:42:04,netlib,share2b,96,79,694,ps26119,r2hpdhg,1,1e-8,60.0,Optimal,49344,0.064875,-415.7322330469845,-415.7322407414195,HiGHS optimum (optima.csv),1.85e-08,PASS,1.41e-08,7.01e-09,8.34e-09,yes,ps26119 0.1.0 (git ad28954),"presolve removed 3 rows, 0 cols"
ad28954,macbook-air-m4,Apple M4,10,none,,,2026-09-28T13:42:04,netlib,share2b,96,79,694,ps26119,r2hpdhg,10,1e-8,60.0,Optimal,49344,0.065330,-415.7322330469845,-415.7322407414195,HiGHS optimum (optima.csv),1.85e-08,PASS,1.41e-08,7.01e-09,8.34e-09,yes,ps26119 0.1.0 (git ad28954),"presolve removed 3 rows, 0 cols"
ad28954,macbook-air-m4,Apple M4,10,none,,,2026-09-28T13:42:04,netlib,share2b,96,79,694,highs,simplex,default,HiGHS defaults (1e-7 feasibility),60.0,Optimal,99,0.001741,-415.7322407414195,-415.7322407414195,HiGHS optimum (optima.csv),0.00e+00,PASS,6.82e-13,2.37e-14,2.05e-15,yes,HiGHS 1.15.1,HiGHS model status kOptimal
ad28954,macbook-air-m4,Apple M4,10,none,,,2026-09-28T13:42:04,netlib,share2b,96,79,694,highs,ipm,default,HiGHS defaults (1e-7 feasibility),60.0,Optimal,15,0.004247,-415.73224074141933,-415.7322407414195,HiGHS optimum (optima.csv),4.09e-16,PASS,4.55e-13,5.92e-14,1.02e-15,yes,HiGHS 1.15.1,HiGHS model status kOptimal
ad28954,macbook-air-m4,Apple M4,10,none,,,2026-09-28T13:42:04,netlib,share2b,96,79,694,highs,pdlp,default,1e-8 (pdlp_optimality_tolerance),60.0,Optimal,2280,0.005219,-415.73223456357493,-415.7322407414195,HiGHS optimum (optima.csv),1.48e-08,FAIL,1.41e-06,9.40e-08,3.20e-09,no,HiGHS 1.15.1,HiGHS model status kOptimal
ad28954,macbook-air-m4,Apple M4,10,none,,,2026-09-28T13:42:04,netlib,share2b,96,79,694,ortools,glop,default,OR-Tools defaults,60.0,Optimal,,0.001508,-415.73224074142047,-415.7322407414195,HiGHS optimum (optima.csv),2.32e-15,PASS,4.55e-13,1.63e-14,8.19e-16,yes,OR-Tools 9.15.6755,OR-Tools status OPTIMAL
ad28954,macbook-air-m4,Apple M4,10,none,,,2026-09-28T13:42:04,netlib,share2b,96,79,694,ortools,pdlp,default,1e-8 (PDLP relative + absolute),60.0,Optimal,,0.192289,-415.7322420951091,-415.7322407414195,HiGHS optimum (optima.csv),3.25e-09,PASS,3.57e-07,4.87e-09,1.04e-09,yes,OR-Tools 9.15.6755,OR-Tools status OPTIMAL
ad28954,macbook-air-m4,Apple M4,10,none,,,2026-09-28T13:42:04,netlib,shell,536,1775,3556,ps26119,auto,1,1e-8,60.0,Optimal,699,0.016922,1208825346,1208825346.0,HiGHS optimum (optima.csv),0.00e+00,PASS,0.00e+00,0.00e+00,0.00e+00,yes,ps26119 0.1.0 (git ad28954),"auto: simplex (rows*nnz = 1.9e+06); phase-1 iters 550, bound flips 2, refactorizations 8, Bland episodes 0, Devex resets 0, tolerance tightenings 0; presolve removed 49 rows, 299 cols"
ad28954,macbook-air-m4,Apple M4,10,none,,,2026-09-28T13:42:04,netlib,shell,536,1775,3556,ps26119,simplex,1,1e-8,60.0,Optimal,699,0.016941,1208825346,1208825346.0,HiGHS optimum (optima.csv),0.00e+00,PASS,0.00e+00,0.00e+00,0.00e+00,yes,ps26119 0.1.0 (git ad28954),"phase-1 iters 550, bound flips 2, refactorizations 8, Bland episodes 0, Devex resets 0, tolerance tightenings 0; presolve removed 49 rows, 299 cols"
ad28954,macbook-air-m4,Apple M4,10,none,,,2026-09-28T13:42:04,netlib,shell,536,1775,3556,ps26119,r2hpdhg,1,1e-8,60.0,Optimal,27712,0.278372,1208825346.0026531,1208825346.0,HiGHS optimum (optima.csv),2.19e-12,PASS,7.97e-07,4.42e-13,1.07e-12,yes,ps26119 0.1.0 (git ad28954),"presolve removed 49 rows, 299 cols; postsolved point missed the tolerance, fell back to solving the original"
ad28954,macbook-air-m4,Apple M4,10,none,,,2026-09-28T13:42:04,netlib,shell,536,1775,3556,ps26119,r2hpdhg,10,1e-8,60.0,Optimal,27712,0.276446,1208825346.0026531,1208825346.0,HiGHS optimum (optima.csv),2.19e-12,PASS,7.97e-07,4.42e-13,1.07e-12,yes,ps26119 0.1.0 (git ad28954),"presolve removed 49 rows, 299 cols; postsolved point missed the tolerance, fell back to solving the original"
ad28954,macbook-air-m4,Apple M4,10,none,,,2026-09-28T13:42:04,netlib,shell,536,1775,3556,highs,simplex,default,HiGHS defaults (1e-7 feasibility),60.0,Optimal,325,0.011728,1208825346.0,1208825346.0,HiGHS optimum (optima.csv),0.00e+00,PASS,0.00e+00,0.00e+00,0.00e+00,yes,HiGHS 1.15.1,HiGHS model status kOptimal
ad28954,macbook-air-m4,Apple M4,10,none,,,2026-09-28T13:42:04,netlib,shell,536,1775,3556,highs,ipm,default,HiGHS defaults (1e-7 feasibility),60.0,Optimal,20,0.019321,1208825346.0,1208825346.0,HiGHS optimum (optima.csv),0.00e+00,PASS,0.00e+00,0.00e+00,0.00e+00,yes,HiGHS 1.15.1,HiGHS model status kOptimal
ad28954,macbook-air-m4,Apple M4,10,none,,,2026-09-28T13:42:04,netlib,shell,536,1775,3556,highs,pdlp,default,1e-8 (pdlp_optimality_tolerance),60.0,Optimal,8800,0.129280,1208825345.6872342,1208825346.0,HiGHS optimum (optima.csv),2.59e-10,FAIL,1.97e-03,9.73e-08,4.47e-10,no,HiGHS 1.15.1,HiGHS model status kOptimal
ad28954,macbook-air-m4,Apple M4,10,none,,,2026-09-28T13:42:04,netlib,shell,536,1775,3556,ortools,glop,default,OR-Tools defaults,60.0,Optimal,,0.007113,1208825346.0,1208825346.0,HiGHS optimum (optima.csv),0.00e+00,PASS,0.00e+00,0.00e+00,0.00e+00,yes,OR-Tools 9.15.6755,OR-Tools status OPTIMAL
ad28954,macbook-air-m4,Apple M4,10,none,,,2026-09-28T13:42:04,netlib,shell,536,1775,3556,ortools,pdlp,default,1e-8 (PDLP relative + absolute),60.0,Optimal,,0.274820,1208825346.5596685,1208825346.0,HiGHS optimum (optima.csv),4.63e-10,FAIL,1.35e-04,3.93e-12,2.32e-10,no,OR-Tools 9.15.6755,OR-Tools status OPTIMAL
ad28954,macbook-air-m4,Apple M4,10,none,,,2026-09-28T13:42:04,netlib,ship04l,402,2118,6332,ps26119,auto,1,1e-8,60.0,Optimal,480,0.015805,1793324.5379703559,1793324.5379703562,HiGHS optimum (optima.csv),1.30e-16,PASS,4.09e-14,6.17e-17,0.00e+00,yes,ps26119 0.1.0 (git ad28954),"auto: simplex (rows*nnz = 2.5e+06); phase-1 iters 313, bound flips 0, refactorizations 6, Bland episodes 0, Devex resets 0, tolerance tightenings 0; presolve removed 46 rows, 4 cols"
ad28954,macbook-air-m4,Apple M4,10,none,,,2026-09-28T13:42:04,netlib,ship04l,402,2118,6332,ps26119,simplex,1,1e-8,60.0,Optimal,480,0.016001,1793324.5379703559,1793324.5379703562,HiGHS optimum (optima.csv),1.30e-16,PASS,4.09e-14,6.17e-17,0.00e+00,yes,ps26119 0.1.0 (git ad28954),"phase-1 iters 313, bound flips 0, refactorizations 6, Bland episodes 0, Devex resets 0, tolerance tightenings 0; presolve removed 46 rows, 4 cols"
ad28954,macbook-air-m4,Apple M4,10,none,,,2026-09-28T13:42:04,netlib,ship04l,402,2118,6332,ps26119,r2hpdhg,1,1e-8,60.0,Optimal,5760,0.094342,1793324.5236307965,1793324.5379703562,HiGHS optimum (optima.csv),8.00e-09,PASS,1.47e-07,2.88e-09,4.34e-09,yes,ps26119 0.1.0 (git ad28954),"presolve removed 46 rows, 4 cols"
ad28954,macbook-air-m4,Apple M4,10,none,,,2026-09-28T13:42:04,netlib,ship04l,402,2118,6332,ps26119,r2hpdhg,10,1e-8,60.0,Optimal,5760,0.094920,1793324.5236307965,1793324.5379703562,HiGHS optimum (optima.csv),8.00e-09,PASS,1.47e-07,2.88e-09,4.34e-09,yes,ps26119 0.1.0 (git ad28954),"presolve removed 46 rows, 4 cols"
ad28954,macbook-air-m4,Apple M4,10,none,,,2026-09-28T13:42:04,netlib,ship04l,402,2118,6332,highs,simplex,default,HiGHS defaults (1e-7 feasibility),60.0,Optimal,380,0.006991,1793324.5379703562,1793324.5379703562,HiGHS optimum (optima.csv),0.00e+00,PASS,1.66e-14,6.17e-17,0.00e+00,yes,HiGHS 1.15.1,HiGHS model status kOptimal
ad28954,macbook-air-m4,Apple M4,10,none,,,2026-09-28T13:42:04,netlib,ship04l,402,2118,6332,highs,ipm,default,HiGHS defaults (1e-7 feasibility),60.0,Optimal,16,0.016547,1793324.537970356,1793324.5379703562,HiGHS optimum (optima.csv),1.30e-16,PASS,4.09e-14,6.17e-17,6.49e-17,yes,HiGHS 1.15.1,HiGHS model status kOptimal
ad28954,macbook-air-m4,Apple M4,10,none,,,2026-09-28T13:42:04,netlib,ship04l,402,2118,6332,highs,pdlp,default,1e-8 (pdlp_optimality_tolerance),60.0,Optimal,14120,0.316826,1793324.5528645192,1793324.5379703562,HiGHS optimum (optima.csv),8.31e-09,PASS,3.84e-07,4.59e-09,3.35e-09,yes,HiGHS 1.15.1,HiGHS model status kOptimal
ad28954,macbook-air-m4,Apple M4,10,none,,,2026-09-28T13:42:04,netlib,ship04l,402,2118,6332,ortools,glop,default,OR-Tools defaults,60.0,Optimal,,0.006802,1793324.5379703557,1793324.5379703562,HiGHS optimum (optima.csv),2.60e-16,PASS,1.32e-14,1.77e-16,0.00e+00,yes,OR-Tools 9.15.6755,OR-Tools status OPTIMAL
ad28954,macbook-air-m4,Apple M4,10,none,,,2026-09-28T13:42:04,netlib,ship04l,402,2118,6332,ortools,pdlp,default,1e-8 (PDLP relative + absolute),60.0,Optimal,,0.226282,1793324.5446247386,1793324.5379703562,HiGHS optimum (optima.csv),3.71e-09,PASS,1.96e-07,1.38e-09,1.32e-09,yes,OR-Tools 9.15.6755,OR-Tools status OPTIMAL
ad28954,macbook-air-m4,Apple M4,10,none,,,2026-09-28T13:42:04,netlib,ship04s,402,1458,4352,ps26119,auto,1,1e-8,60.0,Optimal,338,0.008301,1798714.7004453919,1798714.7004453917,HiGHS optimum (optima.csv),1.29e-16,PASS,2.93e-14,1.23e-16,0.00e+00,yes,ps26119 0.1.0 (git ad28954),"auto: simplex (rows*nnz = 1.7e+06); phase-1 iters 220, bound flips 0, refactorizations 5, Bland episodes 0, Devex resets 0, tolerance tightenings 0; presolve removed 134 rows, 92 cols"
ad28954,macbook-air-m4,Apple M4,10,none,,,2026-09-28T13:42:04,netlib,ship04s,402,1458,4352,ps26119,simplex,1,1e-8,60.0,Optimal,338,0.008297,1798714.7004453919,1798714.7004453917,HiGHS optimum (optima.csv),1.29e-16,PASS,2.93e-14,1.23e-16,0.00e+00,yes,ps26119 0.1.0 (git ad28954),"phase-1 iters 220, bound flips 0, refactorizations 5, Bland episodes 0, Devex resets 0, tolerance tightenings 0; presolve removed 134 rows, 92 cols"
ad28954,macbook-air-m4,Apple M4,10,none,,,2026-09-28T13:42:04,netlib,ship04s,402,1458,4352,ps26119,r2hpdhg,1,1e-8,60.0,Optimal,17280,0.171958,1798714.6753530456,1798714.7004453917,HiGHS optimum (optima.csv),1.40e-08,PASS,2.92e-07,2.10e-08,7.19e-09,yes,ps26119 0.1.0 (git ad28954),"presolve removed 134 rows, 92 cols"
ad28954,macbook-air-m4,Apple M4,10,none,,,2026-09-28T13:42:04,netlib,ship04s,402,1458,4352,ps26119,r2hpdhg,10,1e-8,60.0,Optimal,17280,0.172350,1798714.6753530456,1798714.7004453917,HiGHS optimum (optima.csv),1.40e-08,PASS,2.92e-07,2.10e-08,7.19e-09,yes,ps26119 0.1.0 (git ad28954),"presolve removed 134 rows, 92 cols"
ad28954,macbook-air-m4,Apple M4,10,none,,,2026-09-28T13:42:04,netlib,ship04s,402,1458,4352,highs,simplex,default,HiGHS defaults (1e-7 feasibility),60.0,Optimal,264,0.004824,1798714.7004453917,1798714.7004453917,HiGHS optimum (optima.csv),0.00e+00,PASS,2.93e-14,6.17e-17,1.29e-16,yes,HiGHS 1.15.1,HiGHS model status kOptimal
ad28954,macbook-air-m4,Apple M4,10,none,,,2026-09-28T13:42:04,netlib,ship04s,402,1458,4352,highs,ipm,default,HiGHS defaults (1e-7 feasibility),60.0,Optimal,18,0.011946,1798714.7004453917,1798714.7004453917,HiGHS optimum (optima.csv),0.00e+00,PASS,5.77e-14,6.17e-17,0.00e+00,yes,HiGHS 1.15.1,HiGHS model status kOptimal
ad28954,macbook-air-m4,Apple M4,10,none,,,2026-09-28T13:42:04,netlib,ship04s,402,1458,4352,highs,pdlp,default,1e-8 (pdlp_optimality_tolerance),60.0,Optimal,12400,0.179461,1798714.7058538215,1798714.7004453917,HiGHS optimum (optima.csv),3.01e-09,PASS,5.88e-08,2.36e-07,4.45e-09,yes,HiGHS 1.15.1,HiGHS model status kOptimal
ad28954,macbook-air-m4,Apple M4,10,none,,,2026-09-28T13:42:04,netlib,ship04s,402,1458,4352,ortools,glop,default,OR-Tools defaults,60.0,Optimal,,0.004858,1798714.700445392,1798714.7004453917,HiGHS optimum (optima.csv),1.29e-16,PASS,2.75e-14,1.85e-16,6.47e-17,yes,OR-Tools 9.15.6755,OR-Tools status OPTIMAL
ad28954,macbook-air-m4,Apple M4,10,none,,,2026-09-28T13:42:04,netlib,ship04s,402,1458,4352,ortools,pdlp,default,1e-8 (PDLP relative + absolute),60.0,Optimal,,0.569572,1798714.6682775388,1798714.7004453917,HiGHS optimum (optima.csv),1.79e-08,PASS,1.56e-07,7.40e-09,9.05e-09,yes,OR-Tools 9.15.6755,OR-Tools status OPTIMAL
ad28954,macbook-air-m4,Apple M4,10,none,,,2026-09-28T13:42:04,netlib,ship08l,778,4283,12802,ps26119,auto,1,1e-8,60.0,Optimal,881,0.049794,1909055.2113891309,1909055.211389131,HiGHS optimum (optima.csv),0.00e+00,PASS,8.01e-15,1.12e-16,0.00e+00,yes,ps26119 0.1.0 (git ad28954),"auto: simplex (rows*nnz = 1e+07); phase-1 iters 594, bound flips 0, refactorizations 10, Bland episodes 0, Devex resets 0, tolerance tightenings 0; presolve removed 90 rows, 24 cols"
ad28954,macbook-air-m4,Apple M4,10,none,,,2026-09-28T13:42:04,netlib,ship08l,778,4283,12802,ps26119,simplex,1,1e-8,60.0,Optimal,881,0.050303,1909055.2113891309,1909055.211389131,HiGHS optimum (optima.csv),0.00e+00,PASS,8.01e-15,1.12e-16,0.00e+00,yes,ps26119 0.1.0 (git ad28954),"phase-1 iters 594, bound flips 0, refactorizations 10, Bland episodes 0, Devex resets 0, tolerance tightenings 0; presolve removed 90 rows, 24 cols"
ad28954,macbook-air-m4,Apple M4,10,none,,,2026-09-28T13:42:04,netlib,ship08l,778,4283,12802,ps26119,r2hpdhg,1,1e-8,60.0,Optimal,14656,0.469616,1909055.2379567116,1909055.211389131,HiGHS optimum (optima.csv),1.39e-08,PASS,2.08e-07,2.03e-08,7.23e-09,yes,ps26119 0.1.0 (git ad28954),"presolve removed 90 rows, 24 cols"
ad28954,macbook-air-m4,Apple M4,10,none,,,2026-09-28T13:42:04,netlib,ship08l,778,4283,12802,ps26119,r2hpdhg,10,1e-8,60.0,Optimal,14656,0.469301,1909055.2379567116,1909055.211389131,HiGHS optimum (optima.csv),1.39e-08,PASS,2.08e-07,2.03e-08,7.23e-09,yes,ps26119 0.1.0 (git ad28954),"presolve removed 90 rows, 24 cols"
ad28954,macbook-air-m4,Apple M4,10,none,,,2026-09-28T13:42:04,netlib,ship08l,778,4283,12802,highs,simplex,default,HiGHS defaults (1e-7 feasibility),60.0,Optimal,670,0.015253,1909055.211389131,1909055.211389131,HiGHS optimum (optima.csv),0.00e+00,PASS,1.37e-14,5.61e-17,0.00e+00,yes,HiGHS 1.15.1,HiGHS model status kOptimal
ad28954,macbook-air-m4,Apple M4,10,none,,,2026-09-28T13:42:04,netlib,ship08l,778,4283,12802,highs,ipm,default,HiGHS defaults (1e-7 feasibility),60.0,Optimal,16,0.029366,1909055.2113891314,1909055.211389131,HiGHS optimum (optima.csv),2.44e-16,PASS,3.87e-14,5.61e-17,0.00e+00,yes,HiGHS 1.15.1,HiGHS model status kOptimal
ad28954,macbook-air-m4,Apple M4,10,none,,,2026-09-28T13:42:04,netlib,ship08l,778,4283,12802,highs,pdlp,default,1e-8 (pdlp_optimality_tolerance),60.0,Optimal,16000,0.585995,1909055.2366974917,1909055.211389131,HiGHS optimum (optima.csv),1.33e-08,PASS,5.88e-07,6.12e-08,9.89e-09,yes,HiGHS 1.15.1,HiGHS model status kOptimal
ad28954,macbook-air-m4,Apple M4,10,none,,,2026-09-28T13:42:04,netlib,ship08l,778,4283,12802,ortools,glop,default,OR-Tools defaults,60.0,Optimal,,0.014053,1909055.2113891314,1909055.211389131,HiGHS optimum (optima.csv),2.44e-16,PASS,2.96e-14,2.24e-16,0.00e+00,yes,OR-Tools 9.15.6755,OR-Tools status OPTIMAL
ad28954,macbook-air-m4,Apple M4,10,none,,,2026-09-28T13:42:04,netlib,ship08l,778,4283,12802,ortools,pdlp,default,1e-8 (PDLP relative + absolute),60.0,Optimal,,1.677613,1909055.1766504538,1909055.211389131,HiGHS optimum (optima.csv),1.82e-08,PASS,3.94e-07,3.00e-09,9.21e-09,yes,OR-Tools 9.15.6755,OR-Tools status OPTIMAL
ad28954,macbook-air-m4,Apple M4,10,none,,,2026-09-28T13:42:04,netlib,ship08s,778,2387,7114,ps26119,auto,1,1e-8,60.0,Optimal,453,0.016014,1920098.210534618,1920098.2105346182,HiGHS optimum (optima.csv),1.21e-16,PASS,1.29e-14,1.12e-16,0.00e+00,yes,ps26119 0.1.0 (git ad28954),"auto: simplex (rows*nnz = 5.5e+06); phase-1 iters 280, bound flips 0, refactorizations 6, Bland episodes 0, Devex resets 0, tolerance tightenings 0; presolve removed 362 rows, 296 cols"
ad28954,macbook-air-m4,Apple M4,10,none,,,2026-09-28T13:42:04,netlib,ship08s,778,2387,7114,ps26119,simplex,1,1e-8,60.0,Optimal,453,0.016406,1920098.210534618,1920098.2105346182,HiGHS optimum (optima.csv),1.21e-16,PASS,1.29e-14,1.12e-16,0.00e+00,yes,ps26119 0.1.0 (git ad28954),"phase-1 iters 280, bound flips 0, refactorizations 6, Bland episodes 0, Devex resets 0, tolerance tightenings 0; presolve removed 362 rows, 296 cols"
ad28954,macbook-air-m4,Apple M4,10,none,,,2026-09-28T13:42:04,netlib,ship08s,778,2387,7114,ps26119,r2hpdhg,1,1e-8,60.0,Optimal,7744,0.123114,1920098.2456393242,1920098.2105346182,HiGHS optimum (optima.csv),1.83e-08,PASS,2.27e-07,1.55e-09,9.25e-09,yes,ps26119 0.1.0 (git ad28954),"presolve removed 362 rows, 296 cols"
ad28954,macbook-air-m4,Apple M4,10,none,,,2026-09-28T13:42:04,netlib,ship08s,778,2387,7114,ps26119,r2hpdhg,10,1e-8,60.0,Optimal,7744,0.123097,1920098.2456393242,1920098.2105346182,HiGHS optimum (optima.csv),1.83e-08,PASS,2.27e-07,1.55e-09,9.25e-09,yes,ps26119 0.1.0 (git ad28954),"presolve removed 362 rows, 296 cols"
ad28954,macbook-air-m4,Apple M4,10,none,,,2026-09-28T13:42:04,netlib,ship08s,778,2387,7114,highs,simplex,default,HiGHS defaults (1e-7 feasibility),60.0,Optimal,366,0.008183,1920098.2105346182,1920098.2105346182,HiGHS optimum (optima.csv),0.00e+00,PASS,2.46e-14,1.12e-16,1.21e-16,yes,HiGHS 1.15.1,HiGHS model status kOptimal
ad28954,macbook-air-m4,Apple M4,10,none,,,2026-09-28T13:42:04,netlib,ship08s,778,2387,7114,highs,ipm,default,HiGHS defaults (1e-7 feasibility),60.0,Optimal,14,0.014928,1920098.2105346185,1920098.2105346182,HiGHS optimum (optima.csv),1.21e-16,PASS,3.71e-14,1.12e-16,1.21e-16,yes,HiGHS 1.15.1,HiGHS model status kOptimal
ad28954,macbook-air-m4,Apple M4,10,none,,,2026-09-28T13:42:04,netlib,ship08s,778,2387,7114,highs,pdlp,default,1e-8 (pdlp_optimality_tolerance),60.0,Optimal,20920,0.377350,1920098.2119139982,1920098.2105346182,HiGHS optimum (optima.csv),7.18e-10,PASS,7.70e-09,4.82e-08,4.26e-09,yes,HiGHS 1.15.1,HiGHS model status kOptimal
ad28954,macbook-air-m4,Apple M4,10,none,,,2026-09-28T13:42:04,netlib,ship08s,778,2387,7114,ortools,glop,default,OR-Tools defaults,60.0,Optimal,,0.007651,1920098.2105346194,1920098.2105346182,HiGHS optimum (optima.csv),6.06e-16,PASS,1.73e-14,1.96e-16,0.00e+00,yes,OR-Tools 9.15.6755,OR-Tools status OPTIMAL
ad28954,macbook-air-m4,Apple M4,10,none,,,2026-09-28T13:42:04,netlib,ship08s,778,2387,7114,ortools,pdlp,default,1e-8 (PDLP relative + absolute),60.0,Optimal,,0.485698,1920098.2223034077,1920098.2105346182,HiGHS optimum (optima.csv),6.13e-09,PASS,2.97e-08,2.53e-09,2.85e-09,yes,OR-Tools 9.15.6755,OR-Tools status OPTIMAL
ad28954,macbook-air-m4,Apple M4,10,none,,,2026-09-28T13:42:04,netlib,ship12l,1151,5427,16170,ps26119,auto,1,1e-8,60.0,Optimal,1602,0.105148,1470187.9193292661,1470187.9193292665,HiGHS optimum (optima.csv),3.17e-16,PASS,1.07e-14,6.56e-17,0.00e+00,yes,ps26119 0.1.0 (git ad28954),"auto: simplex (rows*nnz = 1.9e+07); phase-1 iters 1259, bound flips 0, refactorizations 18, Bland episodes 0, Devex resets 0, tolerance tightenings 0; presolve removed 313 rows, 204 cols"
ad28954,macbook-air-m4,Apple M4,10,none,,,2026-09-28T13:42:04,netlib,ship12l,1151,5427,16170,ps26119,simplex,1,1e-8,60.0,Optimal,1602,0.104600,1470187.9193292661,1470187.9193292665,HiGHS optimum (optima.csv),3.17e-16,PASS,1.07e-14,6.56e-17,0.00e+00,yes,ps26119 0.1.0 (git ad28954),"phase-1 iters 1259, bound flips 0, refactorizations 18, Bland episodes 0, Devex resets 0, tolerance tightenings 0; presolve removed 313 rows, 204 cols"
ad28954,macbook-air-m4,Apple M4,10,none,,,2026-09-28T13:42:04,netlib,ship12l,1151,5427,16170,ps26119,r2hpdhg,1,1e-8,60.0,Optimal,11840,0.459734,1470187.8986844565,1470187.9193292665,HiGHS optimum (optima.csv),1.40e-08,PASS,1.56e-07,7.19e-10,7.10e-09,yes,ps26119 0.1.0 (git ad28954),"presolve removed 313 rows, 204 cols"
ad28954,macbook-air-m4,Apple M4,10,none,,,2026-09-28T13:42:04,netlib,ship12l,1151,5427,16170,ps26119,r2hpdhg,10,1e-8,60.0,Optimal,11840,0.457218,1470187.8986844565,1470187.9193292665,HiGHS optimum (optima.csv),1.40e-08,PASS,1.56e-07,7.19e-10,7.10e-09,yes,ps26119 0.1.0 (git ad28954),"presolve removed 313 rows, 204 cols"
ad28954,macbook-air-m4,Apple M4,10,none,,,2026-09-28T13:42:04,netlib,ship12l,1151,5427,16170,highs,simplex,default,HiGHS defaults (1e-7 feasibility),60.0,Optimal,951,0.023224,1470187.9193292665,1470187.9193292665,HiGHS optimum (optima.csv),0.00e+00,PASS,3.04e-14,8.08e-17,1.58e-16,yes,HiGHS 1.15.1,HiGHS model status kOptimal
ad28954,macbook-air-m4,Apple M4,10,none,,,2026-09-28T13:42:04,netlib,ship12l,1151,5427,16170,highs,ipm,default,HiGHS defaults (1e-7 feasibility),60.0,Optimal,18,0.045967,1470187.9193292663,1470187.9193292665,HiGHS optimum (optima.csv),1.58e-16,PASS,3.04e-14,8.08e-17,0.00e+00,yes,HiGHS 1.15.1,HiGHS model status kOptimal
ad28954,macbook-air-m4,Apple M4,10,none,,,2026-09-28T13:42:04,netlib,ship12l,1151,5427,16170,highs,pdlp,default,1e-8 (pdlp_optimality_tolerance),60.0,Optimal,16040,0.793282,1470187.9245359316,1470187.9193292665,HiGHS optimum (optima.csv),3.54e-09,PASS,3.93e-07,4.97e-09,1.12e-09,yes,HiGHS 1.15.1,HiGHS model status kOptimal
ad28954,macbook-air-m4,Apple M4,10,none,,,2026-09-28T13:42:04,netlib,ship12l,1151,5427,16170,ortools,glop,default,OR-Tools defaults,60.0,Optimal,,0.014687,1470187.9193292647,1470187.9193292665,HiGHS optimum (optima.csv),1.27e-15,PASS,2.59e-14,1.50e-16,7.92e-17,yes,OR-Tools 9.15.6755,OR-Tools status OPTIMAL
ad28954,macbook-air-m4,Apple M4,10,none,,,2026-09-28T13:42:04,netlib,ship12l,1151,5427,16170,ortools,pdlp,default,1e-8 (PDLP relative + absolute),60.0,Optimal,,2.790398,1470187.941920673,1470187.9193292665,HiGHS optimum (optima.csv),1.54e-08,PASS,1.11e-07,1.83e-08,5.13e-09,yes,OR-Tools 9.15.6755,OR-Tools status OPTIMAL
ad28954,macbook-air-m4,Apple M4,10,none,,,2026-09-28T13:42:04,netlib,ship12s,1151,2763,8178,ps26119,auto,1,1e-8,60.0,Optimal,760,0.026638,1489236.1344061326,1489236.1344061329,HiGHS optimum (optima.csv),1.56e-16,PASS,1.86e-14,6.56e-17,7.82e-17,yes,ps26119 0.1.0 (git ad28954),"auto: simplex (rows*nnz = 9.4e+06); phase-1 iters 553, bound flips 0, refactorizations 9, Bland episodes 0, Devex resets 0, tolerance tightenings 0; presolve removed 685 rows, 576 cols"
ad28954,macbook-air-m4,Apple M4,10,none,,,2026-09-28T13:42:04,netlib,ship12s,1151,2763,8178,ps26119,simplex,1,1e-8,60.0,Optimal,760,0.026384,1489236.1344061326,1489236.1344061329,HiGHS optimum (optima.csv),1.56e-16,PASS,1.86e-14,6.56e-17,7.82e-17,yes,ps26119 0.1.0 (git ad28954),"phase-1 iters 553, bound flips 0, refactorizations 9, Bland episodes 0, Devex resets 0, tolerance tightenings 0; presolve removed 685 rows, 576 cols"
ad28954,macbook-air-m4,Apple M4,10,none,,,2026-09-28T13:42:04,netlib,ship12s,1151,2763,8178,ps26119,r2hpdhg,1,1e-8,60.0,Optimal,14784,0.233336,1489236.1536639766,1489236.1344061329,HiGHS optimum (optima.csv),1.29e-08,PASS,1.90e-07,7.59e-09,5.62e-09,yes,ps26119 0.1.0 (git ad28954),"presolve removed 685 rows, 576 cols"
ad28954,macbook-air-m4,Apple M4,10,none,,,2026-09-28T13:42:04,netlib,ship12s,1151,2763,8178,ps26119,r2hpdhg,10,1e-8,60.0,Optimal,14784,0.232172,1489236.1536639766,1489236.1344061329,HiGHS optimum (optima.csv),1.29e-08,PASS,1.90e-07,7.59e-09,5.62e-09,yes,ps26119 0.1.0 (git ad28954),"presolve removed 685 rows, 576 cols"
ad28954,macbook-air-m4,Apple M4,10,none,,,2026-09-28T13:42:04,netlib,ship12s,1151,2763,8178,highs,simplex,default,HiGHS defaults (1e-7 feasibility),60.0,Optimal,480,0.009602,1489236.1344061329,1489236.1344061329,HiGHS optimum (optima.csv),0.00e+00,PASS,1.37e-14,8.08e-17,0.00e+00,yes,HiGHS 1.15.1,HiGHS model status kOptimal
ad28954,macbook-air-m4,Apple M4,10,none,,,2026-09-28T13:42:04,netlib,ship12s,1151,2763,8178,highs,ipm,default,HiGHS defaults (1e-7 feasibility),60.0,Optimal,16,0.018046,1489236.134406133,1489236.1344061329,HiGHS optimum (optima.csv),1.56e-16,PASS,1.86e-14,8.08e-17,7.82e-17,yes,HiGHS 1.15.1,HiGHS model status kOptimal
ad28954,macbook-air-m4,Apple M4,10,none,,,2026-09-28T13:42:04,netlib,ship12s,1151,2763,8178,highs,pdlp,default,1e-8 (pdlp_optimality_tolerance),60.0,Optimal,12560,0.277204,1489236.182401765,1489236.1344061329,HiGHS optimum (optima.csv),3.22e-08,FAIL,1.26e-06,7.98e-08,2.59e-09,no,HiGHS 1.15.1,HiGHS model status kOptimal
ad28954,macbook-air-m4,Apple M4,10,none,,,2026-09-28T13:42:04,netlib,ship12s,1151,2763,8178,ortools,glop,default,OR-Tools defaults,60.0,Optimal,,0.007453,1489236.1344061291,1489236.1344061329,HiGHS optimum (optima.csv),2.50e-15,PASS,2.21e-14,1.82e-16,7.82e-17,yes,OR-Tools 9.15.6755,OR-Tools status OPTIMAL
ad28954,macbook-air-m4,Apple M4,10,none,,,2026-09-28T13:42:04,netlib,ship12s,1151,2763,8178,ortools,pdlp,default,1e-8 (PDLP relative + absolute),60.0,Optimal,,0.637385,1489236.1146631744,1489236.1344061329,HiGHS optimum (optima.csv),1.33e-08,PASS,1.28e-07,8.24e-10,6.73e-09,yes,OR-Tools 9.15.6755,OR-Tools status OPTIMAL
ad28954,macbook-air-m4,Apple M4,10,none,,,2026-09-28T13:42:04,netlib,sierra,1227,2036,7302,ps26119,auto,1,1e-8,60.0,Optimal,840,0.037738,15394362.183631925,15394362.183631929,HiGHS optimum (optima.csv),2.42e-16,PASS,2.27e-13,0.00e+00,2.84e-15,yes,ps26119 0.1.0 (git ad28954),"auto: simplex (rows*nnz = 9e+06); phase-1 iters 531, bound flips 46, refactorizations 9, Bland episodes 0, Devex resets 0, tolerance tightenings 0; presolve removed 15 rows, 20 cols"
ad28954,macbook-air-m4,Apple M4,10,none,,,2026-09-28T13:42:04,netlib,sierra,1227,2036,7302,ps26119,simplex,1,1e-8,60.0,Optimal,840,0.038263,15394362.183631925,15394362.183631929,HiGHS optimum (optima.csv),2.42e-16,PASS,2.27e-13,0.00e+00,2.84e-15,yes,ps26119 0.1.0 (git ad28954),"phase-1 iters 531, bound flips 46, refactorizations 9, Bland episodes 0, Devex resets 0, tolerance tightenings 0; presolve removed 15 rows, 20 cols"
ad28954,macbook-air-m4,Apple M4,10,none,,,2026-09-28T13:42:04,netlib,sierra,1227,2036,7302,ps26119,r2hpdhg,1,1e-8,60.0,Optimal,464704,7.733911,15394362.182864552,15394362.183631929,HiGHS optimum (optima.csv),4.98e-11,PASS,5.57e-07,2.07e-15,4.10e-09,yes,ps26119 0.1.0 (git ad28954),"presolve removed 15 rows, 20 cols"
ad28954,macbook-air-m4,Apple M4,10,none,,,2026-09-28T13:42:04,netlib,sierra,1227,2036,7302,ps26119,r2hpdhg,10,1e-8,60.0,Optimal,464704,7.767067,15394362.182864552,15394362.183631929,HiGHS optimum (optima.csv),4.98e-11,PASS,5.57e-07,2.07e-15,4.10e-09,yes,ps26119 0.1.0 (git ad28954),"presolve removed 15 rows, 20 cols"
ad28954,macbook-air-m4,Apple M4,10,none,,,2026-09-28T13:42:04,netlib,sierra,1227,2036,7302,highs,simplex,default,HiGHS defaults (1e-7 feasibility),60.0,Optimal,352,0.012072,15394362.183631929,15394362.183631929,HiGHS optimum (optima.csv),0.00e+00,PASS,1.99e-13,0.00e+00,3.45e-15,yes,HiGHS 1.15.1,HiGHS model status kOptimal
ad28954,macbook-air-m4,Apple M4,10,none,,,2026-09-28T13:42:04,netlib,sierra,1227,2036,7302,highs,ipm,default,HiGHS defaults (1e-7 feasibility),60.0,Optimal,22,0.034909,15394362.183631927,15394362.183631929,HiGHS optimum (optima.csv),1.21e-16,PASS,1.99e-13,0.00e+00,2.84e-15,yes,HiGHS 1.15.1,HiGHS model status kOptimal
ad28954,macbook-air-m4,Apple M4,10,none,,,2026-09-28T13:42:04,netlib,sierra,1227,2036,7302,highs,pdlp,default,1e-8 (pdlp_optimality_tolerance),60.0,Optimal,26400,0.638556,15394362.133471575,15394362.183631929,HiGHS optimum (optima.csv),3.26e-09,FAIL,1.00e-04,0.00e+00,1.32e-09,no,HiGHS 1.15.1,HiGHS model status kOptimal
ad28954,macbook-air-m4,Apple M4,10,none,,,2026-09-28T13:42:04,netlib,sierra,1227,2036,7302,ortools,glop,default,OR-Tools defaults,60.0,Optimal,,0.010917,15394362.18363193,15394362.183631929,HiGHS optimum (optima.csv),1.21e-16,PASS,1.92e-13,0.00e+00,4.30e-15,yes,OR-Tools 9.15.6755,OR-Tools status OPTIMAL
ad28954,macbook-air-m4,Apple M4,10,none,,,2026-09-28T13:42:04,netlib,sierra,1227,2036,7302,ortools,pdlp,default,1e-8 (PDLP relative + absolute),60.0,Optimal,,0.214577,15394362.358976655,15394362.183631929,HiGHS optimum (optima.csv),1.14e-08,FAIL,2.41e-04,0.00e+00,2.45e-08,no,OR-Tools 9.15.6755,OR-Tools status OPTIMAL
ad28954,macbook-air-m4,Apple M4,10,none,,,2026-09-28T13:42:04,netlib,stair,356,467,3856,ps26119,auto,1,1e-8,60.0,Optimal,609,0.043788,-251.26695119296392,-251.26695119296335,HiGHS optimum (optima.csv),2.25e-15,PASS,5.68e-12,2.65e-15,3.95e-16,yes,ps26119 0.1.0 (git ad28954),"auto: simplex (rows*nnz = 1.4e+06); phase-1 iters 471, bound flips 1, refactorizations 31, Bland episodes 0, Devex resets 20, tolerance tightenings 0; presolve removed 0 rows, 82 cols"
ad28954,macbook-air-m4,Apple M4,10,none,,,2026-09-28T13:42:04,netlib,stair,356,467,3856,ps26119,simplex,1,1e-8,60.0,Optimal,609,0.043695,-251.26695119296392,-251.26695119296335,HiGHS optimum (optima.csv),2.25e-15,PASS,5.68e-12,2.65e-15,3.95e-16,yes,ps26119 0.1.0 (git ad28954),"phase-1 iters 471, bound flips 1, refactorizations 31, Bland episodes 0, Devex resets 20, tolerance tightenings 0; presolve removed 0 rows, 82 cols"
ad28954,macbook-air-m4,Apple M4,10,none,,,2026-09-28T13:42:04,netlib,stair,356,467,3856,ps26119,r2hpdhg,1,1e-8,60.0,Optimal,15040,0.104359,-251.26695070425549,-251.26695119296335,HiGHS optimum (optima.csv),1.94e-09,PASS,4.55e-07,4.04e-09,3.63e-10,yes,ps26119 0.1.0 (git ad28954),"presolve removed 0 rows, 82 cols"
ad28954,macbook-air-m4,Apple M4,10,none,,,2026-09-28T13:42:04,netlib,stair,356,467,3856,ps26119,r2hpdhg,10,1e-8,60.0,Optimal,15040,0.104640,-251.26695070425549,-251.26695119296335,HiGHS optimum (optima.csv),1.94e-09,PASS,4.55e-07,4.04e-09,3.63e-10,yes,ps26119 0.1.0 (git ad28954),"presolve removed 0 rows, 82 cols"
ad28954,macbook-air-m4,Apple M4,10,none,,,2026-09-28T13:42:04,netlib,stair,356,467,3856,highs,simplex,default,HiGHS defaults (1e-7 feasibility),60.0,Optimal,291,0.013185,-251.26695119296335,-251.26695119296335,HiGHS optimum (optima.csv),0.00e+00,PASS,1.71e-11,3.81e-15,1.13e-16,yes,HiGHS 1.15.1,HiGHS model status kOptimal
ad28954,macbook-air-m4,Apple M4,10,none,,,2026-09-28T13:42:04,netlib,stair,356,467,3856,highs,ipm,default,HiGHS defaults (1e-7 feasibility),60.0,Optimal,15,0.024969,-251.26695119296335,-251.26695119296335,HiGHS optimum (optima.csv),0.00e+00,PASS,1.71e-11,3.81e-15,1.13e-16,yes,HiGHS 1.15.1,HiGHS model status kOptimal
ad28954,macbook-air-m4,Apple M4,10,none,,,2026-09-28T13:42:04,netlib,stair,356,467,3856,highs,pdlp,default,1e-8 (pdlp_optimality_tolerance),60.0,Optimal,31160,0.259143,-251.26695052128696,-251.26695119296335,HiGHS optimum (optima.csv),2.66e-09,PASS,4.85e-07,1.28e-08,9.52e-09,yes,HiGHS 1.15.1,HiGHS model status kOptimal
ad28954,macbook-air-m4,Apple M4,10,none,,,2026-09-28T13:42:04,netlib,stair,356,467,3856,ortools,glop,default,OR-Tools defaults,60.0,Optimal,,0.011663,-251.26695119296318,-251.26695119296335,HiGHS optimum (optima.csv),6.76e-16,PASS,3.87e-13,2.22e-15,1.13e-16,yes,OR-Tools 9.15.6755,OR-Tools status OPTIMAL
ad28954,macbook-air-m4,Apple M4,10,none,,,2026-09-28T13:42:04,netlib,stair,356,467,3856,ortools,pdlp,default,1e-8 (PDLP relative + absolute),60.0,Optimal,,1.134343,-251.26694017574795,-251.26695119296335,HiGHS optimum (optima.csv),4.37e-08,PASS,1.59e-07,2.76e-09,2.63e-09,yes,OR-Tools 9.15.6755,OR-Tools status OPTIMAL
ad28954,macbook-air-m4,Apple M4,10,none,,,2026-09-28T13:42:04,netlib,standata,359,1075,3031,ps26119,auto,1,1e-8,60.0,Optimal,90,0.002775,1257.6994999999999,1257.6995,HiGHS optimum (optima.csv),0.00e+00,PASS,2.66e-14,0.00e+00,0.00e+00,yes,ps26119 0.1.0 (git ad28954),"auto: simplex (rows*nnz = 1.1e+06); phase-1 iters 64, bound flips 1, refactorizations 3, Bland episodes 0, Devex resets 0, tolerance tightenings 0; presolve removed 48 rows, 29 cols"
ad28954,macbook-air-m4,Apple M4,10,none,,,2026-09-28T13:42:04,netlib,standata,359,1075,3031,ps26119,simplex,1,1e-8,60.0,Optimal,90,0.002746,1257.6994999999999,1257.6995,HiGHS optimum (optima.csv),0.00e+00,PASS,2.66e-14,0.00e+00,0.00e+00,yes,ps26119 0.1.0 (git ad28954),"phase-1 iters 64, bound flips 1, refactorizations 3, Bland episodes 0, Devex resets 0, tolerance tightenings 0; presolve removed 48 rows, 29 cols"
ad28954,macbook-air-m4,Apple M4,10,none,,,2026-09-28T13:42:04,netlib,standata,359,1075,3031,ps26119,r2hpdhg,1,1e-8,60.0,Optimal,1600,0.015113,1257.6994992387333,1257.6995,HiGHS optimum (optima.csv),6.05e-10,PASS,6.30e-07,1.80e-14,1.69e-10,yes,ps26119 0.1.0 (git ad28954),"presolve removed 48 rows, 29 cols"
ad28954,macbook-air-m4,Apple M4,10,none,,,2026-09-28T13:42:04,netlib,standata,359,1075,3031,ps26119,r2hpdhg,10,1e-8,60.0,Optimal,1600,0.015104,1257.6994992387333,1257.6995,HiGHS optimum (optima.csv),6.05e-10,PASS,6.30e-07,1.80e-14,1.69e-10,yes,ps26119 0.1.0 (git ad28954),"presolve removed 48 rows, 29 cols"
ad28954,macbook-air-m4,Apple M4,10,none,,,2026-09-28T13:42:04,netlib,standata,359,1075,3031,highs,simplex,default,HiGHS defaults (1e-7 feasibility),60.0,Optimal,34,0.003732,1257.6995,1257.6995,HiGHS optimum (optima.csv),0.00e+00,PASS,2.66e-14,0.00e+00,0.00e+00,yes,HiGHS 1.15.1,HiGHS model status kOptimal
ad28954,macbook-air-m4,Apple M4,10,none,,,2026-09-28T13:42:04,netlib,standata,359,1075,3031,highs,ipm,default,HiGHS defaults (1e-7 feasibility),60.0,Optimal,13,0.007362,1257.6995,1257.6995,HiGHS optimum (optima.csv),0.00e+00,PASS,2.66e-14,5.28e-17,9.04e-17,yes,HiGHS 1.15.1,HiGHS model status kOptimal
ad28954,macbook-air-m4,Apple M4,10,none,,,2026-09-28T13:42:04,netlib,standata,359,1075,3031,highs,pdlp,default,1e-8 (pdlp_optimality_tolerance),60.0,Optimal,720,0.006283,1257.6994300583247,1257.6995,HiGHS optimum (optima.csv),5.56e-08,FAIL,5.06e-06,3.37e-08,8.18e-10,no,HiGHS 1.15.1,HiGHS model status kOptimal
ad28954,macbook-air-m4,Apple M4,10,none,,,2026-09-28T13:42:04,netlib,standata,359,1075,3031,ortools,glop,default,OR-Tools defaults,60.0,Optimal,,0.002893,1257.6995,1257.6995,HiGHS optimum (optima.csv),0.00e+00,PASS,1.78e-15,8.79e-18,0.00e+00,yes,OR-Tools 9.15.6755,OR-Tools status OPTIMAL
ad28954,macbook-air-m4,Apple M4,10,none,,,2026-09-28T13:42:04,netlib,standata,359,1075,3031,ortools,pdlp,default,1e-8 (PDLP relative + absolute),60.0,Optimal,,0.073460,1257.699463981014,1257.6995,HiGHS optimum (optima.csv),2.86e-08,FAIL,2.86e-06,5.88e-12,7.70e-10,no,OR-Tools 9.15.6755,OR-Tools status OPTIMAL
ad28954,macbook-air-m4,Apple M4,10,none,,,2026-09-28T13:42:04,netlib,standgub,361,1184,3139,ps26119,auto,1,1e-8,60.0,Optimal,91,0.002895,1257.6994999999999,1257.6995,HiGHS optimum (optima.csv),0.00e+00,PASS,2.66e-14,0.00e+00,0.00e+00,yes,ps26119 0.1.0 (git ad28954),"auto: simplex (rows*nnz = 1.1e+06); phase-1 iters 64, bound flips 1, refactorizations 3, Bland episodes 0, Devex resets 0, tolerance tightenings 0; presolve removed 49 rows, 30 cols"
ad28954,macbook-air-m4,Apple M4,10,none,,,2026-09-28T13:42:04,netlib,standgub,361,1184,3139,ps26119,simplex,1,1e-8,60.0,Optimal,91,0.002951,1257.6994999999999,1257.6995,HiGHS optimum (optima.csv),0.00e+00,PASS,2.66e-14,0.00e+00,0.00e+00,yes,ps26119 0.1.0 (git ad28954),"phase-1 iters 64, bound flips 1, refactorizations 3, Bland episodes 0, Devex resets 0, tolerance tightenings 0; presolve removed 49 rows, 30 cols"
ad28954,macbook-air-m4,Apple M4,10,none,,,2026-09-28T13:42:04,netlib,standgub,361,1184,3139,ps26119,r2hpdhg,1,1e-8,60.0,Optimal,1536,0.015261,1257.6994994540796,1257.6995,HiGHS optimum (optima.csv),4.34e-10,PASS,4.49e-07,1.72e-12,2.83e-10,yes,ps26119 0.1.0 (git ad28954),"presolve removed 49 rows, 30 cols"
ad28954,macbook-air-m4,Apple M4,10,none,,,2026-09-28T13:42:04,netlib,standgub,361,1184,3139,ps26119,r2hpdhg,10,1e-8,60.0,Optimal,1536,0.014796,1257.6994994540796,1257.6995,HiGHS optimum (optima.csv),4.34e-10,PASS,4.49e-07,1.72e-12,2.83e-10,yes,ps26119 0.1.0 (git ad28954),"presolve removed 49 rows, 30 cols"
ad28954,macbook-air-m4,Apple M4,10,none,,,2026-09-28T13:42:04,netlib,standgub,361,1184,3139,highs,simplex,default,HiGHS defaults (1e-7 feasibility),60.0,Optimal,34,0.003851,1257.6995,1257.6995,HiGHS optimum (optima.csv),0.00e+00,PASS,2.66e-14,0.00e+00,0.00e+00,yes,HiGHS 1.15.1,HiGHS model status kOptimal
ad28954,macbook-air-m4,Apple M4,10,none,,,2026-09-28T13:42:04,netlib,standgub,361,1184,3139,highs,ipm,default,HiGHS defaults (1e-7 feasibility),60.0,Optimal,13,0.007554,1257.6995,1257.6995,HiGHS optimum (optima.csv),0.00e+00,PASS,2.66e-14,5.28e-17,9.04e-17,yes,HiGHS 1.15.1,HiGHS model status kOptimal
ad28954,macbook-air-m4,Apple M4,10,none,,,2026-09-28T13:42:04,netlib,standgub,361,1184,3139,highs,pdlp,default,1e-8 (pdlp_optimality_tolerance),60.0,Optimal,720,0.006345,1257.6994300583247,1257.6995,HiGHS optimum (optima.csv),5.56e-08,FAIL,5.06e-06,3.37e-08,8.18e-10,no,HiGHS 1.15.1,HiGHS model status kOptimal
ad28954,macbook-air-m4,Apple M4,10,none,,,2026-09-28T13:42:04,netlib,standgub,361,1184,3139,ortools,glop,default,OR-Tools defaults,60.0,Optimal,,0.003069,1257.6995,1257.6995,HiGHS optimum (optima.csv),0.00e+00,PASS,1.78e-15,8.79e-18,9.04e-17,yes,OR-Tools 9.15.6755,OR-Tools status OPTIMAL
ad28954,macbook-air-m4,Apple M4,10,none,,,2026-09-28T13:42:04,netlib,standgub,361,1184,3139,ortools,pdlp,default,1e-8 (PDLP relative + absolute),60.0,Optimal,,0.064745,1257.6993592945225,1257.6995,HiGHS optimum (optima.csv),1.12e-07,FAIL,1.10e-05,1.68e-11,7.88e-10,no,OR-Tools 9.15.6755,OR-Tools status OPTIMAL
ad28954,macbook-air-m4,Apple M4,10,none,,,2026-09-28T13:42:04,netlib,standmps,467,1075,3679,ps26119,auto,1,1e-8,60.0,Optimal,337,0.009805,1406.0174999999995,1406.0175,HiGHS optimum (optima.csv),3.23e-16,PASS,5.80e-13,1.76e-17,1.62e-16,yes,ps26119 0.1.0 (git ad28954),"auto: simplex (rows*nnz = 1.7e+06); phase-1 iters 167, bound flips 0, refactorizations 6, Bland episodes 0, Devex resets 0, tolerance tightenings 0; presolve removed 48 rows, 29 cols"
ad28954,macbook-air-m4,Apple M4,10,none,,,2026-09-28T13:42:04,netlib,standmps,467,1075,3679,ps26119,simplex,1,1e-8,60.0,Optimal,337,0.009961,1406.0174999999995,1406.0175,HiGHS optimum (optima.csv),3.23e-16,PASS,5.80e-13,1.76e-17,1.62e-16,yes,ps26119 0.1.0 (git ad28954),"phase-1 iters 167, bound flips 0, refactorizations 6, Bland episodes 0, Devex resets 0, tolerance tightenings 0; presolve removed 48 rows, 29 cols"
ad28954,macbook-air-m4,Apple M4,10,none,,,2026-09-28T13:42:04,netlib,standmps,467,1075,3679,ps26119,r2hpdhg,1,1e-8,60.0,Optimal,3008,0.030139,1406.0175097130825,1406.0175,HiGHS optimum (optima.csv),6.90e-09,PASS,7.87e-07,7.05e-11,1.56e-09,yes,ps26119 0.1.0 (git ad28954),"presolve removed 48 rows, 29 cols"
ad28954,macbook-air-m4,Apple M4,10,none,,,2026-09-28T13:42:04,netlib,standmps,467,1075,3679,ps26119,r2hpdhg,10,1e-8,60.0,Optimal,3008,0.030232,1406.0175097130825,1406.0175,HiGHS optimum (optima.csv),6.90e-09,PASS,7.87e-07,7.05e-11,1.56e-09,yes,ps26119 0.1.0 (git ad28954),"presolve removed 48 rows, 29 cols"
ad28954,macbook-air-m4,Apple M4,10,none,,,2026-09-28T13:42:04,netlib,standmps,467,1075,3679,highs,simplex,default,HiGHS defaults (1e-7 feasibility),60.0,Optimal,163,0.004780,1406.0175,1406.0175,HiGHS optimum (optima.csv),0.00e+00,PASS,1.26e-13,1.76e-17,0.00e+00,yes,HiGHS 1.15.1,HiGHS model status kOptimal
ad28954,macbook-air-m4,Apple M4,10,none,,,2026-09-28T13:42:04,netlib,standmps,467,1075,3679,highs,ipm,default,HiGHS defaults (1e-7 feasibility),60.0,Optimal,23,0.014940,1406.0175000000002,1406.0175,HiGHS optimum (optima.csv),1.62e-16,PASS,1.02e-13,1.76e-17,8.08e-17,yes,HiGHS 1.15.1,HiGHS model status kOptimal
ad28954,macbook-air-m4,Apple M4,10,none,,,2026-09-28T13:42:04,netlib,standmps,467,1075,3679,highs,pdlp,default,1e-8 (pdlp_optimality_tolerance),60.0,Optimal,2720,0.034024,1406.0174655363162,1406.0175,HiGHS optimum (optima.csv),2.45e-08,PASS,2.48e-07,2.81e-09,5.56e-09,yes,HiGHS 1.15.1,HiGHS model status kOptimal
ad28954,macbook-air-m4,Apple M4,10,none,,,2026-09-28T13:42:04,netlib,standmps,467,1075,3679,ortools,glop,default,OR-Tools defaults,60.0,Optimal,,0.004594,1406.0174999999997,1406.0175,HiGHS optimum (optima.csv),1.62e-16,PASS,3.53e-13,3.52e-17,8.08e-17,yes,OR-Tools 9.15.6755,OR-Tools status OPTIMAL
ad28954,macbook-air-m4,Apple M4,10,none,,,2026-09-28T13:42:04,netlib,standmps,467,1075,3679,ortools,pdlp,default,1e-8 (PDLP relative + absolute),60.0,Optimal,,0.151572,1406.0175087013047,1406.0175,HiGHS optimum (optima.csv),6.18e-09,PASS,2.72e-07,1.82e-09,1.79e-09,yes,OR-Tools 9.15.6755,OR-Tools status OPTIMAL
ad28954,macbook-air-m4,Apple M4,10,none,,,2026-09-28T13:42:04,netlib,stocfor1,117,111,447,ps26119,auto,1,1e-8,60.0,Optimal,78,0.001239,-41131.976219436401,-41131.976219436394,HiGHS optimum (optima.csv),1.77e-16,PASS,1.42e-14,3.82e-16,8.84e-17,yes,ps26119 0.1.0 (git ad28954),"auto: simplex (rows*nnz = 5.2e+04); phase-1 iters 50, bound flips 2, refactorizations 6, Bland episodes 0, Devex resets 0, tolerance tightenings 0; presolve removed 19 rows, 11 cols"
ad28954,macbook-air-m4,Apple M4,10,none,,,2026-09-28T13:42:04,netlib,stocfor1,117,111,447,ps26119,simplex,1,1e-8,60.0,Optimal,78,0.001217,-41131.976219436401,-41131.976219436394,HiGHS optimum (optima.csv),1.77e-16,PASS,1.42e-14,3.82e-16,8.84e-17,yes,ps26119 0.1.0 (git ad28954),"phase-1 iters 50, bound flips 2, refactorizations 6, Bland episodes 0, Devex resets 0, tolerance tightenings 0; presolve removed 19 rows, 11 cols"
ad28954,macbook-air-m4,Apple M4,10,none,,,2026-09-28T13:42:04,netlib,stocfor1,117,111,447,ps26119,r2hpdhg,1,1e-8,60.0,Optimal,6016,0.006929,-41131.976295984918,-41131.976219436394,HiGHS optimum (optima.csv),1.86e-09,PASS,2.08e-07,1.26e-08,4.24e-09,yes,ps26119 0.1.0 (git ad28954),"presolve removed 19 rows, 11 cols"
ad28954,macbook-air-m4,Apple M4,10,none,,,2026-09-28T13:42:04,netlib,stocfor1,117,111,447,ps26119,r2hpdhg,10,1e-8,60.0,Optimal,6016,0.007055,-41131.976295984918,-41131.976219436394,HiGHS optimum (optima.csv),1.86e-09,PASS,2.08e-07,1.26e-08,4.24e-09,yes,ps26119 0.1.0 (git ad28954),"presolve removed 19 rows, 11 cols"
ad28954,macbook-air-m4,Apple M4,10,none,,,2026-09-28T13:42:04,netlib,stocfor1,117,111,447,highs,simplex,default,HiGHS defaults (1e-7 feasibility),60.0,Optimal,53,0.001466,-41131.976219436394,-41131.976219436394,HiGHS optimum (optima.csv),0.00e+00,PASS,9.09e-13,7.64e-16,0.00e+00,yes,HiGHS 1.15.1,HiGHS model status kOptimal
ad28954,macbook-air-m4,Apple M4,10,none,,,2026-09-28T13:42:04,netlib,stocfor1,117,111,447,highs,ipm,default,HiGHS defaults (1e-7 feasibility),60.0,Optimal,10,0.002207,-41131.976219436394,-41131.976219436394,HiGHS optimum (optima.csv),0.00e+00,PASS,7.11e-15,1.05e-15,0.00e+00,yes,HiGHS 1.15.1,HiGHS model status kOptimal
ad28954,macbook-air-m4,Apple M4,10,none,,,2026-09-28T13:42:04,netlib,stocfor1,117,111,447,highs,pdlp,default,1e-8 (pdlp_optimality_tolerance),60.0,Optimal,5320,0.007002,-41131.97601119085,-41131.976219436394,HiGHS optimum (optima.csv),5.06e-09,PASS,6.14e-07,4.97e-08,2.33e-09,yes,HiGHS 1.15.1,HiGHS model status kOptimal
ad28954,macbook-air-m4,Apple M4,10,none,,,2026-09-28T13:42:04,netlib,stocfor1,117,111,447,ortools,glop,default,OR-Tools defaults,60.0,Optimal,,0.001175,-41131.97621943641,-41131.976219436394,HiGHS optimum (optima.csv),3.54e-16,PASS,9.09e-13,9.56e-16,8.84e-17,yes,OR-Tools 9.15.6755,OR-Tools status OPTIMAL
ad28954,macbook-air-m4,Apple M4,10,none,,,2026-09-28T13:42:04,netlib,stocfor1,117,111,447,ortools,pdlp,default,1e-8 (PDLP relative + absolute),60.0,Optimal,,0.038203,-41131.97624084182,-41131.976219436394,HiGHS optimum (optima.csv),5.20e-10,PASS,1.21e-07,1.24e-08,4.12e-09,yes,OR-Tools 9.15.6755,OR-Tools status OPTIMAL
ad28954,macbook-air-m4,Apple M4,10,none,,,2026-09-28T13:42:04,netlib,stocfor2,2157,2031,8343,ps26119,auto,1,1e-8,60.0,Optimal,2415,0.404694,-39024.408537882111,-39024.40853788211,HiGHS optimum (optima.csv),0.00e+00,PASS,4.55e-13,7.99e-16,0.00e+00,yes,ps26119 0.1.0 (git ad28954),"auto: simplex (rows*nnz = 1.8e+07); phase-1 iters 1458, bound flips 3, refactorizations 152, Bland episodes 0, Devex resets 10, tolerance tightenings 0; presolve removed 28 rows, 16 cols"
ad28954,macbook-air-m4,Apple M4,10,none,,,2026-09-28T13:42:04,netlib,stocfor2,2157,2031,8343,ps26119,simplex,1,1e-8,60.0,Optimal,2415,0.411448,-39024.408537882111,-39024.40853788211,HiGHS optimum (optima.csv),0.00e+00,PASS,4.55e-13,7.99e-16,0.00e+00,yes,ps26119 0.1.0 (git ad28954),"phase-1 iters 1458, bound flips 3, refactorizations 152, Bland episodes 0, Devex resets 10, tolerance tightenings 0; presolve removed 28 rows, 16 cols"
ad28954,macbook-air-m4,Apple M4,10,none,,,2026-09-28T13:42:04,netlib,stocfor2,2157,2031,8343,ps26119,r2hpdhg,1,1e-8,60.0,Optimal,44160,0.900811,-39024.408566163045,-39024.40853788211,HiGHS optimum (optima.csv),7.25e-10,PASS,2.67e-07,1.95e-09,3.52e-10,yes,ps26119 0.1.0 (git ad28954),"presolve removed 28 rows, 16 cols"
ad28954,macbook-air-m4,Apple M4,10,none,,,2026-09-28T13:42:04,netlib,stocfor2,2157,2031,8343,ps26119,r2hpdhg,10,1e-8,60.0,Optimal,44160,0.903411,-39024.408566163045,-39024.40853788211,HiGHS optimum (optima.csv),7.25e-10,PASS,2.67e-07,1.95e-09,3.52e-10,yes,ps26119 0.1.0 (git ad28954),"presolve removed 28 rows, 16 cols"
ad28954,macbook-air-m4,Apple M4,10,none,,,2026-09-28T13:42:04,netlib,stocfor2,2157,2031,8343,highs,simplex,default,HiGHS defaults (1e-7 feasibility),60.0,Optimal,820,0.023822,-39024.40853788211,-39024.40853788211,HiGHS optimum (optima.csv),0.00e+00,PASS,3.18e-12,1.60e-15,0.00e+00,yes,HiGHS 1.15.1,HiGHS model status kOptimal
ad28954,macbook-air-m4,Apple M4,10,none,,,2026-09-28T13:42:04,netlib,stocfor2,2157,2031,8343,highs,ipm,default,HiGHS defaults (1e-7 feasibility),60.0,Optimal,19,0.046190,-39024.40853788211,-39024.40853788211,HiGHS optimum (optima.csv),0.00e+00,PASS,7.28e-12,2.40e-15,0.00e+00,yes,HiGHS 1.15.1,HiGHS model status kOptimal
ad28954,macbook-air-m4,Apple M4,10,none,,,2026-09-28T13:42:04,netlib,stocfor2,2157,2031,8343,highs,pdlp,default,1e-8 (pdlp_optimality_tolerance),60.0,Optimal,34600,0.761118,-39024.408643583214,-39024.40853788211,HiGHS optimum (optima.csv),2.71e-09,FAIL,1.29e-05,3.70e-07,1.17e-09,no,HiGHS 1.15.1,HiGHS model status kOptimal
ad28954,macbook-air-m4,Apple M4,10,none,,,2026-09-28T13:42:04,netlib,stocfor2,2157,2031,8343,ortools,glop,default,OR-Tools defaults,60.0,Optimal,,0.022135,-39024.40853788204,-39024.40853788211,HiGHS optimum (optima.csv),1.86e-15,PASS,1.36e-12,5.59e-15,0.00e+00,yes,OR-Tools 9.15.6755,OR-Tools status OPTIMAL
ad28954,macbook-air-m4,Apple M4,10,none,,,2026-09-28T13:42:04,netlib,stocfor2,2157,2031,8343,ortools,pdlp,default,1e-8 (PDLP relative + absolute),60.0,Optimal,,2.169709,-39024.40847218511,-39024.40853788211,HiGHS optimum (optima.csv),1.68e-09,PASS,3.17e-07,1.47e-08,1.08e-09,yes,OR-Tools 9.15.6755,OR-Tools status OPTIMAL
ad28954,macbook-air-m4,Apple M4,10,none,,,2026-09-28T13:42:04,netlib,tuff,333,587,4520,ps26119,auto,1,1e-8,60.0,Optimal,487,0.020486,0.29214776509361279,0.29214776509361273,HiGHS optimum (optima.csv),4.30e-17,PASS,9.09e-13,1.12e-17,7.01e-17,yes,ps26119 0.1.0 (git ad28954),"auto: simplex (rows*nnz = 1.5e+06); phase-1 iters 291, bound flips 0, refactorizations 26, Bland episodes 0, Devex resets 8, tolerance tightenings 0; presolve removed 41 rows, 5 cols"
ad28954,macbook-air-m4,Apple M4,10,none,,,2026-09-28T13:42:04,netlib,tuff,333,587,4520,ps26119,simplex,1,1e-8,60.0,Optimal,487,0.021159,0.29214776509361279,0.29214776509361273,HiGHS optimum (optima.csv),4.30e-17,PASS,9.09e-13,1.12e-17,7.01e-17,yes,ps26119 0.1.0 (git ad28954),"phase-1 iters 291, bound flips 0, refactorizations 26, Bland episodes 0, Devex resets 8, tolerance tightenings 0; presolve removed 41 rows, 5 cols"
ad28954,macbook-air-m4,Apple M4,10,none,,,2026-09-28T13:42:04,netlib,tuff,333,587,4520,ps26119,r2hpdhg,1,1e-8,60.0,Optimal,1302592,12.365377,0.29214776509536944,0.29214776509361273,HiGHS optimum (optima.csv),1.36e-12,PASS,2.63e-09,6.18e-12,2.56e-11,yes,ps26119 0.1.0 (git ad28954),"presolve removed 41 rows, 5 cols"
ad28954,macbook-air-m4,Apple M4,10,none,,,2026-09-28T13:42:04,netlib,tuff,333,587,4520,ps26119,r2hpdhg,10,1e-8,60.0,Optimal,1302592,12.361520,0.29214776509536944,0.29214776509361273,HiGHS optimum (optima.csv),1.36e-12,PASS,2.63e-09,6.18e-12,2.56e-11,yes,ps26119 0.1.0 (git ad28954),"presolve removed 41 rows, 5 cols"
ad28954,macbook-air-m4,Apple M4,10,none,,,2026-09-28T13:42:04,netlib,tuff,333,587,4520,highs,simplex,default,HiGHS defaults (1e-7 feasibility),60.0,Optimal,153,0.006531,0.29214776509361273,0.29214776509361273,HiGHS optimum (optima.csv),0.00e+00,PASS,1.36e-12,1.04e-17,3.50e-17,yes,HiGHS 1.15.1,HiGHS model status kOptimal
ad28954,macbook-air-m4,Apple M4,10,none,,,2026-09-28T13:42:04,netlib,tuff,333,587,4520,highs,ipm,default,HiGHS defaults (1e-7 feasibility),60.0,Optimal,26,0.019656,0.2921477650936128,0.29214776509361273,HiGHS optimum (optima.csv),4.30e-17,PASS,4.55e-13,1.47e-17,1.40e-16,yes,HiGHS 1.15.1,HiGHS model status kOptimal
ad28954,macbook-air-m4,Apple M4,10,none,,,2026-09-28T13:42:04,netlib,tuff,333,587,4520,highs,pdlp,default,1e-8 (pdlp_optimality_tolerance),60.0,Optimal,277560,2.467968,0.29214772192939614,0.29214776509361273,HiGHS optimum (optima.csv),3.34e-08,FAIL,1.24e-05,8.66e-10,6.08e-09,no,HiGHS 1.15.1,HiGHS model status kOptimal
ad28954,macbook-air-m4,Apple M4,10,none,,,2026-09-28T13:42:04,netlib,tuff,333,587,4520,ortools,glop,default,OR-Tools defaults,60.0,Optimal,,0.004110,0.2921477650936128,0.29214776509361273,HiGHS optimum (optima.csv),4.30e-17,PASS,9.09e-13,6.04e-18,0.00e+00,yes,OR-Tools 9.15.6755,OR-Tools status OPTIMAL
ad28954,macbook-air-m4,Apple M4,10,none,,,2026-09-28T13:42:04,netlib,tuff,333,587,4520,ortools,pdlp,default,1e-8 (PDLP relative + absolute),60.0,Optimal,,1.852134,0.29214776520403735,0.29214776509361273,HiGHS optimum (optima.csv),8.55e-11,PASS,6.65e-09,3.19e-13,3.22e-10,yes,OR-Tools 9.15.6755,OR-Tools status OPTIMAL
ad28954,macbook-air-m4,Apple M4,10,none,,,2026-09-28T13:42:04,netlib,vtp.base,198,203,908,ps26119,auto,1,1e-8,60.0,Optimal,167,0.002893,129831.46246136136,129831.46246136137,HiGHS optimum (optima.csv),1.12e-16,PASS,1.82e-12,4.26e-14,1.68e-16,yes,ps26119 0.1.0 (git ad28954),"auto: simplex (rows*nnz = 1.8e+05); phase-1 iters 146, bound flips 13, refactorizations 6, Bland episodes 0, Devex resets 0, tolerance tightenings 0; presolve removed 32 rows, 21 cols"
ad28954,macbook-air-m4,Apple M4,10,none,,,2026-09-28T13:42:04,netlib,vtp.base,198,203,908,ps26119,simplex,1,1e-8,60.0,Optimal,167,0.002876,129831.46246136136,129831.46246136137,HiGHS optimum (optima.csv),1.12e-16,PASS,1.82e-12,4.26e-14,1.68e-16,yes,ps26119 0.1.0 (git ad28954),"phase-1 iters 146, bound flips 13, refactorizations 6, Bland episodes 0, Devex resets 0, tolerance tightenings 0; presolve removed 32 rows, 21 cols"
ad28954,macbook-air-m4,Apple M4,10,none,,,2026-09-28T13:42:04,netlib,vtp.base,198,203,908,ps26119,r2hpdhg,1,1e-8,60.0,Optimal,90304,0.157533,129831.46318972314,129831.46246136137,HiGHS optimum (optima.csv),5.61e-09,PASS,2.83e-07,1.09e-08,6.30e-09,yes,ps26119 0.1.0 (git ad28954),"presolve removed 32 rows, 21 cols"
ad28954,macbook-air-m4,Apple M4,10,none,,,2026-09-28T13:42:04,netlib,vtp.base,198,203,908,ps26119,r2hpdhg,10,1e-8,60.0,Optimal,90304,0.155276,129831.46318972314,129831.46246136137,HiGHS optimum (optima.csv),5.61e-09,PASS,2.83e-07,1.09e-08,6.30e-09,yes,ps26119 0.1.0 (git ad28954),"presolve removed 32 rows, 21 cols"
ad28954,macbook-air-m4,Apple M4,10,none,,,2026-09-28T13:42:04,netlib,vtp.base,198,203,908,highs,simplex,default,HiGHS defaults (1e-7 feasibility),60.0,Optimal,20,0.001153,129831.46246136137,129831.46246136137,HiGHS optimum (optima.csv),0.00e+00,PASS,1.55e-11,4.26e-14,0.00e+00,yes,HiGHS 1.15.1,HiGHS model status kOptimal
ad28954,macbook-air-m4,Apple M4,10,none,,,2026-09-28T13:42:04,netlib,vtp.base,198,203,908,highs,ipm,default,HiGHS defaults (1e-7 feasibility),60.0,Optimal,10,0.001581,129831.46246136137,129831.46246136137,HiGHS optimum (optima.csv),0.00e+00,PASS,1.55e-11,4.26e-14,0.00e+00,yes,HiGHS 1.15.1,HiGHS model status kOptimal
ad28954,macbook-air-m4,Apple M4,10,none,,,2026-09-28T13:42:04,netlib,vtp.base,198,203,908,highs,pdlp,default,1e-8 (pdlp_optimality_tolerance),60.0,Optimal,1320,0.001566,129831.45256430915,129831.46246136137,HiGHS optimum (optima.csv),7.62e-08,FAIL,1.83e-04,2.00e-07,6.25e-09,no,HiGHS 1.15.1,HiGHS model status kOptimal
ad28954,macbook-air-m4,Apple M4,10,none,,,2026-09-28T13:42:04,netlib,vtp.base,198,203,908,ortools,glop,default,OR-Tools defaults,60.0,Optimal,,0.001509,129831.46246136137,129831.46246136137,HiGHS optimum (optima.csv),0.00e+00,PASS,2.44e-11,1.71e-13,2.24e-16,yes,OR-Tools 9.15.6755,OR-Tools status OPTIMAL
ad28954,macbook-air-m4,Apple M4,10,none,,,2026-09-28T13:42:04,netlib,vtp.base,198,203,908,ortools,pdlp,default,1e-8 (PDLP relative + absolute),60.0,Optimal,,0.431044,129831.4596734047,129831.46246136137,HiGHS optimum (optima.csv),2.15e-08,FAIL,2.60e-06,1.83e-09,3.96e-10,no,OR-Tools 9.15.6755,OR-Tools status OPTIMAL
ad28954,macbook-air-m4,Apple M4,10,none,,,2026-09-28T13:42:04,netlib,wood1p,244,2594,70215,ps26119,auto,1,1e-8,60.0,Optimal,443,0.121418,1.4429024115734086,1.4429024115734075,HiGHS optimum (optima.csv),4.54e-16,PASS,2.54e-13,1.78e-15,1.71e-16,yes,ps26119 0.1.0 (git ad28954),"auto: simplex (rows*nnz = 1.7e+07); phase-1 iters 169, bound flips 0, refactorizations 12, Bland episodes 0, Devex resets 2, tolerance tightenings 0; presolve removed 1 rows, 0 cols"
ad28954,macbook-air-m4,Apple M4,10,none,,,2026-09-28T13:42:04,netlib,wood1p,244,2594,70215,ps26119,simplex,1,1e-8,60.0,Optimal,443,0.120355,1.4429024115734086,1.4429024115734075,HiGHS optimum (optima.csv),4.54e-16,PASS,2.54e-13,1.78e-15,1.71e-16,yes,ps26119 0.1.0 (git ad28954),"phase-1 iters 169, bound flips 0, refactorizations 12, Bland episodes 0, Devex resets 2, tolerance tightenings 0; presolve removed 1 rows, 0 cols"
ad28954,macbook-air-m4,Apple M4,10,none,,,2026-09-28T13:42:04,netlib,wood1p,244,2594,70215,ps26119,r2hpdhg,1,1e-8,60.0,Optimal,17536,2.926591,1.442902411734728,1.4429024115734075,HiGHS optimum (optima.csv),6.60e-11,PASS,3.21e-10,6.09e-09,3.39e-11,yes,ps26119 0.1.0 (git ad28954),"presolve removed 1 rows, 0 cols"
ad28954,macbook-air-m4,Apple M4,10,none,,,2026-09-28T13:42:04,netlib,wood1p,244,2594,70215,ps26119,r2hpdhg,10,1e-8,60.0,Optimal,17536,2.931762,1.442902411734728,1.4429024115734075,HiGHS optimum (optima.csv),6.60e-11,PASS,3.21e-10,6.09e-09,3.39e-11,yes,ps26119 0.1.0 (git ad28954),"presolve removed 1 rows, 0 cols"
ad28954,macbook-air-m4,Apple M4,10,none,,,2026-09-28T13:42:04,netlib,wood1p,244,2594,70215,highs,simplex,default,HiGHS defaults (1e-7 feasibility),60.0,Optimal,249,0.068293,1.4429024115734075,1.4429024115734075,HiGHS optimum (optima.csv),0.00e+00,PASS,1.31e-13,2.44e-13,2.29e-16,yes,HiGHS 1.15.1,HiGHS model status kOptimal
ad28954,macbook-air-m4,Apple M4,10,none,,,2026-09-28T13:42:04,netlib,wood1p,244,2594,70215,highs,ipm,default,HiGHS defaults (1e-7 feasibility),60.0,Optimal,25,0.166788,1.4429024115734095,1.4429024115734075,HiGHS optimum (optima.csv),8.18e-16,PASS,1.60e-13,4.00e-15,2.86e-16,yes,HiGHS 1.15.1,HiGHS model status kOptimal
ad28954,macbook-air-m4,Apple M4,10,none,,,2026-09-28T13:42:04,netlib,wood1p,244,2594,70215,highs,pdlp,default,1e-8 (pdlp_optimality_tolerance),60.0,Optimal,4480,0.381064,1.4429022898534511,1.4429024115734075,HiGHS optimum (optima.csv),4.98e-08,PASS,7.10e-08,6.32e-08,8.50e-09,yes,HiGHS 1.15.1,HiGHS model status kOptimal
ad28954,macbook-air-m4,Apple M4,10,none,,,2026-09-28T13:42:04,netlib,wood1p,244,2594,70215,ortools,glop,default,OR-Tools defaults,60.0,Optimal,,0.041369,1.4429024115734093,1.4429024115734075,HiGHS optimum (optima.csv),7.27e-16,PASS,1.15e-13,3.52e-15,0.00e+00,yes,OR-Tools 9.15.6755,OR-Tools status OPTIMAL
ad28954,macbook-air-m4,Apple M4,10,none,,,2026-09-28T13:42:04,netlib,wood1p,244,2594,70215,ortools,pdlp,default,1e-8 (PDLP relative + absolute),60.0,Optimal,,1.143204,1.442902411358599,1.4429024115734075,HiGHS optimum (optima.csv),8.79e-11,PASS,1.17e-10,4.23e-09,1.25e-09,yes,OR-Tools 9.15.6755,OR-Tools status OPTIMAL
ad28954,macbook-air-m4,Apple M4,10,none,,,2026-09-28T13:42:04,netlib,woodw,1098,8405,37474,ps26119,auto,1,1e-8,60.0,Optimal,2382,0.378535,1.3044763330842293,1.3044763330842293,HiGHS optimum (optima.csv),0.00e+00,PASS,8.53e-14,9.99e-16,0.00e+00,yes,ps26119 0.1.0 (git ad28954),"auto: simplex (rows*nnz = 4.1e+07); phase-1 iters 947, bound flips 0, refactorizations 52, Bland episodes 0, Devex resets 29, tolerance tightenings 0; presolve removed 1 rows, 0 cols"
ad28954,macbook-air-m4,Apple M4,10,none,,,2026-09-28T13:42:04,netlib,woodw,1098,8405,37474,ps26119,simplex,1,1e-8,60.0,Optimal,2382,0.377022,1.3044763330842293,1.3044763330842293,HiGHS optimum (optima.csv),0.00e+00,PASS,8.53e-14,9.99e-16,0.00e+00,yes,ps26119 0.1.0 (git ad28954),"phase-1 iters 947, bound flips 0, refactorizations 52, Bland episodes 0, Devex resets 29, tolerance tightenings 0; presolve removed 1 rows, 0 cols"
ad28954,macbook-air-m4,Apple M4,10,none,,,2026-09-28T13:42:04,netlib,woodw,1098,8405,37474,ps26119,r2hpdhg,1,1e-8,60.0,Optimal,111104,10.261719,1.3044763330856941,1.3044763330842293,HiGHS optimum (optima.csv),6.36e-13,PASS,6.02e-10,4.97e-10,9.21e-12,yes,ps26119 0.1.0 (git ad28954),"presolve removed 1 rows, 0 cols"
ad28954,macbook-air-m4,Apple M4,10,none,,,2026-09-28T13:42:04,netlib,woodw,1098,8405,37474,ps26119,r2hpdhg,10,1e-8,60.0,Optimal,111104,13.631170,1.3044763330856941,1.3044763330842293,HiGHS optimum (optima.csv),6.36e-13,PASS,6.02e-10,4.97e-10,9.21e-12,yes,ps26119 0.1.0 (git ad28954),"presolve removed 1 rows, 0 cols"
ad28954,macbook-air-m4,Apple M4,10,none,,,2026-09-28T13:42:04,netlib,woodw,1098,8405,37474,highs,simplex,default,HiGHS defaults (1e-7 feasibility),60.0,Optimal,793,0.063543,1.3044763330842293,1.3044763330842293,HiGHS optimum (optima.csv),0.00e+00,PASS,5.68e-14,2.22e-16,0.00e+00,yes,HiGHS 1.15.1,HiGHS model status kOptimal
ad28954,macbook-air-m4,Apple M4,10,none,,,2026-09-28T13:42:04,netlib,woodw,1098,8405,37474,highs,ipm,default,HiGHS defaults (1e-7 feasibility),60.0,Optimal,31,0.123066,1.30447633308423,1.3044763330842293,HiGHS optimum (optima.csv),2.89e-16,PASS,5.68e-14,2.22e-16,1.23e-16,yes,HiGHS 1.15.1,HiGHS model status kOptimal
ad28954,macbook-air-m4,Apple M4,10,none,,,2026-09-28T13:42:04,netlib,woodw,1098,8405,37474,highs,pdlp,default,1e-8 (pdlp_optimality_tolerance),60.0,Optimal,51960,3.407150,1.3044763249354179,1.3044763330842293,HiGHS optimum (optima.csv),3.54e-09,PASS,6.25e-07,2.16e-07,3.44e-09,yes,HiGHS 1.15.1,HiGHS model status kOptimal
ad28954,macbook-air-m4,Apple M4,10,none,,,2026-09-28T13:42:04,netlib,woodw,1098,8405,37474,ortools,glop,default,OR-Tools defaults,60.0,Optimal,,0.042339,1.304476333084229,1.3044763330842293,HiGHS optimum (optima.csv),9.64e-17,PASS,1.14e-13,2.54e-16,0.00e+00,yes,OR-Tools 9.15.6755,OR-Tools status OPTIMAL
ad28954,macbook-air-m4,Apple M4,10,none,,,2026-09-28T13:42:04,netlib,woodw,1098,8405,37474,ortools,pdlp,default,1e-8 (PDLP relative + absolute),60.0,Optimal,,7.502755,1.3044763329018076,1.3044763330842293,HiGHS optimum (optima.csv),7.92e-11,PASS,5.62e-09,5.49e-09,3.02e-11,yes,OR-Tools 9.15.6755,OR-Tools status OPTIMAL
ad28954,macbook-air-m4,Apple M4,10,none,,,2026-09-28T13:42:04,kennington,cre-a,3516,4067,14987,ps26119,auto,1,1e-8,120.0,Optimal,4477,0.644645,23595407.060971621,23595407.0,"published optimum (netlib readme, ALPO, 8 digits)",2.58e-09,PASS,2.40e-14,1.12e-16,0.00e+00,yes,ps26119 0.1.0 (git ad28954),"auto: simplex (rows*nnz = 5.3e+07); phase-1 iters 1994, bound flips 0, refactorizations 65, Bland episodes 0, Devex resets 8, tolerance tightenings 0; presolve removed 439 rows, 6 cols"
ad28954,macbook-air-m4,Apple M4,10,none,,,2026-09-28T13:42:04,kennington,cre-a,3516,4067,14987,ps26119,simplex,1,1e-8,120.0,Optimal,4477,0.643603,23595407.060971621,23595407.0,"published optimum (netlib readme, ALPO, 8 digits)",2.58e-09,PASS,2.40e-14,1.12e-16,0.00e+00,yes,ps26119 0.1.0 (git ad28954),"phase-1 iters 1994, bound flips 0, refactorizations 65, Bland episodes 0, Devex resets 8, tolerance tightenings 0; presolve removed 439 rows, 6 cols"
ad28954,macbook-air-m4,Apple M4,10,none,,,2026-09-28T13:42:04,kennington,cre-a,3516,4067,14987,ps26119,r2hpdhg,1,1e-8,120.0,Optimal,59648,2.267872,23595407.099526931,23595407.0,"published optimum (netlib readme, ALPO, 8 digits)",4.22e-09,PASS,5.67e-07,4.33e-12,8.00e-10,yes,ps26119 0.1.0 (git ad28954),"presolve removed 439 rows, 6 cols"
ad28954,macbook-air-m4,Apple M4,10,none,,,2026-09-28T13:42:04,kennington,cre-a,3516,4067,14987,ps26119,r2hpdhg,10,1e-8,120.0,Optimal,59648,2.279648,23595407.099526931,23595407.0,"published optimum (netlib readme, ALPO, 8 digits)",4.22e-09,PASS,5.67e-07,4.33e-12,8.00e-10,yes,ps26119 0.1.0 (git ad28954),"presolve removed 439 rows, 6 cols"
ad28954,macbook-air-m4,Apple M4,10,none,,,2026-09-28T13:42:04,kennington,cre-a,3516,4067,14987,highs,simplex,default,HiGHS defaults (1e-7 feasibility),120.0,Optimal,2303,0.058357,23595407.060971618,23595407.0,"published optimum (netlib readme, ALPO, 8 digits)",2.58e-09,PASS,7.38e-15,1.12e-16,1.58e-16,yes,HiGHS 1.15.1,HiGHS model status kOptimal
ad28954,macbook-air-m4,Apple M4,10,none,,,2026-09-28T13:42:04,kennington,cre-a,3516,4067,14987,highs,ipm,default,HiGHS defaults (1e-7 feasibility),120.0,Optimal,38,0.239057,23595407.060971618,23595407.0,"published optimum (netlib readme, ALPO, 8 digits)",2.58e-09,PASS,5.68e-14,2.25e-16,0.00e+00,yes,HiGHS 1.15.1,HiGHS model status kOptimal
ad28954,macbook-air-m4,Apple M4,10,none,,,2026-09-28T13:42:04,kennington,cre-a,3516,4067,14987,highs,pdlp,default,1e-8 (pdlp_optimality_tolerance),120.0,Optimal,25240,1.591005,23595498.247908965,23595407.0,"published optimum (netlib readme, ALPO, 8 digits)",3.87e-06,FAIL,2.67e-04,4.26e-07,5.98e-09,no,HiGHS 1.15.1,HiGHS model status kOptimal
ad28954,macbook-air-m4,Apple M4,10,none,,,2026-09-28T13:42:04,kennington,cre-a,3516,4067,14987,ortools,glop,default,OR-Tools defaults,120.0,Optimal,,0.109619,23595407.06097161,23595407.0,"published optimum (netlib readme, ALPO, 8 digits)",2.58e-09,PASS,5.68e-14,2.25e-16,0.00e+00,yes,OR-Tools 9.15.6755,OR-Tools status OPTIMAL
ad28954,macbook-air-m4,Apple M4,10,none,,,2026-09-28T13:42:04,kennington,cre-a,3516,4067,14987,ortools,pdlp,default,1e-8 (PDLP relative + absolute),120.0,Optimal,,2.694783,23595406.90796663,23595407.0,"published optimum (netlib readme, ALPO, 8 digits)",3.90e-09,FAIL,1.80e-05,1.91e-12,3.23e-09,no,OR-Tools 9.15.6755,OR-Tools status OPTIMAL
ad28954,macbook-air-m4,Apple M4,10,none,,,2026-09-28T13:42:04,kennington,cre-b,9648,72447,256095,ps26119,auto,1,1e-8,120.0,Optimal,122368,79.374075,23129639.891939223,23129640.0,"published optimum (netlib readme, ALPO, 8 digits)",4.67e-09,PASS,9.62e-07,2.46e-11,1.52e-10,yes,ps26119 0.1.0 (git ad28954),"auto: r2hpdhg (rows*nnz = 2.5e+09); presolve removed 2412 rows, 4 cols"
ad28954,macbook-air-m4,Apple M4,10,none,,,2026-09-28T13:42:04,kennington,cre-b,9648,72447,256095,ps26119,simplex,1,1e-8,120.0,TimeLimit,90304,120.115656,nan,23129640.0,"published optimum (netlib readme, ALPO, 8 digits)",nan,FAIL,nan,nan,nan,no,ps26119 0.1.0 (git ad28954),"time limit; phase-1 iters 8056, bound flips 0, refactorizations 1441, Bland episodes 0, Devex resets 30, tolerance tightenings 0; presolve removed 2412 rows, 4 cols"
ad28954,macbook-air-m4,Apple M4,10,none,,,2026-09-28T13:42:04,kennington,cre-b,9648,72447,256095,ps26119,r2hpdhg,1,1e-8,120.0,Optimal,122368,79.309070,23129639.891939223,23129640.0,"published optimum (netlib readme, ALPO, 8 digits)",4.67e-09,PASS,9.62e-07,2.46e-11,1.52e-10,yes,ps26119 0.1.0 (git ad28954),"presolve removed 2412 rows, 4 cols"
ad28954,macbook-air-m4,Apple M4,10,none,,,2026-09-28T13:42:04,kennington,cre-b,9648,72447,256095,ps26119,r2hpdhg,10,1e-8,120.0,Optimal,122368,84.563889,23129639.891939223,23129640.0,"published optimum (netlib readme, ALPO, 8 digits)",4.67e-09,PASS,9.62e-07,2.46e-11,1.52e-10,yes,ps26119 0.1.0 (git ad28954),"presolve removed 2412 rows, 4 cols"
ad28954,macbook-air-m4,Apple M4,10,none,,,2026-09-28T13:42:04,kennington,cre-b,9648,72447,256095,highs,simplex,default,HiGHS defaults (1e-7 feasibility),120.0,Optimal,8235,1.099441,23129639.88683238,23129640.0,"published optimum (netlib readme, ALPO, 8 digits)",4.89e-09,PASS,2.84e-14,1.12e-16,8.05e-17,yes,HiGHS 1.15.1,HiGHS model status kOptimal
ad28954,macbook-air-m4,Apple M4,10,none,,,2026-09-28T13:42:04,kennington,cre-b,9648,72447,256095,highs,ipm,default,HiGHS defaults (1e-7 feasibility),120.0,Optimal,53,2.106176,23129639.886832375,23129640.0,"published optimum (netlib readme, ALPO, 8 digits)",4.89e-09,PASS,2.84e-14,2.25e-16,0.00e+00,yes,HiGHS 1.15.1,HiGHS model status kOptimal
ad28954,macbook-air-m4,Apple M4,10,none,,,2026-09-28T13:42:04,kennington,cre-b,9648,72447,256095,highs,pdlp,default,1e-8 (pdlp_optimality_tolerance),120.0,Optimal,93720,43.026169,23129639.558070835,23129640.0,"published optimum (netlib readme, ALPO, 8 digits)",1.91e-08,FAIL,1.97e-04,2.06e-11,7.15e-09,no,HiGHS 1.15.1,HiGHS model status kOptimal
ad28954,macbook-air-m4,Apple M4,10,none,,,2026-09-28T13:42:04,kennington,cre-b,9648,72447,256095,ortools,glop,default,OR-Tools defaults,120.0,Optimal,,0.977863,23129639.886832368,23129640.0,"published optimum (netlib readme, ALPO, 8 digits)",4.89e-09,PASS,8.53e-14,3.37e-16,8.05e-17,yes,OR-Tools 9.15.6755,OR-Tools status OPTIMAL
ad28954,macbook-air-m4,Apple M4,10,none,,,2026-09-28T13:42:04,kennington,cre-b,9648,72447,256095,ortools,pdlp,default,1e-8 (PDLP relative + absolute),120.0,Optimal,,69.749038,23129639.99108558,23129640.0,"published optimum (netlib readme, ALPO, 8 digits)",3.85e-10,FAIL,2.01e-05,1.37e-11,2.32e-09,no,OR-Tools 9.15.6755,OR-Tools status OPTIMAL
ad28954,macbook-air-m4,Apple M4,10,none,,,2026-09-28T13:42:04,kennington,cre-c,3068,3678,13244,ps26119,auto,1,1e-8,120.0,Optimal,4240,0.552902,25275116.140880227,25275116.0,"published optimum (netlib readme, ALPO, 8 digits)",5.57e-09,PASS,2.84e-14,2.25e-16,0.00e+00,yes,ps26119 0.1.0 (git ad28954),"auto: simplex (rows*nnz = 4.1e+07); phase-1 iters 2127, bound flips 0, refactorizations 64, Bland episodes 0, Devex resets 8, tolerance tightenings 0; presolve removed 442 rows, 27 cols"
ad28954,macbook-air-m4,Apple M4,10,none,,,2026-09-28T13:42:04,kennington,cre-c,3068,3678,13244,ps26119,simplex,1,1e-8,120.0,Optimal,4240,0.544630,25275116.140880227,25275116.0,"published optimum (netlib readme, ALPO, 8 digits)",5.57e-09,PASS,2.84e-14,2.25e-16,0.00e+00,yes,ps26119 0.1.0 (git ad28954),"phase-1 iters 2127, bound flips 0, refactorizations 64, Bland episodes 0, Devex resets 8, tolerance tightenings 0; presolve removed 442 rows, 27 cols"
ad28954,macbook-air-m4,Apple M4,10,none,,,2026-09-28T13:42:04,kennington,cre-c,3068,3678,13244,ps26119,r2hpdhg,1,1e-8,120.0,Optimal,42880,1.435095,25275115.829974849,25275116.0,"published optimum (netlib readme, ALPO, 8 digits)",6.73e-09,PASS,7.48e-07,3.22e-12,6.15e-09,yes,ps26119 0.1.0 (git ad28954),"presolve removed 442 rows, 27 cols"
ad28954,macbook-air-m4,Apple M4,10,none,,,2026-09-28T13:42:04,kennington,cre-c,3068,3678,13244,ps26119,r2hpdhg,10,1e-8,120.0,Optimal,42880,1.446025,25275115.829974849,25275116.0,"published optimum (netlib readme, ALPO, 8 digits)",6.73e-09,PASS,7.48e-07,3.22e-12,6.15e-09,yes,ps26119 0.1.0 (git ad28954),"presolve removed 442 rows, 27 cols"
ad28954,macbook-air-m4,Apple M4,10,none,,,2026-09-28T13:42:04,kennington,cre-c,3068,3678,13244,highs,simplex,default,HiGHS defaults (1e-7 feasibility),120.0,Optimal,2030,0.054675,25275116.140880227,25275116.0,"published optimum (netlib readme, ALPO, 8 digits)",5.57e-09,PASS,1.14e-13,1.69e-16,1.47e-16,yes,HiGHS 1.15.1,HiGHS model status kOptimal
ad28954,macbook-air-m4,Apple M4,10,none,,,2026-09-28T13:42:04,kennington,cre-c,3068,3678,13244,highs,ipm,default,HiGHS defaults (1e-7 feasibility),120.0,Optimal,35,0.202767,25275116.140880223,25275116.0,"published optimum (netlib readme, ALPO, 8 digits)",5.57e-09,PASS,1.14e-13,5.62e-16,7.37e-17,yes,HiGHS 1.15.1,HiGHS model status kOptimal
ad28954,macbook-air-m4,Apple M4,10,none,,,2026-09-28T13:42:04,kennington,cre-c,3068,3678,13244,highs,pdlp,default,1e-8 (pdlp_optimality_tolerance),120.0,Optimal,32920,1.708811,25275115.745911438,25275116.0,"published optimum (netlib readme, ALPO, 8 digits)",1.01e-08,FAIL,2.42e-05,1.01e-09,8.20e-09,no,HiGHS 1.15.1,HiGHS model status kOptimal
ad28954,macbook-air-m4,Apple M4,10,none,,,2026-09-28T13:42:04,kennington,cre-c,3068,3678,13244,ortools,glop,default,OR-Tools defaults,120.0,Optimal,,0.105758,25275116.140880216,25275116.0,"published optimum (netlib readme, ALPO, 8 digits)",5.57e-09,PASS,4.55e-13,4.50e-16,0.00e+00,yes,OR-Tools 9.15.6755,OR-Tools status OPTIMAL
ad28954,macbook-air-m4,Apple M4,10,none,,,2026-09-28T13:42:04,kennington,cre-c,3068,3678,13244,ortools,pdlp,default,1e-8 (PDLP relative + absolute),120.0,Optimal,,1.925760,25275116.353393987,25275116.0,"published optimum (netlib readme, ALPO, 8 digits)",1.40e-08,PASS,4.01e-07,2.51e-11,4.23e-09,yes,OR-Tools 9.15.6755,OR-Tools status OPTIMAL
ad28954,macbook-air-m4,Apple M4,10,none,,,2026-09-28T13:42:04,kennington,cre-d,8926,69980,242646,ps26119,auto,1,1e-8,120.0,Optimal,27968,17.420033,24454969.754237242,24454970.0,"published optimum (netlib readme, ALPO, 8 digits)",1.00e-08,PASS,8.73e-07,1.64e-12,2.13e-10,yes,ps26119 0.1.0 (git ad28954),"auto: r2hpdhg (rows*nnz = 2.2e+09); presolve removed 2470 rows, 20 cols"
ad28954,macbook-air-m4,Apple M4,10,none,,,2026-09-28T13:42:04,kennington,cre-d,8926,69980,242646,ps26119,simplex,1,1e-8,120.0,Optimal,73324,85.604601,24454969.764549244,24454970.0,"published optimum (netlib readme, ALPO, 8 digits)",9.63e-09,PASS,2.56e-13,2.25e-16,0.00e+00,yes,ps26119 0.1.0 (git ad28954),"phase-1 iters 7295, bound flips 0, refactorizations 997, Bland episodes 0, Devex resets 31, tolerance tightenings 0; presolve removed 2470 rows, 20 cols"
ad28954,macbook-air-m4,Apple M4,10,none,,,2026-09-28T13:42:04,kennington,cre-d,8926,69980,242646,ps26119,r2hpdhg,1,1e-8,120.0,Optimal,27968,17.535426,24454969.754237242,24454970.0,"published optimum (netlib readme, ALPO, 8 digits)",1.00e-08,PASS,8.73e-07,1.64e-12,2.13e-10,yes,ps26119 0.1.0 (git ad28954),"presolve removed 2470 rows, 20 cols"
ad28954,macbook-air-m4,Apple M4,10,none,,,2026-09-28T13:42:04,kennington,cre-d,8926,69980,242646,ps26119,r2hpdhg,10,1e-8,120.0,Optimal,27968,18.120253,24454969.754237242,24454970.0,"published optimum (netlib readme, ALPO, 8 digits)",1.00e-08,PASS,8.73e-07,1.64e-12,2.13e-10,yes,ps26119 0.1.0 (git ad28954),"presolve removed 2470 rows, 20 cols"
ad28954,macbook-air-m4,Apple M4,10,none,,,2026-09-28T13:42:04,kennington,cre-d,8926,69980,242646,highs,simplex,default,HiGHS defaults (1e-7 feasibility),120.0,Optimal,6249,0.579554,24454969.76454924,24454970.0,"published optimum (netlib readme, ALPO, 8 digits)",9.63e-09,PASS,2.27e-13,1.12e-16,1.52e-16,yes,HiGHS 1.15.1,HiGHS model status kOptimal
ad28954,macbook-air-m4,Apple M4,10,none,,,2026-09-28T13:42:04,kennington,cre-d,8926,69980,242646,highs,ipm,default,HiGHS defaults (1e-7 feasibility),120.0,Optimal,53,1.627605,24454969.764549244,24454970.0,"published optimum (netlib readme, ALPO, 8 digits)",9.63e-09,PASS,2.27e-13,2.25e-16,0.00e+00,yes,HiGHS 1.15.1,HiGHS model status kOptimal
ad28954,macbook-air-m4,Apple M4,10,none,,,2026-09-28T13:42:04,kennington,cre-d,8926,69980,242646,highs,pdlp,default,1e-8 (pdlp_optimality_tolerance),120.0,Optimal,53160,19.193517,24454969.492328424,24454970.0,"published optimum (netlib readme, ALPO, 8 digits)",2.08e-08,FAIL,1.78e-04,9.81e-12,5.60e-09,no,HiGHS 1.15.1,HiGHS model status kOptimal
ad28954,macbook-air-m4,Apple M4,10,none,,,2026-09-28T13:42:04,kennington,cre-d,8926,69980,242646,ortools,glop,default,OR-Tools defaults,120.0,Optimal,,0.653866,24454969.764549244,24454970.0,"published optimum (netlib readme, ALPO, 8 digits)",9.63e-09,PASS,2.27e-13,2.25e-16,7.62e-17,yes,OR-Tools 9.15.6755,OR-Tools status OPTIMAL
ad28954,macbook-air-m4,Apple M4,10,none,,,2026-09-28T13:42:04,kennington,cre-d,8926,69980,242646,ortools,pdlp,default,1e-8 (PDLP relative + absolute),120.0,Optimal,,27.035858,24454970.118216533,24454970.0,"published optimum (netlib readme, ALPO, 8 digits)",4.83e-09,FAIL,2.21e-05,5.82e-12,7.21e-09,no,OR-Tools 9.15.6755,OR-Tools status OPTIMAL
ad28954,macbook-air-m4,Apple M4,10,none,,,2026-09-28T13:42:04,kennington,ken-07,2426,3602,8404,ps26119,auto,1,1e-8,120.0,Optimal,3273,0.172763,-679520443.38168859,-679520440.0,"published optimum (netlib readme, ALPO, 8 digits)",4.98e-09,PASS,0.00e+00,0.00e+00,8.77e-16,yes,ps26119 0.1.0 (git ad28954),"auto: simplex (rows*nnz = 2e+07); phase-1 iters 2291, bound flips 18, refactorizations 34, Bland episodes 0, Devex resets 0, tolerance tightenings 0; presolve removed 989 rows, 989 cols"
ad28954,macbook-air-m4,Apple M4,10,none,,,2026-09-28T13:42:04,kennington,ken-07,2426,3602,8404,ps26119,simplex,1,1e-8,120.0,Optimal,3273,0.170581,-679520443.38168859,-679520440.0,"published optimum (netlib readme, ALPO, 8 digits)",4.98e-09,PASS,0.00e+00,0.00e+00,8.77e-16,yes,ps26119 0.1.0 (git ad28954),"phase-1 iters 2291, bound flips 18, refactorizations 34, Bland episodes 0, Devex resets 0, tolerance tightenings 0; presolve removed 989 rows, 989 cols"
ad28954,macbook-air-m4,Apple M4,10,none,,,2026-09-28T13:42:04,kennington,ken-07,2426,3602,8404,ps26119,r2hpdhg,1,1e-8,120.0,Optimal,2048,0.041688,-679520443.36693025,-679520440.0,"published optimum (netlib readme, ALPO, 8 digits)",4.95e-09,PASS,1.14e-07,0.00e+00,2.30e-09,yes,ps26119 0.1.0 (git ad28954),"presolve removed 989 rows, 989 cols"
ad28954,macbook-air-m4,Apple M4,10,none,,,2026-09-28T13:42:04,kennington,ken-07,2426,3602,8404,ps26119,r2hpdhg,10,1e-8,120.0,Optimal,2048,0.041255,-679520443.36693025,-679520440.0,"published optimum (netlib readme, ALPO, 8 digits)",4.95e-09,PASS,1.14e-07,0.00e+00,2.30e-09,yes,ps26119 0.1.0 (git ad28954),"presolve removed 989 rows, 989 cols"
ad28954,macbook-air-m4,Apple M4,10,none,,,2026-09-28T13:42:04,kennington,ken-07,2426,3602,8404,highs,simplex,default,HiGHS defaults (1e-7 feasibility),120.0,Optimal,1242,0.021874,-679520443.3816886,-679520440.0,"published optimum (netlib readme, ALPO, 8 digits)",4.98e-09,PASS,0.00e+00,0.00e+00,7.02e-16,yes,HiGHS 1.15.1,HiGHS model status kOptimal
ad28954,macbook-air-m4,Apple M4,10,none,,,2026-09-28T13:42:04,kennington,ken-07,2426,3602,8404,highs,ipm,default,HiGHS defaults (1e-7 feasibility),120.0,Optimal,15,0.027982,-679520443.3816886,-679520440.0,"published optimum (netlib readme, ALPO, 8 digits)",4.98e-09,PASS,0.00e+00,0.00e+00,6.14e-16,yes,HiGHS 1.15.1,HiGHS model status kOptimal
ad28954,macbook-air-m4,Apple M4,10,none,,,2026-09-28T13:42:04,kennington,ken-07,2426,3602,8404,highs,pdlp,default,1e-8 (pdlp_optimality_tolerance),120.0,Optimal,3320,0.097796,-679520443.3974413,-679520440.0,"published optimum (netlib readme, ALPO, 8 digits)",5.00e-09,FAIL,4.79e-06,0.00e+00,9.43e-09,no,HiGHS 1.15.1,HiGHS model status kOptimal
ad28954,macbook-air-m4,Apple M4,10,none,,,2026-09-28T13:42:04,kennington,ken-07,2426,3602,8404,ortools,glop,default,OR-Tools defaults,120.0,Optimal,,0.022136,-679520443.381687,-679520440.0,"published optimum (netlib readme, ALPO, 8 digits)",4.98e-09,PASS,0.00e+00,0.00e+00,1.49e-15,yes,OR-Tools 9.15.6755,OR-Tools status OPTIMAL
ad28954,macbook-air-m4,Apple M4,10,none,,,2026-09-28T13:42:04,kennington,ken-07,2426,3602,8404,ortools,pdlp,default,1e-8 (PDLP relative + absolute),120.0,Optimal,,0.240010,-679520443.7802756,-679520440.0,"published optimum (netlib readme, ALPO, 8 digits)",5.56e-09,FAIL,3.22e-06,0.00e+00,8.15e-08,no,OR-Tools 9.15.6755,OR-Tools status OPTIMAL
ad28954,macbook-air-m4,Apple M4,10,none,,,2026-09-28T13:42:04,kennington,ken-11,14694,21349,49058,ps26119,auto,1,1e-8,120.0,Optimal,7552,0.970354,-6972382262.5577965,-6972382300.0,"published optimum (netlib readme, ALPO, 8 digits)",5.37e-09,PASS,8.30e-07,0.00e+00,8.97e-10,yes,ps26119 0.1.0 (git ad28954),"auto: r2hpdhg (rows*nnz = 7.2e+08); presolve removed 4609 rows, 4609 cols"
ad28954,macbook-air-m4,Apple M4,10,none,,,2026-09-28T13:42:04,kennington,ken-11,14694,21349,49058,ps26119,simplex,1,1e-8,120.0,Optimal,23026,8.140654,-6972382262.5199938,-6972382300.0,"published optimum (netlib readme, ALPO, 8 digits)",5.38e-09,PASS,0.00e+00,0.00e+00,3.69e-15,yes,ps26119 0.1.0 (git ad28954),"phase-1 iters 16025, bound flips 122, refactorizations 231, Bland episodes 0, Devex resets 2, tolerance tightenings 0; presolve removed 4609 rows, 4609 cols"
ad28954,macbook-air-m4,Apple M4,10,none,,,2026-09-28T13:42:04,kennington,ken-11,14694,21349,49058,ps26119,r2hpdhg,1,1e-8,120.0,Optimal,7552,0.975338,-6972382262.5577965,-6972382300.0,"published optimum (netlib readme, ALPO, 8 digits)",5.37e-09,PASS,8.30e-07,0.00e+00,8.97e-10,yes,ps26119 0.1.0 (git ad28954),"presolve removed 4609 rows, 4609 cols"
ad28954,macbook-air-m4,Apple M4,10,none,,,2026-09-28T13:42:04,kennington,ken-11,14694,21349,49058,ps26119,r2hpdhg,10,1e-8,120.0,Optimal,7552,1.158741,-6972382262.5577965,-6972382300.0,"published optimum (netlib readme, ALPO, 8 digits)",5.37e-09,PASS,8.30e-07,0.00e+00,8.97e-10,yes,ps26119 0.1.0 (git ad28954),"presolve removed 4609 rows, 4609 cols"
ad28954,macbook-air-m4,Apple M4,10,none,,,2026-09-28T13:42:04,kennington,ken-11,14694,21349,49058,highs,simplex,default,HiGHS defaults (1e-7 feasibility),120.0,Optimal,8576,0.217974,-6972382262.519994,-6972382300.0,"published optimum (netlib readme, ALPO, 8 digits)",5.38e-09,PASS,0.00e+00,0.00e+00,3.49e-15,yes,HiGHS 1.15.1,HiGHS model status kOptimal
ad28954,macbook-air-m4,Apple M4,10,none,,,2026-09-28T13:42:04,kennington,ken-11,14694,21349,49058,highs,ipm,default,HiGHS defaults (1e-7 feasibility),120.0,Optimal,23,0.369848,-6972382262.519994,-6972382300.0,"published optimum (netlib readme, ALPO, 8 digits)",5.38e-09,PASS,0.00e+00,0.00e+00,3.56e-15,yes,HiGHS 1.15.1,HiGHS model status kOptimal
ad28954,macbook-air-m4,Apple M4,10,none,,,2026-09-28T13:42:04,kennington,ken-11,14694,21349,49058,highs,pdlp,default,1e-8 (pdlp_optimality_tolerance),120.0,Optimal,14040,2.438736,-6972382231.45869,-6972382300.0,"published optimum (netlib readme, ALPO, 8 digits)",9.83e-09,FAIL,8.39e-05,0.00e+00,9.41e-09,no,HiGHS 1.15.1,HiGHS model status kOptimal
ad28954,macbook-air-m4,Apple M4,10,none,,,2026-09-28T13:42:04,kennington,ken-11,14694,21349,49058,ortools,glop,default,OR-Tools defaults,120.0,Optimal,,0.548815,-6972382262.519971,-6972382300.0,"published optimum (netlib readme, ALPO, 8 digits)",5.38e-09,PASS,0.00e+00,0.00e+00,4.72e-15,yes,OR-Tools 9.15.6755,OR-Tools status OPTIMAL
ad28954,macbook-air-m4,Apple M4,10,none,,,2026-09-28T13:42:04,kennington,ken-11,14694,21349,49058,ortools,pdlp,default,1e-8 (PDLP relative + absolute),120.0,Optimal,,6.059430,-6972382259.978124,-6972382300.0,"published optimum (netlib readme, ALPO, 8 digits)",5.74e-09,FAIL,8.69e-06,0.00e+00,1.02e-07,no,OR-Tools 9.15.6755,OR-Tools status OPTIMAL
ad28954,macbook-air-m4,Apple M4,10,none,,,2026-09-28T13:42:04,kennington,ken-13,28632,42659,97246,ps26119,auto,1,1e-8,120.0,Optimal,18944,5.540173,-10257394789.089693,-10257395000.0,"published optimum (netlib readme, ALPO, 8 digits)",2.06e-08,PASS,9.50e-07,0.00e+00,2.70e-11,yes,ps26119 0.1.0 (git ad28954),"auto: r2hpdhg (rows*nnz = 2.8e+09); presolve removed 6098 rows, 6098 cols"
ad28954,macbook-air-m4,Apple M4,10,none,,,2026-09-28T13:42:04,kennington,ken-13,28632,42659,97246,ps26119,simplex,1,1e-8,120.0,Optimal,60491,61.908538,-10257394789.48247,-10257395000.0,"published optimum (netlib readme, ALPO, 8 digits)",2.05e-08,PASS,0.00e+00,0.00e+00,1.29e-14,yes,ps26119 0.1.0 (git ad28954),"phase-1 iters 36816, bound flips 156, refactorizations 605, Bland episodes 0, Devex resets 26, tolerance tightenings 0; presolve removed 6098 rows, 6098 cols"
ad28954,macbook-air-m4,Apple M4,10,none,,,2026-09-28T13:42:04,kennington,ken-13,28632,42659,97246,ps26119,r2hpdhg,1,1e-8,120.0,Optimal,18944,5.531580,-10257394789.089693,-10257395000.0,"published optimum (netlib readme, ALPO, 8 digits)",2.06e-08,PASS,9.50e-07,0.00e+00,2.70e-11,yes,ps26119 0.1.0 (git ad28954),"presolve removed 6098 rows, 6098 cols"
ad28954,macbook-air-m4,Apple M4,10,none,,,2026-09-28T13:42:04,kennington,ken-13,28632,42659,97246,ps26119,r2hpdhg,10,1e-8,120.0,Optimal,18944,4.852964,-10257394789.089693,-10257395000.0,"published optimum (netlib readme, ALPO, 8 digits)",2.06e-08,PASS,9.50e-07,0.00e+00,2.70e-11,yes,ps26119 0.1.0 (git ad28954),"presolve removed 6098 rows, 6098 cols"
ad28954,macbook-air-m4,Apple M4,10,none,,,2026-09-28T13:42:04,kennington,ken-13,28632,42659,97246,highs,simplex,default,HiGHS defaults (1e-7 feasibility),120.0,Optimal,17473,0.693397,-10257394789.48247,-10257395000.0,"published optimum (netlib readme, ALPO, 8 digits)",2.05e-08,PASS,0.00e+00,0.00e+00,6.51e-15,yes,HiGHS 1.15.1,HiGHS model status kOptimal
ad28954,macbook-air-m4,Apple M4,10,none,,,2026-09-28T13:42:04,kennington,ken-13,28632,42659,97246,highs,ipm,default,HiGHS defaults (1e-7 feasibility),120.0,Optimal,25,1.341263,-10257394789.48247,-10257395000.0,"published optimum (netlib readme, ALPO, 8 digits)",2.05e-08,PASS,0.00e+00,0.00e+00,7.72e-15,yes,HiGHS 1.15.1,HiGHS model status kOptimal
ad28954,macbook-air-m4,Apple M4,10,none,,,2026-09-28T13:42:04,kennington,ken-13,28632,42659,97246,highs,pdlp,default,1e-8 (pdlp_optimality_tolerance),120.0,Optimal,13160,4.773379,-10257394762.81197,-10257395000.0,"published optimum (netlib readme, ALPO, 8 digits)",2.31e-08,FAIL,2.01e-04,0.00e+00,5.85e-09,no,HiGHS 1.15.1,HiGHS model status kOptimal
ad28954,macbook-air-m4,Apple M4,10,none,,,2026-09-28T13:42:04,kennington,ken-13,28632,42659,97246,ortools,glop,default,OR-Tools defaults,120.0,Optimal,,3.195637,-10257394789.482431,-10257395000.0,"published optimum (netlib readme, ALPO, 8 digits)",2.05e-08,PASS,0.00e+00,0.00e+00,1.61e-14,yes,OR-Tools 9.15.6755,OR-Tools status OPTIMAL
ad28954,macbook-air-m4,Apple M4,10,none,,,2026-09-28T13:42:04,kennington,ken-13,28632,42659,97246,ortools,pdlp,default,1e-8 (PDLP relative + absolute),120.0,Optimal,,68.483190,-10257394802.654297,-10257395000.0,"published optimum (netlib readme, ALPO, 8 digits)",1.92e-08,FAIL,3.98e-05,0.00e+00,1.61e-10,no,OR-Tools 9.15.6755,OR-Tools status OPTIMAL
ad28954,macbook-air-m4,Apple M4,10,none,,,2026-09-28T13:42:04,kennington,ken-18,105127,154699,358171,ps26119,auto,1,1e-8,120.0,Optimal,24576,26.871954,-52217025287.206436,-52217025000.0,"published optimum (netlib readme, ALPO, 8 digits)",5.50e-09,PASS,9.60e-07,0.00e+00,1.49e-09,yes,ps26119 0.1.0 (git ad28954),"auto: r2hpdhg (rows*nnz = 3.8e+10); presolve removed 26265 rows, 26265 cols"
ad28954,macbook-air-m4,Apple M4,10,none,,,2026-09-28T13:42:04,kennington,ken-18,105127,154699,358171,ps26119,simplex,1,1e-8,120.0,TimeLimit,44288,120.206599,nan,-52217025000.0,"published optimum (netlib readme, ALPO, 8 digits)",nan,FAIL,nan,nan,nan,no,ps26119 0.1.0 (git ad28954),"time limit; phase-1 iters 44288, bound flips 2, refactorizations 443, Bland episodes 0, Devex resets 0, tolerance tightenings 0; presolve removed 26265 rows, 26265 cols"
ad28954,macbook-air-m4,Apple M4,10,none,,,2026-09-28T13:42:04,kennington,ken-18,105127,154699,358171,ps26119,r2hpdhg,1,1e-8,120.0,Optimal,24576,27.028106,-52217025287.206436,-52217025000.0,"published optimum (netlib readme, ALPO, 8 digits)",5.50e-09,PASS,9.60e-07,0.00e+00,1.49e-09,yes,ps26119 0.1.0 (git ad28954),"presolve removed 26265 rows, 26265 cols"
ad28954,macbook-air-m4,Apple M4,10,none,,,2026-09-28T13:42:04,kennington,ken-18,105127,154699,358171,ps26119,r2hpdhg,10,1e-8,120.0,Optimal,24576,22.493180,-52217025287.206436,-52217025000.0,"published optimum (netlib readme, ALPO, 8 digits)",5.50e-09,PASS,9.60e-07,0.00e+00,1.49e-09,yes,ps26119 0.1.0 (git ad28954),"presolve removed 26265 rows, 26265 cols"
ad28954,macbook-air-m4,Apple M4,10,none,,,2026-09-28T13:42:04,kennington,ken-18,105127,154699,358171,highs,simplex,default,HiGHS defaults (1e-7 feasibility),120.0,Optimal,67595,3.155744,-52217025287.396805,-52217025000.0,"published optimum (netlib readme, ALPO, 8 digits)",5.50e-09,PASS,0.00e+00,0.00e+00,2.05e-14,yes,HiGHS 1.15.1,HiGHS model status kOptimal
ad28954,macbook-air-m4,Apple M4,10,none,,,2026-09-28T13:42:04,kennington,ken-18,105127,154699,358171,highs,ipm,default,HiGHS defaults (1e-7 feasibility),120.0,Optimal,32,7.177618,-52217025287.396805,-52217025000.0,"published optimum (netlib readme, ALPO, 8 digits)",5.50e-09,PASS,0.00e+00,0.00e+00,2.32e-14,yes,HiGHS 1.15.1,HiGHS model status kOptimal
ad28954,macbook-air-m4,Apple M4,10,none,,,2026-09-28T13:42:04,kennington,ken-18,105127,154699,358171,highs,pdlp,default,1e-8 (pdlp_optimality_tolerance),120.0,Optimal,32280,44.492215,-52217025265.54353,-52217025000.0,"published optimum (netlib readme, ALPO, 8 digits)",5.09e-09,FAIL,1.12e-04,0.00e+00,9.03e-09,no,HiGHS 1.15.1,HiGHS model status kOptimal
ad28954,macbook-air-m4,Apple M4,10,none,,,2026-09-28T13:42:04,kennington,ken-18,105127,154699,358171,ortools,glop,default,OR-Tools defaults,120.0,Optimal,,38.962801,-52217025287.39681,-52217025000.0,"published optimum (netlib readme, ALPO, 8 digits)",5.50e-09,PASS,0.00e+00,0.00e+00,4.62e-14,yes,OR-Tools 9.15.6755,OR-Tools status OPTIMAL
ad28954,macbook-air-m4,Apple M4,10,none,,,2026-09-28T13:42:04,kennington,ken-18,105127,154699,358171,ortools,pdlp,default,1e-8 (PDLP relative + absolute),120.0,NotSolved,,120.135264,nan,-52217025000.0,"published optimum (netlib readme, ALPO, 8 digits)",nan,FAIL,nan,nan,nan,no,OR-Tools 9.15.6755,OR-Tools status NOT_SOLVED
ad28954,macbook-air-m4,Apple M4,10,none,,,2026-09-28T13:42:04,kennington,osa-07,1118,23949,143694,ps26119,auto,1,1e-8,120.0,Optimal,943,0.369846,535722.51729935105,535722.52,"published optimum (netlib readme, ALPO, 8 digits)",5.04e-09,PASS,0.00e+00,1.22e-16,0.00e+00,yes,ps26119 0.1.0 (git ad28954),"auto: simplex (rows*nnz = 1.6e+08); phase-1 iters 594, bound flips 0, refactorizations 11, Bland episodes 0, Devex resets 0, tolerance tightenings 0"
ad28954,macbook-air-m4,Apple M4,10,none,,,2026-09-28T13:42:04,kennington,osa-07,1118,23949,143694,ps26119,simplex,1,1e-8,120.0,Optimal,943,0.370554,535722.51729935105,535722.52,"published optimum (netlib readme, ALPO, 8 digits)",5.04e-09,PASS,0.00e+00,1.22e-16,0.00e+00,yes,ps26119 0.1.0 (git ad28954),"phase-1 iters 594, bound flips 0, refactorizations 11, Bland episodes 0, Devex resets 0, tolerance tightenings 0"
ad28954,macbook-air-m4,Apple M4,10,none,,,2026-09-28T13:42:04,kennington,osa-07,1118,23949,143694,ps26119,r2hpdhg,1,1e-8,120.0,Optimal,10368,3.875678,535722.51720445021,535722.52,"published optimum (netlib readme, ALPO, 8 digits)",5.22e-09,PASS,6.67e-09,1.47e-07,6.09e-10,yes,ps26119 0.1.0 (git ad28954),
ad28954,macbook-air-m4,Apple M4,10,none,,,2026-09-28T13:42:04,kennington,osa-07,1118,23949,143694,ps26119,r2hpdhg,10,1e-8,120.0,Optimal,10368,4.307412,535722.51720445021,535722.52,"published optimum (netlib readme, ALPO, 8 digits)",5.22e-09,PASS,6.67e-09,1.47e-07,6.09e-10,yes,ps26119 0.1.0 (git ad28954),
ad28954,macbook-air-m4,Apple M4,10,none,,,2026-09-28T13:42:04,kennington,osa-07,1118,23949,143694,highs,simplex,default,HiGHS defaults (1e-7 feasibility),120.0,Optimal,660,0.236824,535722.517299351,535722.52,"published optimum (netlib readme, ALPO, 8 digits)",5.04e-09,PASS,0.00e+00,8.15e-17,0.00e+00,yes,HiGHS 1.15.1,HiGHS model status kOptimal
ad28954,macbook-air-m4,Apple M4,10,none,,,2026-09-28T13:42:04,kennington,osa-07,1118,23949,143694,highs,ipm,default,HiGHS defaults (1e-7 feasibility),120.0,Optimal,22,0.307309,535722.517299351,535722.52,"published optimum (netlib readme, ALPO, 8 digits)",5.04e-09,PASS,0.00e+00,8.15e-17,0.00e+00,yes,HiGHS 1.15.1,HiGHS model status kOptimal
ad28954,macbook-air-m4,Apple M4,10,none,,,2026-09-28T13:42:04,kennington,osa-07,1118,23949,143694,highs,pdlp,default,1e-8 (pdlp_optimality_tolerance),120.0,Optimal,1760,0.666696,535722.512143826,535722.52,"published optimum (netlib readme, ALPO, 8 digits)",1.47e-08,PASS,4.67e-08,5.84e-09,4.78e-09,yes,HiGHS 1.15.1,HiGHS model status kOptimal
ad28954,macbook-air-m4,Apple M4,10,none,,,2026-09-28T13:42:04,kennington,osa-07,1118,23949,143694,ortools,glop,default,OR-Tools defaults,120.0,Optimal,,0.075002,535722.517299351,535722.52,"published optimum (netlib readme, ALPO, 8 digits)",5.04e-09,PASS,1.04e-14,3.67e-16,0.00e+00,yes,OR-Tools 9.15.6755,OR-Tools status OPTIMAL
ad28954,macbook-air-m4,Apple M4,10,none,,,2026-09-28T13:42:04,kennington,osa-07,1118,23949,143694,ortools,pdlp,default,1e-8 (PDLP relative + absolute),120.0,Optimal,,1.908496,535722.5160347079,535722.52,"published optimum (netlib readme, ALPO, 8 digits)",7.40e-09,PASS,2.53e-08,2.87e-09,1.19e-09,yes,OR-Tools 9.15.6755,OR-Tools status OPTIMAL
ad28954,macbook-air-m4,Apple M4,10,none,,,2026-09-28T13:42:04,kennington,osa-14,2337,52460,314760,ps26119,auto,1,1e-8,120.0,Optimal,18368,15.446104,1106462.8346346277,1106462.8,"published optimum (netlib readme, ALPO, 8 digits)",3.13e-08,PASS,3.85e-08,3.42e-07,4.51e-09,yes,ps26119 0.1.0 (git ad28954),auto: r2hpdhg (rows*nnz = 7.4e+08)
ad28954,macbook-air-m4,Apple M4,10,none,,,2026-09-28T13:42:04,kennington,osa-14,2337,52460,314760,ps26119,simplex,1,1e-8,120.0,Optimal,2090,1.649143,1106462.8447362536,1106462.8,"published optimum (netlib readme, ALPO, 8 digits)",4.04e-08,PASS,0.00e+00,1.02e-16,1.05e-16,yes,ps26119 0.1.0 (git ad28954),"phase-1 iters 1240, bound flips 0, refactorizations 22, Bland episodes 0, Devex resets 0, tolerance tightenings 0"
ad28954,macbook-air-m4,Apple M4,10,none,,,2026-09-28T13:42:04,kennington,osa-14,2337,52460,314760,ps26119,r2hpdhg,1,1e-8,120.0,Optimal,18368,15.488551,1106462.8346346277,1106462.8,"published optimum (netlib readme, ALPO, 8 digits)",3.13e-08,PASS,3.85e-08,3.42e-07,4.51e-09,yes,ps26119 0.1.0 (git ad28954),
ad28954,macbook-air-m4,Apple M4,10,none,,,2026-09-28T13:42:04,kennington,osa-14,2337,52460,314760,ps26119,r2hpdhg,10,1e-8,120.0,Optimal,18368,14.763602,1106462.8346346277,1106462.8,"published optimum (netlib readme, ALPO, 8 digits)",3.13e-08,PASS,3.85e-08,3.42e-07,4.51e-09,yes,ps26119 0.1.0 (git ad28954),
ad28954,macbook-air-m4,Apple M4,10,none,,,2026-09-28T13:42:04,kennington,osa-14,2337,52460,314760,highs,simplex,default,HiGHS defaults (1e-7 feasibility),120.0,Optimal,1369,0.892024,1106462.8447362536,1106462.8,"published optimum (netlib readme, ALPO, 8 digits)",4.04e-08,PASS,1.13e-16,1.02e-16,1.05e-16,yes,HiGHS 1.15.1,HiGHS model status kOptimal
ad28954,macbook-air-m4,Apple M4,10,none,,,2026-09-28T13:42:04,kennington,osa-14,2337,52460,314760,highs,ipm,default,HiGHS defaults (1e-7 feasibility),120.0,Optimal,26,0.782412,1106462.8447362536,1106462.8,"published optimum (netlib readme, ALPO, 8 digits)",4.04e-08,PASS,2.26e-16,1.02e-16,0.00e+00,yes,HiGHS 1.15.1,HiGHS model status kOptimal
ad28954,macbook-air-m4,Apple M4,10,none,,,2026-09-28T13:42:04,kennington,osa-14,2337,52460,314760,highs,pdlp,default,1e-8 (pdlp_optimality_tolerance),120.0,Optimal,3360,2.677117,1106462.8225923865,1106462.8,"published optimum (netlib readme, ALPO, 8 digits)",2.04e-08,FAIL,1.40e-06,2.18e-07,9.56e-09,no,HiGHS 1.15.1,HiGHS model status kOptimal
ad28954,macbook-air-m4,Apple M4,10,none,,,2026-09-28T13:42:04,kennington,osa-14,2337,52460,314760,ortools,glop,default,OR-Tools defaults,120.0,Optimal,,0.177566,1106462.8447362536,1106462.8,"published optimum (netlib readme, ALPO, 8 digits)",4.04e-08,PASS,2.01e-15,1.63e-16,3.16e-16,yes,OR-Tools 9.15.6755,OR-Tools status OPTIMAL
ad28954,macbook-air-m4,Apple M4,10,none,,,2026-09-28T13:42:04,kennington,osa-14,2337,52460,314760,ortools,pdlp,default,1e-8 (PDLP relative + absolute),120.0,Optimal,,6.862522,1106462.8358837971,1106462.8,"published optimum (netlib readme, ALPO, 8 digits)",3.24e-08,PASS,1.96e-07,8.53e-09,4.06e-09,yes,OR-Tools 9.15.6755,OR-Tools status OPTIMAL
ad28954,macbook-air-m4,Apple M4,10,none,,,2026-09-28T13:42:04,kennington,osa-30,4350,100024,600138,ps26119,auto,1,1e-8,120.0,Optimal,20672,34.440637,2142139.9013394071,2142139.9,"published optimum (netlib readme, ALPO, 8 digits)",6.25e-10,PASS,2.15e-08,3.29e-07,6.59e-09,yes,ps26119 0.1.0 (git ad28954),auto: r2hpdhg (rows*nnz = 2.6e+09)
ad28954,macbook-air-m4,Apple M4,10,none,,,2026-09-28T13:42:04,kennington,osa-30,4350,100024,600138,ps26119,simplex,1,1e-8,120.0,Optimal,3281,5.352025,2142139.8732097656,2142139.9,"published optimum (netlib readme, ALPO, 8 digits)",1.25e-08,PASS,0.00e+00,2.49e-16,3.26e-16,yes,ps26119 0.1.0 (git ad28954),"phase-1 iters 1760, bound flips 0, refactorizations 35, Bland episodes 0, Devex resets 0, tolerance tightenings 1"
ad28954,macbook-air-m4,Apple M4,10,none,,,2026-09-28T13:42:04,kennington,osa-30,4350,100024,600138,ps26119,r2hpdhg,1,1e-8,120.0,Optimal,20672,34.470377,2142139.9013394071,2142139.9,"published optimum (netlib readme, ALPO, 8 digits)",6.25e-10,PASS,2.15e-08,3.29e-07,6.59e-09,yes,ps26119 0.1.0 (git ad28954),
ad28954,macbook-air-m4,Apple M4,10,none,,,2026-09-28T13:42:04,kennington,osa-30,4350,100024,600138,ps26119,r2hpdhg,10,1e-8,120.0,Optimal,20672,27.506686,2142139.9013394071,2142139.9,"published optimum (netlib readme, ALPO, 8 digits)",6.25e-10,PASS,2.15e-08,3.29e-07,6.59e-09,yes,ps26119 0.1.0 (git ad28954),
ad28954,macbook-air-m4,Apple M4,10,none,,,2026-09-28T13:42:04,kennington,osa-30,4350,100024,600138,highs,simplex,default,HiGHS defaults (1e-7 feasibility),120.0,Optimal,3363,4.045286,2142139.873209765,2142139.9,"published optimum (netlib readme, ALPO, 8 digits)",1.25e-08,PASS,2.11e-16,1.15e-16,2.17e-16,yes,HiGHS 1.15.1,HiGHS model status kOptimal
ad28954,macbook-air-m4,Apple M4,10,none,,,2026-09-28T13:42:04,kennington,osa-30,4350,100024,600138,highs,ipm,default,HiGHS defaults (1e-7 feasibility),120.0,Optimal,26,1.613348,2142139.873209765,2142139.9,"published optimum (netlib readme, ALPO, 8 digits)",1.25e-08,PASS,2.11e-16,2.49e-16,2.17e-16,yes,HiGHS 1.15.1,HiGHS model status kOptimal
ad28954,macbook-air-m4,Apple M4,10,none,,,2026-09-28T13:42:04,kennington,osa-30,4350,100024,600138,highs,pdlp,default,1e-8 (pdlp_optimality_tolerance),120.0,Optimal,3200,5.131955,2142139.9078931897,2142139.9,"published optimum (netlib readme, ALPO, 8 digits)",3.68e-09,FAIL,1.77e-07,4.20e-06,8.01e-09,no,HiGHS 1.15.1,HiGHS model status kOptimal
ad28954,macbook-air-m4,Apple M4,10,none,,,2026-09-28T13:42:04,kennington,osa-30,4350,100024,600138,ortools,glop,default,OR-Tools defaults,120.0,Optimal,,0.878922,2142139.873209757,2142139.9,"published optimum (netlib readme, ALPO, 8 digits)",1.25e-08,PASS,3.91e-14,2.68e-16,2.17e-16,yes,OR-Tools 9.15.6755,OR-Tools status OPTIMAL
ad28954,macbook-air-m4,Apple M4,10,none,,,2026-09-28T13:42:04,kennington,osa-30,4350,100024,600138,ortools,pdlp,default,1e-8 (PDLP relative + absolute),120.0,Optimal,,24.343263,2142139.8980127284,2142139.9,"published optimum (netlib readme, ALPO, 8 digits)",9.28e-10,PASS,4.93e-08,7.34e-09,5.66e-09,yes,OR-Tools 9.15.6755,OR-Tools status OPTIMAL
ad28954,macbook-air-m4,Apple M4,10,none,,,2026-09-28T13:42:04,kennington,osa-60,10280,232966,1397793,ps26119,auto,1,1e-8,120.0,Optimal,18176,71.033778,4044072.5625179252,4044072.5,"published optimum (netlib readme, ALPO, 8 digits)",1.55e-08,PASS,1.54e-07,7.87e-08,7.82e-09,yes,ps26119 0.1.0 (git ad28954),auto: r2hpdhg (rows*nnz = 1.4e+10)
ad28954,macbook-air-m4,Apple M4,10,none,,,2026-09-28T13:42:04,kennington,osa-60,10280,232966,1397793,ps26119,simplex,1,1e-8,120.0,Optimal,8462,33.210483,4044072.5031574406,4044072.5,"published optimum (netlib readme, ALPO, 8 digits)",7.81e-10,PASS,0.00e+00,1.67e-16,4.03e-16,yes,ps26119 0.1.0 (git ad28954),"phase-1 iters 5207, bound flips 0, refactorizations 88, Bland episodes 0, Devex resets 5, tolerance tightenings 2"
ad28954,macbook-air-m4,Apple M4,10,none,,,2026-09-28T13:42:04,kennington,osa-60,10280,232966,1397793,ps26119,r2hpdhg,1,1e-8,120.0,Optimal,18176,71.388719,4044072.5625179252,4044072.5,"published optimum (netlib readme, ALPO, 8 digits)",1.55e-08,PASS,1.54e-07,7.87e-08,7.82e-09,yes,ps26119 0.1.0 (git ad28954),
ad28954,macbook-air-m4,Apple M4,10,none,,,2026-09-28T13:42:04,kennington,osa-60,10280,232966,1397793,ps26119,r2hpdhg,10,1e-8,120.0,Optimal,18176,61.798039,4044072.5625179252,4044072.5,"published optimum (netlib readme, ALPO, 8 digits)",1.55e-08,PASS,1.54e-07,7.87e-08,7.82e-09,yes,ps26119 0.1.0 (git ad28954),
ad28954,macbook-air-m4,Apple M4,10,none,,,2026-09-28T13:42:04,kennington,osa-60,10280,232966,1397793,highs,simplex,default,HiGHS defaults (1e-7 feasibility),120.0,Optimal,6352,17.930367,4044072.5031574406,4044072.5,"published optimum (netlib readme, ALPO, 8 digits)",7.81e-10,PASS,0.00e+00,1.67e-16,4.61e-16,yes,HiGHS 1.15.1,HiGHS model status kOptimal
ad28954,macbook-air-m4,Apple M4,10,none,,,2026-09-28T13:42:04,kennington,osa-60,10280,232966,1397793,highs,ipm,default,HiGHS defaults (1e-7 feasibility),120.0,Optimal,30,5.074444,4044072.50315744,4044072.5,"published optimum (netlib readme, ALPO, 8 digits)",7.81e-10,PASS,0.00e+00,2.34e-16,4.03e-16,yes,HiGHS 1.15.1,HiGHS model status kOptimal
ad28954,macbook-air-m4,Apple M4,10,none,,,2026-09-28T13:42:04,kennington,osa-60,10280,232966,1397793,highs,pdlp,default,1e-8 (pdlp_optimality_tolerance),120.0,Optimal,4880,17.501778,4044072.6132189278,4044072.5,"published optimum (netlib readme, ALPO, 8 digits)",2.80e-08,FAIL,1.02e-07,5.74e-06,2.67e-09,no,HiGHS 1.15.1,HiGHS model status kOptimal
ad28954,macbook-air-m4,Apple M4,10,none,,,2026-09-28T13:42:04,kennington,osa-60,10280,232966,1397793,ortools,glop,default,OR-Tools defaults,120.0,Optimal,,3.231952,4044072.503163047,4044072.5,"published optimum (netlib readme, ALPO, 8 digits)",7.82e-10,PASS,3.94e-14,4.11e-10,2.48e-15,yes,OR-Tools 9.15.6755,OR-Tools status OPTIMAL
ad28954,macbook-air-m4,Apple M4,10,none,,,2026-09-28T13:42:04,kennington,osa-60,10280,232966,1397793,ortools,pdlp,default,1e-8 (PDLP relative + absolute),120.0,Optimal,,52.899688,4044072.488124486,4044072.5,"published optimum (netlib readme, ALPO, 8 digits)",2.94e-09,FAIL,8.98e-06,1.48e-06,3.58e-09,no,OR-Tools 9.15.6755,OR-Tools status OPTIMAL
ad28954,macbook-air-m4,Apple M4,10,none,,,2026-09-28T13:42:04,kennington,pds-02,2953,7535,16390,ps26119,auto,1,1e-8,120.0,Optimal,1653,0.088090,28857862010,28857862000.0,"published optimum (netlib readme, ALPO, 8 digits)",3.47e-10,PASS,0.00e+00,0.00e+00,0.00e+00,yes,ps26119 0.1.0 (git ad28954),"auto: simplex (rows*nnz = 4.8e+07); phase-1 iters 11, bound flips 7, refactorizations 18, Bland episodes 0, Devex resets 0, tolerance tightenings 0; presolve removed 299 rows, 297 cols"
ad28954,macbook-air-m4,Apple M4,10,none,,,2026-09-28T13:42:04,kennington,pds-02,2953,7535,16390,ps26119,simplex,1,1e-8,120.0,Optimal,1653,0.086170,28857862010,28857862000.0,"published optimum (netlib readme, ALPO, 8 digits)",3.47e-10,PASS,0.00e+00,0.00e+00,0.00e+00,yes,ps26119 0.1.0 (git ad28954),"phase-1 iters 11, bound flips 7, refactorizations 18, Bland episodes 0, Devex resets 0, tolerance tightenings 0; presolve removed 299 rows, 297 cols"
ad28954,macbook-air-m4,Apple M4,10,none,,,2026-09-28T13:42:04,kennington,pds-02,2953,7535,16390,ps26119,r2hpdhg,1,1e-8,120.0,Optimal,3328,0.087710,28857862010.04583,28857862000.0,"published optimum (netlib readme, ALPO, 8 digits)",3.48e-10,PASS,4.23e-07,3.65e-13,8.15e-13,yes,ps26119 0.1.0 (git ad28954),"presolve removed 299 rows, 297 cols"
ad28954,macbook-air-m4,Apple M4,10,none,,,2026-09-28T13:42:04,kennington,pds-02,2953,7535,16390,ps26119,r2hpdhg,10,1e-8,120.0,Optimal,3328,0.087756,28857862010.04583,28857862000.0,"published optimum (netlib readme, ALPO, 8 digits)",3.48e-10,PASS,4.23e-07,3.65e-13,8.15e-13,yes,ps26119 0.1.0 (git ad28954),"presolve removed 299 rows, 297 cols"
ad28954,macbook-air-m4,Apple M4,10,none,,,2026-09-28T13:42:04,kennington,pds-02,2953,7535,16390,highs,simplex,default,HiGHS defaults (1e-7 feasibility),120.0,Optimal,419,0.038803,28857862010.0,28857862000.0,"published optimum (netlib readme, ALPO, 8 digits)",3.47e-10,PASS,0.00e+00,0.00e+00,0.00e+00,yes,HiGHS 1.15.1,HiGHS model status kOptimal
ad28954,macbook-air-m4,Apple M4,10,none,,,2026-09-28T13:42:04,kennington,pds-02,2953,7535,16390,highs,ipm,default,HiGHS defaults (1e-7 feasibility),120.0,Optimal,20,0.043318,28857862010.0,28857862000.0,"published optimum (netlib readme, ALPO, 8 digits)",3.47e-10,PASS,0.00e+00,0.00e+00,0.00e+00,yes,HiGHS 1.15.1,HiGHS model status kOptimal
ad28954,macbook-air-m4,Apple M4,10,none,,,2026-09-28T13:42:04,kennington,pds-02,2953,7535,16390,highs,pdlp,default,1e-8 (pdlp_optimality_tolerance),120.0,NotSolved,1760,0.048869,28857862011.577496,28857862000.0,"published optimum (netlib readme, ALPO, 8 digits)",4.01e-10,FAIL,nan,nan,nan,no,HiGHS 1.15.1,HiGHS model status kUnknown
ad28954,macbook-air-m4,Apple M4,10,none,,,2026-09-28T13:42:04,kennington,pds-02,2953,7535,16390,ortools,glop,default,OR-Tools defaults,120.0,Optimal,,0.019131,28857862010.0,28857862000.0,"published optimum (netlib readme, ALPO, 8 digits)",3.47e-10,PASS,3.69e-13,1.46e-16,0.00e+00,yes,OR-Tools 9.15.6755,OR-Tools status OPTIMAL
ad28954,macbook-air-m4,Apple M4,10,none,,,2026-09-28T13:42:04,kennington,pds-02,2953,7535,16390,ortools,pdlp,default,1e-8 (PDLP relative + absolute),120.0,Optimal,,0.218020,28857861827.396015,28857862000.0,"published optimum (netlib readme, ALPO, 8 digits)",5.98e-09,FAIL,2.36e-04,9.30e-10,3.11e-09,no,OR-Tools 9.15.6755,OR-Tools status OPTIMAL
ad28954,macbook-air-m4,Apple M4,10,none,,,2026-09-28T13:42:04,kennington,pds-06,9881,28655,62524,ps26119,auto,1,1e-8,120.0,Optimal,5248,0.565560,27761037600.156193,27761038000.0,"published optimum (netlib readme, ALPO, 8 digits)",1.44e-08,PASS,5.71e-07,5.67e-13,3.62e-12,yes,ps26119 0.1.0 (git ad28954),"auto: r2hpdhg (rows*nnz = 6.2e+08); presolve removed 515 rows, 495 cols"
ad28954,macbook-air-m4,Apple M4,10,none,,,2026-09-28T13:42:04,kennington,pds-06,9881,28655,62524,ps26119,simplex,1,1e-8,120.0,Optimal,7296,1.477955,27761037600,27761038000.0,"published optimum (netlib readme, ALPO, 8 digits)",1.44e-08,PASS,1.46e-11,0.00e+00,0.00e+00,yes,ps26119 0.1.0 (git ad28954),"phase-1 iters 11, bound flips 18, refactorizations 75, Bland episodes 0, Devex resets 1, tolerance tightenings 0; presolve removed 515 rows, 495 cols"
ad28954,macbook-air-m4,Apple M4,10,none,,,2026-09-28T13:42:04,kennington,pds-06,9881,28655,62524,ps26119,r2hpdhg,1,1e-8,120.0,Optimal,5248,0.570955,27761037600.156193,27761038000.0,"published optimum (netlib readme, ALPO, 8 digits)",1.44e-08,PASS,5.71e-07,5.67e-13,3.62e-12,yes,ps26119 0.1.0 (git ad28954),"presolve removed 515 rows, 495 cols"
ad28954,macbook-air-m4,Apple M4,10,none,,,2026-09-28T13:42:04,kennington,pds-06,9881,28655,62524,ps26119,r2hpdhg,10,1e-8,120.0,Optimal,5248,0.669679,27761037600.156193,27761038000.0,"published optimum (netlib readme, ALPO, 8 digits)",1.44e-08,PASS,5.71e-07,5.67e-13,3.62e-12,yes,ps26119 0.1.0 (git ad28954),"presolve removed 515 rows, 495 cols"
ad28954,macbook-air-m4,Apple M4,10,none,,,2026-09-28T13:42:04,kennington,pds-06,9881,28655,62524,highs,simplex,default,HiGHS defaults (1e-7 feasibility),120.0,Optimal,2541,0.149941,27761037600.0,27761038000.0,"published optimum (netlib readme, ALPO, 8 digits)",1.44e-08,PASS,0.00e+00,0.00e+00,0.00e+00,yes,HiGHS 1.15.1,HiGHS model status kOptimal
ad28954,macbook-air-m4,Apple M4,10,none,,,2026-09-28T13:42:04,kennington,pds-06,9881,28655,62524,highs,ipm,default,HiGHS defaults (1e-7 feasibility),120.0,Optimal,31,0.225310,27761037600.0,27761038000.0,"published optimum (netlib readme, ALPO, 8 digits)",1.44e-08,PASS,1.46e-11,0.00e+00,0.00e+00,yes,HiGHS 1.15.1,HiGHS model status kOptimal
ad28954,macbook-air-m4,Apple M4,10,none,,,2026-09-28T13:42:04,kennington,pds-06,9881,28655,62524,highs,pdlp,default,1e-8 (pdlp_optimality_tolerance),120.0,NotSolved,4920,0.468487,27761037701.532703,27761038000.0,"published optimum (netlib readme, ALPO, 8 digits)",1.08e-08,FAIL,nan,nan,nan,no,HiGHS 1.15.1,HiGHS model status kUnknown
ad28954,macbook-air-m4,Apple M4,10,none,,,2026-09-28T13:42:04,kennington,pds-06,9881,28655,62524,ortools,glop,default,OR-Tools defaults,120.0,Optimal,,0.108037,27761037600.0,27761038000.0,"published optimum (netlib readme, ALPO, 8 digits)",1.44e-08,PASS,0.00e+00,0.00e+00,0.00e+00,yes,OR-Tools 9.15.6755,OR-Tools status OPTIMAL
ad28954,macbook-air-m4,Apple M4,10,none,,,2026-09-28T13:42:04,kennington,pds-06,9881,28655,62524,ortools,pdlp,default,1e-8 (PDLP relative + absolute),120.0,Optimal,,1.966343,27761037606.24896,27761038000.0,"published optimum (netlib readme, ALPO, 8 digits)",1.42e-08,FAIL,3.75e-05,1.28e-10,8.38e-11,no,OR-Tools 9.15.6755,OR-Tools status OPTIMAL
ad28954,macbook-air-m4,Apple M4,10,none,,,2026-09-28T13:42:04,kennington,pds-10,16558,48763,106436,ps26119,auto,1,1e-8,120.0,Optimal,6656,1.276055,26727094978.457775,26727095000.0,"published optimum (netlib readme, ALPO, 8 digits)",8.06e-10,PASS,4.19e-07,7.57e-11,2.87e-11,yes,ps26119 0.1.0 (git ad28954),"auto: r2hpdhg (rows*nnz = 1.8e+09); presolve removed 580 rows, 550 cols; reduced model re-solved to 1e-10 to pass on the original"
ad28954,macbook-air-m4,Apple M4,10,none,,,2026-09-28T13:42:04,kennington,pds-10,16558,48763,106436,ps26119,simplex,1,1e-8,120.0,Optimal,17434,6.738910,26727094976,26727095000.0,"published optimum (netlib readme, ALPO, 8 digits)",8.98e-10,PASS,0.00e+00,3.64e-17,0.00e+00,yes,ps26119 0.1.0 (git ad28954),"phase-1 iters 11, bound flips 36, refactorizations 176, Bland episodes 0, Devex resets 5, tolerance tightenings 0; presolve removed 580 rows, 550 cols"
ad28954,macbook-air-m4,Apple M4,10,none,,,2026-09-28T13:42:04,kennington,pds-10,16558,48763,106436,ps26119,r2hpdhg,1,1e-8,120.0,Optimal,6656,1.274105,26727094978.457775,26727095000.0,"published optimum (netlib readme, ALPO, 8 digits)",8.06e-10,PASS,4.19e-07,7.57e-11,2.87e-11,yes,ps26119 0.1.0 (git ad28954),"presolve removed 580 rows, 550 cols; reduced model re-solved to 1e-10 to pass on the original"
ad28954,macbook-air-m4,Apple M4,10,none,,,2026-09-28T13:42:04,kennington,pds-10,16558,48763,106436,ps26119,r2hpdhg,10,1e-8,120.0,Optimal,6656,1.082655,26727094978.457775,26727095000.0,"published optimum (netlib readme, ALPO, 8 digits)",8.06e-10,PASS,4.19e-07,7.57e-11,2.87e-11,yes,ps26119 0.1.0 (git ad28954),"presolve removed 580 rows, 550 cols; reduced model re-solved to 1e-10 to pass on the original"
ad28954,macbook-air-m4,Apple M4,10,none,,,2026-09-28T13:42:04,kennington,pds-10,16558,48763,106436,highs,simplex,default,HiGHS defaults (1e-7 feasibility),120.0,Optimal,4574,0.267503,26727094976.0,26727095000.0,"published optimum (netlib readme, ALPO, 8 digits)",8.98e-10,PASS,0.00e+00,0.00e+00,0.00e+00,yes,HiGHS 1.15.1,HiGHS model status kOptimal
ad28954,macbook-air-m4,Apple M4,10,none,,,2026-09-28T13:42:04,kennington,pds-10,16558,48763,106436,highs,ipm,default,HiGHS defaults (1e-7 feasibility),120.0,Optimal,42,0.525637,26727094976.0,26727095000.0,"published optimum (netlib readme, ALPO, 8 digits)",8.98e-10,PASS,0.00e+00,0.00e+00,0.00e+00,yes,HiGHS 1.15.1,HiGHS model status kOptimal
ad28954,macbook-air-m4,Apple M4,10,none,,,2026-09-28T13:42:04,kennington,pds-10,16558,48763,106436,highs,pdlp,default,1e-8 (pdlp_optimality_tolerance),120.0,NotSolved,3440,0.761458,26727095503.634895,26727095000.0,"published optimum (netlib readme, ALPO, 8 digits)",1.88e-08,FAIL,nan,nan,nan,no,HiGHS 1.15.1,HiGHS model status kUnknown
ad28954,macbook-air-m4,Apple M4,10,none,,,2026-09-28T13:42:04,kennington,pds-10,16558,48763,106436,ortools,glop,default,OR-Tools defaults,120.0,Optimal,,0.254776,26727094976.0,26727095000.0,"published optimum (netlib readme, ALPO, 8 digits)",8.98e-10,PASS,0.00e+00,0.00e+00,0.00e+00,yes,OR-Tools 9.15.6755,OR-Tools status OPTIMAL
ad28954,macbook-air-m4,Apple M4,10,none,,,2026-09-28T13:42:04,kennington,pds-10,16558,48763,106436,ortools,pdlp,default,1e-8 (PDLP relative + absolute),120.0,Optimal,,3.063436,26727094902.27747,26727095000.0,"published optimum (netlib readme, ALPO, 8 digits)",3.66e-09,FAIL,4.90e-05,3.25e-09,2.18e-09,no,OR-Tools 9.15.6755,OR-Tools status OPTIMAL
ad28954,macbook-air-m4,Apple M4,10,none,,,2026-09-28T13:42:04,kennington,pds-20,33874,105728,230200,ps26119,auto,1,1e-8,120.0,Optimal,26368,10.372027,23821658635.539394,23821659000.0,"published optimum (netlib readme, ALPO, 8 digits)",1.53e-08,PASS,8.41e-07,4.70e-09,3.33e-10,yes,ps26119 0.1.0 (git ad28954),"auto: r2hpdhg (rows*nnz = 7.8e+09); presolve removed 927 rows, 779 cols"
ad28954,macbook-air-m4,Apple M4,10,none,,,2026-09-28T13:42:04,kennington,pds-20,33874,105728,230200,ps26119,simplex,1,1e-8,120.0,Optimal,72702,81.613814,23821658640,23821659000.0,"published optimum (netlib readme, ALPO, 8 digits)",1.51e-08,PASS,2.31e-14,5.82e-16,0.00e+00,yes,ps26119 0.1.0 (git ad28954),"phase-1 iters 6225, bound flips 63, refactorizations 791, Bland episodes 0, Devex resets 30, tolerance tightenings 0; presolve removed 927 rows, 779 cols"
ad28954,macbook-air-m4,Apple M4,10,none,,,2026-09-28T13:42:04,kennington,pds-20,33874,105728,230200,ps26119,r2hpdhg,1,1e-8,120.0,Optimal,26368,10.317336,23821658635.539394,23821659000.0,"published optimum (netlib readme, ALPO, 8 digits)",1.53e-08,PASS,8.41e-07,4.70e-09,3.33e-10,yes,ps26119 0.1.0 (git ad28954),"presolve removed 927 rows, 779 cols"
ad28954,macbook-air-m4,Apple M4,10,none,,,2026-09-28T13:42:04,kennington,pds-20,33874,105728,230200,ps26119,r2hpdhg,10,1e-8,120.0,Optimal,26368,6.417499,23821658635.539394,23821659000.0,"published optimum (netlib readme, ALPO, 8 digits)",1.53e-08,PASS,8.41e-07,4.70e-09,3.33e-10,yes,ps26119 0.1.0 (git ad28954),"presolve removed 927 rows, 779 cols"
ad28954,macbook-air-m4,Apple M4,10,none,,,2026-09-28T13:42:04,kennington,pds-20,33874,105728,230200,highs,simplex,default,HiGHS defaults (1e-7 feasibility),120.0,Optimal,12732,0.817317,23821658640.0,23821659000.0,"published optimum (netlib readme, ALPO, 8 digits)",1.51e-08,PASS,0.00e+00,0.00e+00,0.00e+00,yes,HiGHS 1.15.1,HiGHS model status kOptimal
ad28954,macbook-air-m4,Apple M4,10,none,,,2026-09-28T13:42:04,kennington,pds-20,33874,105728,230200,highs,ipm,default,HiGHS defaults (1e-7 feasibility),120.0,Optimal,51,2.109052,23821658640.0,23821659000.0,"published optimum (netlib readme, ALPO, 8 digits)",1.51e-08,PASS,1.14e-13,5.68e-19,0.00e+00,yes,HiGHS 1.15.1,HiGHS model status kOptimal
ad28954,macbook-air-m4,Apple M4,10,none,,,2026-09-28T13:42:04,kennington,pds-20,33874,105728,230200,highs,pdlp,default,1e-8 (pdlp_optimality_tolerance),120.0,NotSolved,20320,10.341053,23821658390.149956,23821659000.0,"published optimum (netlib readme, ALPO, 8 digits)",2.56e-08,FAIL,nan,nan,nan,no,HiGHS 1.15.1,HiGHS model status kUnknown
ad28954,macbook-air-m4,Apple M4,10,none,,,2026-09-28T13:42:04,kennington,pds-20,33874,105728,230200,ortools,glop,default,OR-Tools defaults,120.0,Optimal,,1.428830,23821658640.0,23821659000.0,"published optimum (netlib readme, ALPO, 8 digits)",1.51e-08,PASS,0.00e+00,0.00e+00,0.00e+00,yes,OR-Tools 9.15.6755,OR-Tools status OPTIMAL
ad28954,macbook-air-m4,Apple M4,10,none,,,2026-09-28T13:42:04,kennington,pds-20,33874,105728,230200,ortools,pdlp,default,1e-8 (PDLP relative + absolute),120.0,Optimal,,20.277932,23821658304.569405,23821659000.0,"published optimum (netlib readme, ALPO, 8 digits)",2.92e-08,FAIL,5.52e-05,1.34e-08,6.89e-09,no,OR-Tools 9.15.6755,OR-Tools status OPTIMAL
ad28954,macbook-air-m4,Apple M4,10,none,,,2026-09-28T13:42:04,scale,refinery-T12-s1,588,708,2065,ps26119,auto,1,1e-8,300.0,Optimal,888,0.018093,12118.440547364009,12118.440547364009,known optimum (by construction),0.00e+00,PASS,2.27e-13,7.61e-16,1.65e-15,yes,ps26119 0.1.0 (git ad28954),"auto: simplex (rows*nnz = 1.2e+06); phase-1 iters 488, bound flips 19, refactorizations 34, Bland episodes 0, Devex resets 3, tolerance tightenings 0; presolve removed 84 rows, 0 cols"
ad28954,macbook-air-m4,Apple M4,10,none,,,2026-09-28T13:42:04,scale,refinery-T12-s1,588,708,2065,ps26119,simplex,1,1e-8,300.0,Optimal,888,0.018408,12118.440547364009,12118.440547364009,known optimum (by construction),0.00e+00,PASS,2.27e-13,7.61e-16,1.65e-15,yes,ps26119 0.1.0 (git ad28954),"phase-1 iters 488, bound flips 19, refactorizations 34, Bland episodes 0, Devex resets 3, tolerance tightenings 0; presolve removed 84 rows, 0 cols"
ad28954,macbook-air-m4,Apple M4,10,none,,,2026-09-28T13:42:04,scale,refinery-T12-s1,588,708,2065,ps26119,r2hpdhg,1,1e-8,300.0,Optimal,1088,0.004729,12118.440546976297,12118.440547364009,known optimum (by construction),3.20e-11,PASS,1.05e-07,2.57e-10,4.97e-09,yes,ps26119 0.1.0 (git ad28954),"presolve removed 84 rows, 0 cols"
ad28954,macbook-air-m4,Apple M4,10,none,,,2026-09-28T13:42:04,scale,refinery-T12-s1,588,708,2065,ps26119,r2hpdhg,10,1e-8,300.0,Optimal,1088,0.004387,12118.440546976297,12118.440547364009,known optimum (by construction),3.20e-11,PASS,1.05e-07,2.57e-10,4.97e-09,yes,ps26119 0.1.0 (git ad28954),"presolve removed 84 rows, 0 cols"
ad28954,macbook-air-m4,Apple M4,10,none,,,2026-09-28T13:42:04,scale,refinery-T12-s1,588,708,2065,highs,simplex,default,HiGHS defaults (1e-7 feasibility),300.0,Optimal,540,0.006533,12118.440547364,12118.440547364009,known optimum (by construction),7.50e-16,PASS,4.55e-13,1.71e-16,7.50e-17,yes,HiGHS 1.15.1,HiGHS model status kOptimal
ad28954,macbook-air-m4,Apple M4,10,none,,,2026-09-28T13:42:04,scale,refinery-T12-s1,588,708,2065,highs,ipm,default,HiGHS defaults (1e-7 feasibility),300.0,Optimal,16,0.007176,12118.440547363994,12118.440547364009,known optimum (by construction),1.20e-15,PASS,7.39e-13,5.54e-16,2.25e-15,yes,HiGHS 1.15.1,HiGHS model status kOptimal
ad28954,macbook-air-m4,Apple M4,10,none,,,2026-09-28T13:42:04,scale,refinery-T12-s1,588,708,2065,highs,pdlp,default,1e-8 (pdlp_optimality_tolerance),300.0,NotSolved,2640,0.010378,12118.440999143904,12118.440547364009,known optimum (by construction),3.73e-08,FAIL,nan,nan,nan,no,HiGHS 1.15.1,HiGHS model status kUnknown
ad28954,macbook-air-m4,Apple M4,10,none,,,2026-09-28T13:42:04,scale,refinery-T12-s1,588,708,2065,ortools,glop,default,OR-Tools defaults,300.0,Optimal,,0.002751,12118.440547364069,12118.440547364009,known optimum (by construction),4.95e-15,PASS,4.83e-13,4.39e-15,5.21e-14,yes,OR-Tools 9.15.6755,OR-Tools status OPTIMAL
ad28954,macbook-air-m4,Apple M4,10,none,,,2026-09-28T13:42:04,scale,refinery-T12-s1,588,708,2065,ortools,pdlp,default,1e-8 (PDLP relative + absolute),300.0,Optimal,,0.013781,12118.440597152901,12118.440547364009,known optimum (by construction),4.11e-09,FAIL,2.63e-06,5.22e-09,1.21e-07,no,OR-Tools 9.15.6755,OR-Tools status OPTIMAL
ad28954,macbook-air-m4,Apple M4,10,none,,,2026-09-28T13:42:04,scale,refinery-T365-s1,17885,21535,63134,ps26119,auto,1,1e-8,300.0,Optimal,1984,0.246675,843641.45070033334,843641.450693402,known optimum (by construction),8.22e-12,PASS,4.40e-07,3.52e-09,5.31e-10,yes,ps26119 0.1.0 (git ad28954),"auto: r2hpdhg (rows*nnz = 1.1e+09); presolve removed 2555 rows, 0 cols"
ad28954,macbook-air-m4,Apple M4,10,none,,,2026-09-28T13:42:04,scale,refinery-T365-s1,17885,21535,63134,ps26119,simplex,1,1e-8,300.0,Optimal,33348,11.618544,843641.45069340372,843641.450693402,known optimum (by construction),2.07e-15,PASS,4.12e-13,2.06e-15,1.86e-15,yes,ps26119 0.1.0 (git ad28954),"phase-1 iters 16327, bound flips 225, refactorizations 394, Bland episodes 0, Devex resets 59, tolerance tightenings 0; presolve removed 2555 rows, 0 cols"
ad28954,macbook-air-m4,Apple M4,10,none,,,2026-09-28T13:42:04,scale,refinery-T365-s1,17885,21535,63134,ps26119,r2hpdhg,1,1e-8,300.0,Optimal,1984,0.246130,843641.45070033334,843641.450693402,known optimum (by construction),8.22e-12,PASS,4.40e-07,3.52e-09,5.31e-10,yes,ps26119 0.1.0 (git ad28954),"presolve removed 2555 rows, 0 cols"
ad28954,macbook-air-m4,Apple M4,10,none,,,2026-09-28T13:42:04,scale,refinery-T365-s1,17885,21535,63134,ps26119,r2hpdhg,10,1e-8,300.0,Optimal,1984,0.288590,843641.45070033334,843641.450693402,known optimum (by construction),8.22e-12,PASS,4.40e-07,3.52e-09,5.31e-10,yes,ps26119 0.1.0 (git ad28954),"presolve removed 2555 rows, 0 cols"
ad28954,macbook-air-m4,Apple M4,10,none,,,2026-09-28T13:42:04,scale,refinery-T365-s1,17885,21535,63134,highs,simplex,default,HiGHS defaults (1e-7 feasibility),300.0,Optimal,31115,3.524999,843641.4506934031,843641.450693402,known optimum (by construction),1.38e-15,PASS,3.29e-12,6.39e-15,6.21e-16,yes,HiGHS 1.15.1,HiGHS model status kOptimal
ad28954,macbook-air-m4,Apple M4,10,none,,,2026-09-28T13:42:04,scale,refinery-T365-s1,17885,21535,63134,highs,ipm,default,HiGHS defaults (1e-7 feasibility),300.0,Optimal,19,1.184816,843641.4506933996,843641.450693402,known optimum (by construction),2.76e-15,PASS,7.77e-12,4.36e-15,4.35e-15,yes,HiGHS 1.15.1,HiGHS model status kOptimal
ad28954,macbook-air-m4,Apple M4,10,none,,,2026-09-28T13:42:04,scale,refinery-T365-s1,17885,21535,63134,highs,pdlp,default,1e-8 (pdlp_optimality_tolerance),300.0,NotSolved,3440,0.471987,843641.4511247389,843641.450693402,known optimum (by construction),5.11e-10,FAIL,nan,nan,nan,no,HiGHS 1.15.1,HiGHS model status kUnknown
ad28954,macbook-air-m4,Apple M4,10,none,,,2026-09-28T13:42:04,scale,refinery-T365-s1,17885,21535,63134,ortools,glop,default,OR-Tools defaults,300.0,Optimal,,0.190310,843641.4506934036,843641.450693402,known optimum (by construction),1.93e-15,PASS,1.96e-12,1.10e-14,2.66e-14,yes,OR-Tools 9.15.6755,OR-Tools status OPTIMAL
ad28954,macbook-air-m4,Apple M4,10,none,,,2026-09-28T13:42:04,scale,refinery-T365-s1,17885,21535,63134,ortools,pdlp,default,1e-8 (PDLP relative + absolute),300.0,Optimal,,0.917900,843641.4487600402,843641.450693402,known optimum (by construction),2.29e-09,FAIL,8.68e-05,6.77e-09,4.40e-09,no,OR-Tools 9.15.6755,OR-Tools status OPTIMAL
ad28954,macbook-air-m4,Apple M4,10,none,,,2026-09-28T13:42:04,scale,refinery-T2190-s1,107310,129210,378859,ps26119,auto,1,1e-8,300.0,Optimal,2560,1.760868,5344729.5742521528,5344729.574253703,known optimum (by construction),2.90e-13,PASS,1.88e-07,6.41e-09,2.89e-10,yes,ps26119 0.1.0 (git ad28954),"auto: r2hpdhg (rows*nnz = 4.1e+10); presolve removed 15330 rows, 0 cols"
ad28954,macbook-air-m4,Apple M4,10,none,,,2026-09-28T13:42:04,scale,refinery-T2190-s1,107310,129210,378859,ps26119,simplex,1,1e-8,300.0,TimeLimit,145728,300.106074,nan,5344729.574253703,known optimum (by construction),nan,FAIL,nan,nan,nan,no,ps26119 0.1.0 (git ad28954),"time limit; phase-1 iters 101762, bound flips 641, refactorizations 1452, Bland episodes 0, Devex resets 86, tolerance tightenings 0; presolve removed 15330 rows, 0 cols"
ad28954,macbook-air-m4,Apple M4,10,none,,,2026-09-28T13:42:04,scale,refinery-T2190-s1,107310,129210,378859,ps26119,r2hpdhg,1,1e-8,300.0,Optimal,2560,1.689243,5344729.5742521528,5344729.574253703,known optimum (by construction),2.90e-13,PASS,1.88e-07,6.41e-09,2.89e-10,yes,ps26119 0.1.0 (git ad28954),"presolve removed 15330 rows, 0 cols"
ad28954,macbook-air-m4,Apple M4,10,none,,,2026-09-28T13:42:04,scale,refinery-T2190-s1,107310,129210,378859,ps26119,r2hpdhg,10,1e-8,300.0,Optimal,2560,1.029131,5344729.5742521528,5344729.574253703,known optimum (by construction),2.90e-13,PASS,1.88e-07,6.41e-09,2.89e-10,yes,ps26119 0.1.0 (git ad28954),"presolve removed 15330 rows, 0 cols"
ad28954,macbook-air-m4,Apple M4,10,none,,,2026-09-28T13:42:04,scale,refinery-T2190-s1,107310,129210,378859,highs,simplex,default,HiGHS defaults (1e-7 feasibility),300.0,Optimal,212167,35.050145,5344729.574253633,5344729.574253703,known optimum (by construction),1.31e-14,PASS,9.19e-12,3.14e-15,1.13e-15,yes,HiGHS 1.15.1,HiGHS model status kOptimal
ad28954,macbook-air-m4,Apple M4,10,none,,,2026-09-28T13:42:04,scale,refinery-T2190-s1,107310,129210,378859,highs,ipm,default,HiGHS defaults (1e-7 feasibility),300.0,Optimal,24,28.482633,5344729.574253663,5344729.574253703,known optimum (by construction),7.32e-15,PASS,3.55e-11,8.18e-12,3.20e-13,yes,HiGHS 1.15.1,HiGHS model status kOptimal
ad28954,macbook-air-m4,Apple M4,10,none,,,2026-09-28T13:42:04,scale,refinery-T2190-s1,107310,129210,378859,highs,pdlp,default,1e-8 (pdlp_optimality_tolerance),300.0,NotSolved,4960,3.901494,5344729.583378107,5344729.574253703,known optimum (by construction),1.71e-09,FAIL,nan,nan,nan,no,HiGHS 1.15.1,HiGHS model status kUnknown
ad28954,macbook-air-m4,Apple M4,10,none,,,2026-09-28T13:42:04,scale,refinery-T2190-s1,107310,129210,378859,ortools,glop,default,OR-Tools defaults,300.0,Optimal,,3.247262,5344729.574253712,5344729.574253703,known optimum (by construction),1.74e-15,PASS,1.15e-11,6.79e-14,3.12e-14,yes,OR-Tools 9.15.6755,OR-Tools status OPTIMAL
ad28954,macbook-air-m4,Apple M4,10,none,,,2026-09-28T13:42:04,scale,refinery-T2190-s1,107310,129210,378859,ortools,pdlp,default,1e-8 (PDLP relative + absolute),300.0,Optimal,,8.089936,5344729.5769228535,5344729.574253703,known optimum (by construction),4.99e-10,FAIL,4.81e-05,7.17e-08,1.62e-08,no,OR-Tools 9.15.6755,OR-Tools status OPTIMAL
