git_hash,machine,cpu,cpu_cores,gpu,driver,cuda,date,set,instance,rows,cols,nnz,solver,engine,threads,tolerance,time_limit,status,iterations,seconds,objective,reference,reference_kind,rel_err_ref,verify,verify_primal_rel,verify_dual_rel,verify_gap_rel,solved,solver_version,message
90fc378,Darwin-arm64,Apple M4,10,none,,,2026-09-28T07:52:33,netlib,25fv47,821,1571,10400,ps26119,auto,1,1e-8,60.0,Optimal,3483,0.476447,5501.8458882867417,5501.845888286749,HiGHS optimum (optima.csv),1.32e-15,PASS,1.02e-12,1.02e-15,7.44e-16,yes,ps26119 0.1.0 (git 90fc378),"auto: simplex (rows*nnz = 8.5e+06); phase-1 iters 1598, bound flips 0, refactorizations 170, Bland episodes 0, Devex resets 48, tolerance tightenings 0; presolve removed 44 rows, 26 cols"
90fc378,Darwin-arm64,Apple M4,10,none,,,2026-09-28T07:52:33,netlib,25fv47,821,1571,10400,ps26119,simplex,1,1e-8,60.0,Optimal,3483,0.487461,5501.8458882867417,5501.845888286749,HiGHS optimum (optima.csv),1.32e-15,PASS,1.02e-12,1.02e-15,7.44e-16,yes,ps26119 0.1.0 (git 90fc378),"phase-1 iters 1598, bound flips 0, refactorizations 170, Bland episodes 0, Devex resets 48, tolerance tightenings 0; presolve removed 44 rows, 26 cols"
90fc378,Darwin-arm64,Apple M4,10,none,,,2026-09-28T07:52:33,netlib,25fv47,821,1571,10400,ps26119,r2hpdhg,1,1e-8,60.0,Optimal,105280,2.262017,5501.8458816894008,5501.845888286749,HiGHS optimum (optima.csv),1.20e-09,PASS,9.29e-07,5.70e-10,3.76e-11,yes,ps26119 0.1.0 (git 90fc378),"presolve removed 44 rows, 26 cols"
90fc378,Darwin-arm64,Apple M4,10,none,,,2026-09-28T07:52:33,netlib,25fv47,821,1571,10400,ps26119,r2hpdhg,10,1e-8,60.0,Optimal,105280,2.236225,5501.8458816894008,5501.845888286749,HiGHS optimum (optima.csv),1.20e-09,PASS,9.29e-07,5.70e-10,3.76e-11,yes,ps26119 0.1.0 (git 90fc378),"presolve removed 44 rows, 26 cols"
90fc378,Darwin-arm64,Apple M4,10,none,,,2026-09-28T07:52:33,netlib,25fv47,821,1571,10400,highs,simplex,default,HiGHS defaults (1e-7 feasibility),60.0,Optimal,2583,0.148174,5501.845888286749,5501.845888286749,HiGHS optimum (optima.csv),0.00e+00,PASS,1.42e-12,8.18e-16,1.65e-16,yes,HiGHS 1.15.1,HiGHS model status kOptimal
90fc378,Darwin-arm64,Apple M4,10,none,,,2026-09-28T07:52:33,netlib,25fv47,821,1571,10400,highs,ipm,default,HiGHS defaults (1e-7 feasibility),60.0,Optimal,27,0.104968,5501.845888286748,5501.845888286749,HiGHS optimum (optima.csv),1.65e-16,PASS,1.59e-12,1.01e-15,1.65e-16,yes,HiGHS 1.15.1,HiGHS model status kOptimal
90fc378,Darwin-arm64,Apple M4,10,none,,,2026-09-28T07:52:33,netlib,25fv47,821,1571,10400,highs,pdlp,default,1e-8 (pdlp_optimality_tolerance),60.0,Optimal,73920,2.163245,5501.846013292435,5501.845888286749,HiGHS optimum (optima.csv),2.27e-08,FAIL,1.57e-04,7.61e-08,6.83e-09,no,HiGHS 1.15.1,HiGHS model status kOptimal
90fc378,Darwin-arm64,Apple M4,10,none,,,2026-09-28T07:52:33,netlib,80bau3b,2262,9799,21002,ps26119,auto,1,1e-8,60.0,Optimal,7418,0.908623,987224.19240909046,987224.1924090902,HiGHS optimum (optima.csv),2.36e-16,PASS,1.59e-12,4.24e-18,1.18e-16,yes,ps26119 0.1.0 (git 90fc378),"auto: simplex (rows*nnz = 4.8e+07); phase-1 iters 1500, bound flips 2342, refactorizations 67, Bland episodes 0, Devex resets 24, tolerance tightenings 0; presolve removed 220 rows, 559 cols"
90fc378,Darwin-arm64,Apple M4,10,none,,,2026-09-28T07:52:33,netlib,80bau3b,2262,9799,21002,ps26119,simplex,1,1e-8,60.0,Optimal,7418,0.911293,987224.19240909046,987224.1924090902,HiGHS optimum (optima.csv),2.36e-16,PASS,1.59e-12,4.24e-18,1.18e-16,yes,ps26119 0.1.0 (git 90fc378),"phase-1 iters 1500, bound flips 2342, refactorizations 67, Bland episodes 0, Devex resets 24, tolerance tightenings 0; presolve removed 220 rows, 559 cols"
90fc378,Darwin-arm64,Apple M4,10,none,,,2026-09-28T07:52:33,netlib,80bau3b,2262,9799,21002,ps26119,r2hpdhg,1,1e-8,60.0,Optimal,155072,9.164543,987224.19273367897,987224.1924090902,HiGHS optimum (optima.csv),3.29e-10,PASS,5.39e-07,5.52e-09,2.68e-09,yes,ps26119 0.1.0 (git 90fc378),"presolve removed 220 rows, 559 cols"
90fc378,Darwin-arm64,Apple M4,10,none,,,2026-09-28T07:52:33,netlib,80bau3b,2262,9799,21002,ps26119,r2hpdhg,10,1e-8,60.0,Optimal,155072,13.868897,987224.19273367897,987224.1924090902,HiGHS optimum (optima.csv),3.29e-10,PASS,5.39e-07,5.52e-09,2.68e-09,yes,ps26119 0.1.0 (git 90fc378),"presolve removed 220 rows, 559 cols"
90fc378,Darwin-arm64,Apple M4,10,none,,,2026-09-28T07:52:33,netlib,80bau3b,2262,9799,21002,highs,simplex,default,HiGHS defaults (1e-7 feasibility),60.0,Optimal,3103,0.113365,987224.1924090902,987224.1924090902,HiGHS optimum (optima.csv),0.00e+00,PASS,9.09e-13,1.41e-17,5.90e-17,yes,HiGHS 1.15.1,HiGHS model status kOptimal
90fc378,Darwin-arm64,Apple M4,10,none,,,2026-09-28T07:52:33,netlib,80bau3b,2262,9799,21002,highs,ipm,default,HiGHS defaults (1e-7 feasibility),60.0,Optimal,43,0.261707,987224.1924090901,987224.1924090902,HiGHS optimum (optima.csv),1.18e-16,PASS,8.24e-13,1.41e-17,5.90e-17,yes,HiGHS 1.15.1,HiGHS model status kOptimal
90fc378,Darwin-arm64,Apple M4,10,none,,,2026-09-28T07:52:33,netlib,80bau3b,2262,9799,21002,highs,pdlp,default,1e-8 (pdlp_optimality_tolerance),60.0,Optimal,298200,34.956886,987224.2030940478,987224.1924090902,HiGHS optimum (optima.csv),1.08e-08,FAIL,3.02e-04,7.14e-11,5.51e-09,no,HiGHS 1.15.1,HiGHS model status kOptimal
90fc378,Darwin-arm64,Apple M4,10,none,,,2026-09-28T07:52:33,netlib,adlittle,56,97,383,ps26119,auto,1,1e-8,60.0,Optimal,105,0.001518,225494.96316238036,225494.9631623803,HiGHS optimum (optima.csv),2.58e-16,PASS,2.42e-14,3.43e-17,1.29e-16,yes,ps26119 0.1.0 (git 90fc378),"auto: simplex (rows*nnz = 2.1e+04); phase-1 iters 31, bound flips 0, refactorizations 9, Bland episodes 0, Devex resets 1, tolerance tightenings 0; presolve removed 3 rows, 1 cols"
90fc378,Darwin-arm64,Apple M4,10,none,,,2026-09-28T07:52:33,netlib,adlittle,56,97,383,ps26119,simplex,1,1e-8,60.0,Optimal,105,0.001481,225494.96316238036,225494.9631623803,HiGHS optimum (optima.csv),2.58e-16,PASS,2.42e-14,3.43e-17,1.29e-16,yes,ps26119 0.1.0 (git 90fc378),"phase-1 iters 31, bound flips 0, refactorizations 9, Bland episodes 0, Devex resets 1, tolerance tightenings 0; presolve removed 3 rows, 1 cols"
90fc378,Darwin-arm64,Apple M4,10,none,,,2026-09-28T07:52:33,netlib,adlittle,56,97,383,ps26119,r2hpdhg,1,1e-8,60.0,Optimal,2560,0.002985,225494.9649966651,225494.9631623803,HiGHS optimum (optima.csv),8.13e-09,PASS,2.97e-08,1.74e-09,4.25e-09,yes,ps26119 0.1.0 (git 90fc378),"presolve removed 3 rows, 1 cols"
90fc378,Darwin-arm64,Apple M4,10,none,,,2026-09-28T07:52:33,netlib,adlittle,56,97,383,ps26119,r2hpdhg,10,1e-8,60.0,Optimal,2560,0.003254,225494.9649966651,225494.9631623803,HiGHS optimum (optima.csv),8.13e-09,PASS,2.97e-08,1.74e-09,4.25e-09,yes,ps26119 0.1.0 (git 90fc378),"presolve removed 3 rows, 1 cols"
90fc378,Darwin-arm64,Apple M4,10,none,,,2026-09-28T07:52:33,netlib,adlittle,56,97,383,highs,simplex,default,HiGHS defaults (1e-7 feasibility),60.0,Optimal,87,0.001500,225494.9631623803,225494.9631623803,HiGHS optimum (optima.csv),0.00e+00,PASS,5.68e-14,1.88e-17,6.45e-17,yes,HiGHS 1.15.1,HiGHS model status kOptimal
90fc378,Darwin-arm64,Apple M4,10,none,,,2026-09-28T07:52:33,netlib,adlittle,56,97,383,highs,ipm,default,HiGHS defaults (1e-7 feasibility),60.0,Optimal,13,0.002660,225494.96316238036,225494.9631623803,HiGHS optimum (optima.csv),2.58e-16,PASS,5.68e-14,1.88e-17,6.45e-17,yes,HiGHS 1.15.1,HiGHS model status kOptimal
90fc378,Darwin-arm64,Apple M4,10,none,,,2026-09-28T07:52:33,netlib,adlittle,56,97,383,highs,pdlp,default,1e-8 (pdlp_optimality_tolerance),60.0,Optimal,11720,0.018159,225494.96706382028,225494.9631623803,HiGHS optimum (optima.csv),1.73e-08,PASS,2.27e-07,4.52e-10,9.05e-09,yes,HiGHS 1.15.1,HiGHS model status kOptimal
90fc378,Darwin-arm64,Apple M4,10,none,,,2026-09-28T07:52:33,netlib,afiro,27,32,83,ps26119,auto,1,1e-8,60.0,Optimal,23,0.000306,-464.75314285714285,-464.75314285714285,HiGHS optimum (optima.csv),0.00e+00,PASS,1.42e-14,5.05e-18,6.11e-17,yes,ps26119 0.1.0 (git 90fc378),"auto: simplex (rows*nnz = 2.2e+03); phase-1 iters 3, bound flips 0, refactorizations 3, Bland episodes 0, Devex resets 0, tolerance tightenings 0; presolve removed 2 rows, 0 cols"
90fc378,Darwin-arm64,Apple M4,10,none,,,2026-09-28T07:52:33,netlib,afiro,27,32,83,ps26119,simplex,1,1e-8,60.0,Optimal,23,0.000283,-464.75314285714285,-464.75314285714285,HiGHS optimum (optima.csv),0.00e+00,PASS,1.42e-14,5.05e-18,6.11e-17,yes,ps26119 0.1.0 (git 90fc378),"phase-1 iters 3, bound flips 0, refactorizations 3, Bland episodes 0, Devex resets 0, tolerance tightenings 0; presolve removed 2 rows, 0 cols"
90fc378,Darwin-arm64,Apple M4,10,none,,,2026-09-28T07:52:33,netlib,afiro,27,32,83,ps26119,r2hpdhg,1,1e-8,60.0,Optimal,448,0.000430,-464.75314187787149,-464.75314285714285,HiGHS optimum (optima.csv),2.10e-09,PASS,9.85e-07,8.37e-11,1.11e-09,yes,ps26119 0.1.0 (git 90fc378),"presolve removed 2 rows, 0 cols"
90fc378,Darwin-arm64,Apple M4,10,none,,,2026-09-28T07:52:33,netlib,afiro,27,32,83,ps26119,r2hpdhg,10,1e-8,60.0,Optimal,448,0.000558,-464.75314187787149,-464.75314285714285,HiGHS optimum (optima.csv),2.10e-09,PASS,9.85e-07,8.37e-11,1.11e-09,yes,ps26119 0.1.0 (git 90fc378),"presolve removed 2 rows, 0 cols"
90fc378,Darwin-arm64,Apple M4,10,none,,,2026-09-28T07:52:33,netlib,afiro,27,32,83,highs,simplex,default,HiGHS defaults (1e-7 feasibility),60.0,Optimal,6,0.000621,-464.75314285714285,-464.75314285714285,HiGHS optimum (optima.csv),0.00e+00,PASS,1.42e-14,5.05e-18,6.11e-17,yes,HiGHS 1.15.1,HiGHS model status kOptimal
90fc378,Darwin-arm64,Apple M4,10,none,,,2026-09-28T07:52:33,netlib,afiro,27,32,83,highs,ipm,default,HiGHS defaults (1e-7 feasibility),60.0,Optimal,7,0.000700,-464.75314285714285,-464.75314285714285,HiGHS optimum (optima.csv),0.00e+00,PASS,1.42e-14,5.05e-18,6.11e-17,yes,HiGHS 1.15.1,HiGHS model status kOptimal
90fc378,Darwin-arm64,Apple M4,10,none,,,2026-09-28T07:52:33,netlib,afiro,27,32,83,highs,pdlp,default,1e-8 (pdlp_optimality_tolerance),60.0,Optimal,360,0.000381,-464.75314685560244,-464.75314285714285,HiGHS optimum (optima.csv),8.58e-09,FAIL,4.24e-06,8.24e-10,7.60e-09,no,HiGHS 1.15.1,HiGHS model status kOptimal
90fc378,Darwin-arm64,Apple M4,10,none,,,2026-09-28T07:52:33,netlib,agg,488,163,2410,ps26119,auto,1,1e-8,60.0,Optimal,129,0.005394,-35991767.286576502,-35991767.286576495,HiGHS optimum (optima.csv),2.07e-16,PASS,2.33e-10,4.50e-15,3.11e-16,yes,ps26119 0.1.0 (git 90fc378),"auto: simplex (rows*nnz = 1.2e+06); phase-1 iters 85, bound flips 1, refactorizations 6, Bland episodes 0, Devex resets 2, tolerance tightenings 0; presolve removed 30 rows, 0 cols"
90fc378,Darwin-arm64,Apple M4,10,none,,,2026-09-28T07:52:33,netlib,agg,488,163,2410,ps26119,simplex,1,1e-8,60.0,Optimal,129,0.005483,-35991767.286576502,-35991767.286576495,HiGHS optimum (optima.csv),2.07e-16,PASS,2.33e-10,4.50e-15,3.11e-16,yes,ps26119 0.1.0 (git 90fc378),"phase-1 iters 85, bound flips 1, refactorizations 6, Bland episodes 0, Devex resets 2, tolerance tightenings 0; presolve removed 30 rows, 0 cols"
90fc378,Darwin-arm64,Apple M4,10,none,,,2026-09-28T07:52:33,netlib,agg,488,163,2410,ps26119,r2hpdhg,1,1e-8,60.0,Optimal,86912,0.400699,-35991767.286607698,-35991767.286576495,HiGHS optimum (optima.csv),8.67e-13,PASS,4.69e-08,4.32e-08,4.31e-10,yes,ps26119 0.1.0 (git 90fc378),"presolve removed 30 rows, 0 cols"
90fc378,Darwin-arm64,Apple M4,10,none,,,2026-09-28T07:52:33,netlib,agg,488,163,2410,ps26119,r2hpdhg,10,1e-8,60.0,Optimal,86912,0.409754,-35991767.286607698,-35991767.286576495,HiGHS optimum (optima.csv),8.67e-13,PASS,4.69e-08,4.32e-08,4.31e-10,yes,ps26119 0.1.0 (git 90fc378),"presolve removed 30 rows, 0 cols"
90fc378,Darwin-arm64,Apple M4,10,none,,,2026-09-28T07:52:33,netlib,agg,488,163,2410,highs,simplex,default,HiGHS defaults (1e-7 feasibility),60.0,Optimal,102,0.003123,-35991767.286576495,-35991767.286576495,HiGHS optimum (optima.csv),0.00e+00,PASS,2.33e-10,4.50e-15,0.00e+00,yes,HiGHS 1.15.1,HiGHS model status kOptimal
90fc378,Darwin-arm64,Apple M4,10,none,,,2026-09-28T07:52:33,netlib,agg,488,163,2410,highs,ipm,default,HiGHS defaults (1e-7 feasibility),60.0,Optimal,18,0.006371,-35991767.286576495,-35991767.286576495,HiGHS optimum (optima.csv),0.00e+00,PASS,2.33e-10,4.50e-15,2.07e-16,yes,HiGHS 1.15.1,HiGHS model status kOptimal
90fc378,Darwin-arm64,Apple M4,10,none,,,2026-09-28T07:52:33,netlib,agg,488,163,2410,highs,pdlp,default,1e-8 (pdlp_optimality_tolerance),60.0,Optimal,61000,0.165717,-35991768.83561694,-35991767.286576495,HiGHS optimum (optima.csv),4.30e-08,FAIL,1.76e-02,1.30e-08,6.53e-09,no,HiGHS 1.15.1,HiGHS model status kOptimal
90fc378,Darwin-arm64,Apple M4,10,none,,,2026-09-28T07:52:33,netlib,agg2,516,302,4284,ps26119,auto,1,1e-8,60.0,Optimal,183,0.007102,-20239252.355977118,-20239252.355977114,HiGHS optimum (optima.csv),1.84e-16,PASS,8.00e-11,6.59e-17,3.68e-16,yes,ps26119 0.1.0 (git 90fc378),"auto: simplex (rows*nnz = 2.2e+06); phase-1 iters 43, bound flips 0, refactorizations 5, Bland episodes 0, Devex resets 0, tolerance tightenings 0; presolve removed 32 rows, 1 cols"
90fc378,Darwin-arm64,Apple M4,10,none,,,2026-09-28T07:52:33,netlib,agg2,516,302,4284,ps26119,simplex,1,1e-8,60.0,Optimal,183,0.007005,-20239252.355977118,-20239252.355977114,HiGHS optimum (optima.csv),1.84e-16,PASS,8.00e-11,6.59e-17,3.68e-16,yes,ps26119 0.1.0 (git 90fc378),"phase-1 iters 43, bound flips 0, refactorizations 5, Bland episodes 0, Devex resets 0, tolerance tightenings 0; presolve removed 32 rows, 1 cols"
90fc378,Darwin-arm64,Apple M4,10,none,,,2026-09-28T07:52:33,netlib,agg2,516,302,4284,ps26119,r2hpdhg,1,1e-8,60.0,Optimal,5568,0.046970,-20239252.355782662,-20239252.355977114,HiGHS optimum (optima.csv),9.61e-12,PASS,7.60e-07,1.57e-12,4.75e-12,yes,ps26119 0.1.0 (git 90fc378),"presolve removed 32 rows, 1 cols"
90fc378,Darwin-arm64,Apple M4,10,none,,,2026-09-28T07:52:33,netlib,agg2,516,302,4284,ps26119,r2hpdhg,10,1e-8,60.0,Optimal,5568,0.048027,-20239252.355782662,-20239252.355977114,HiGHS optimum (optima.csv),9.61e-12,PASS,7.60e-07,1.57e-12,4.75e-12,yes,ps26119 0.1.0 (git 90fc378),"presolve removed 32 rows, 1 cols"
90fc378,Darwin-arm64,Apple M4,10,none,,,2026-09-28T07:52:33,netlib,agg2,516,302,4284,highs,simplex,default,HiGHS defaults (1e-7 feasibility),60.0,Optimal,168,0.004480,-20239252.355977114,-20239252.355977114,HiGHS optimum (optima.csv),0.00e+00,PASS,5.82e-11,3.51e-16,1.84e-16,yes,HiGHS 1.15.1,HiGHS model status kOptimal
90fc378,Darwin-arm64,Apple M4,10,none,,,2026-09-28T07:52:33,netlib,agg2,516,302,4284,highs,ipm,default,HiGHS defaults (1e-7 feasibility),60.0,Optimal,18,0.011428,-20239252.35597711,-20239252.355977114,HiGHS optimum (optima.csv),1.84e-16,PASS,1.16e-10,3.51e-16,2.76e-16,yes,HiGHS 1.15.1,HiGHS model status kOptimal
90fc378,Darwin-arm64,Apple M4,10,none,,,2026-09-28T07:52:33,netlib,agg2,516,302,4284,highs,pdlp,default,1e-8 (pdlp_optimality_tolerance),60.0,Optimal,3560,0.025712,-20239252.36767404,-20239252.355977114,HiGHS optimum (optima.csv),5.78e-10,FAIL,2.38e-03,6.25e-10,4.73e-10,no,HiGHS 1.15.1,HiGHS model status kOptimal
90fc378,Darwin-arm64,Apple M4,10,none,,,2026-09-28T07:52:33,netlib,agg3,516,302,4300,ps26119,auto,1,1e-8,60.0,Optimal,167,0.006955,10312115.935089216,10312115.935089216,HiGHS optimum (optima.csv),0.00e+00,PASS,8.00e-11,4.39e-17,6.32e-16,yes,ps26119 0.1.0 (git 90fc378),"auto: simplex (rows*nnz = 2.2e+06); phase-1 iters 33, bound flips 0, refactorizations 5, Bland episodes 0, Devex resets 2, tolerance tightenings 0; presolve removed 32 rows, 1 cols"
90fc378,Darwin-arm64,Apple M4,10,none,,,2026-09-28T07:52:33,netlib,agg3,516,302,4300,ps26119,simplex,1,1e-8,60.0,Optimal,167,0.007008,10312115.935089216,10312115.935089216,HiGHS optimum (optima.csv),0.00e+00,PASS,8.00e-11,4.39e-17,6.32e-16,yes,ps26119 0.1.0 (git 90fc378),"phase-1 iters 33, bound flips 0, refactorizations 5, Bland episodes 0, Devex resets 2, tolerance tightenings 0; presolve removed 32 rows, 1 cols"
90fc378,Darwin-arm64,Apple M4,10,none,,,2026-09-28T07:52:33,netlib,agg3,516,302,4300,ps26119,r2hpdhg,1,1e-8,60.0,Optimal,6464,0.054664,10312115.935059134,10312115.935089216,HiGHS optimum (optima.csv),2.92e-12,PASS,3.10e-07,1.09e-14,1.45e-12,yes,ps26119 0.1.0 (git 90fc378),"presolve removed 32 rows, 1 cols"
90fc378,Darwin-arm64,Apple M4,10,none,,,2026-09-28T07:52:33,netlib,agg3,516,302,4300,ps26119,r2hpdhg,10,1e-8,60.0,Optimal,6464,0.054916,10312115.935059134,10312115.935089216,HiGHS optimum (optima.csv),2.92e-12,PASS,3.10e-07,1.09e-14,1.45e-12,yes,ps26119 0.1.0 (git 90fc378),"presolve removed 32 rows, 1 cols"
90fc378,Darwin-arm64,Apple M4,10,none,,,2026-09-28T07:52:33,netlib,agg3,516,302,4300,highs,simplex,default,HiGHS defaults (1e-7 feasibility),60.0,Optimal,164,0.004647,10312115.935089216,10312115.935089216,HiGHS optimum (optima.csv),0.00e+00,PASS,7.28e-11,1.12e-15,9.03e-17,yes,HiGHS 1.15.1,HiGHS model status kOptimal
90fc378,Darwin-arm64,Apple M4,10,none,,,2026-09-28T07:52:33,netlib,agg3,516,302,4300,highs,ipm,default,HiGHS defaults (1e-7 feasibility),60.0,Optimal,19,0.011807,10312115.935089216,10312115.935089216,HiGHS optimum (optima.csv),0.00e+00,PASS,1.16e-10,1.12e-15,9.03e-17,yes,HiGHS 1.15.1,HiGHS model status kOptimal
90fc378,Darwin-arm64,Apple M4,10,none,,,2026-09-28T07:52:33,netlib,agg3,516,302,4300,highs,pdlp,default,1e-8 (pdlp_optimality_tolerance),60.0,Optimal,9440,0.063067,10312115.960760716,10312115.935089216,HiGHS optimum (optima.csv),2.49e-09,FAIL,2.34e-03,8.77e-10,8.06e-09,no,HiGHS 1.15.1,HiGHS model status kOptimal
90fc378,Darwin-arm64,Apple M4,10,none,,,2026-09-28T07:52:33,netlib,bandm,305,472,2494,ps26119,auto,1,1e-8,60.0,Optimal,514,0.018994,-158.62801845012095,-158.62801845012044,HiGHS optimum (optima.csv),3.20e-15,PASS,2.10e-12,1.19e-15,6.25e-16,yes,ps26119 0.1.0 (git 90fc378),"auto: simplex (rows*nnz = 7.6e+05); phase-1 iters 334, bound flips 0, refactorizations 21, Bland episodes 0, Devex resets 8, tolerance tightenings 0; presolve removed 47 rows, 47 cols"
90fc378,Darwin-arm64,Apple M4,10,none,,,2026-09-28T07:52:33,netlib,bandm,305,472,2494,ps26119,simplex,1,1e-8,60.0,Optimal,514,0.019029,-158.62801845012095,-158.62801845012044,HiGHS optimum (optima.csv),3.20e-15,PASS,2.10e-12,1.19e-15,6.25e-16,yes,ps26119 0.1.0 (git 90fc378),"phase-1 iters 334, bound flips 0, refactorizations 21, Bland episodes 0, Devex resets 8, tolerance tightenings 0; presolve removed 47 rows, 47 cols"
90fc378,Darwin-arm64,Apple M4,10,none,,,2026-09-28T07:52:33,netlib,bandm,305,472,2494,ps26119,r2hpdhg,1,1e-8,60.0,Optimal,14912,0.067964,-158.62801820596889,-158.62801845012044,HiGHS optimum (optima.csv),1.53e-09,PASS,2.41e-07,2.75e-08,7.07e-09,yes,ps26119 0.1.0 (git 90fc378),"presolve removed 47 rows, 47 cols"
90fc378,Darwin-arm64,Apple M4,10,none,,,2026-09-28T07:52:33,netlib,bandm,305,472,2494,ps26119,r2hpdhg,10,1e-8,60.0,Optimal,14912,0.068033,-158.62801820596889,-158.62801845012044,HiGHS optimum (optima.csv),1.53e-09,PASS,2.41e-07,2.75e-08,7.07e-09,yes,ps26119 0.1.0 (git 90fc378),"presolve removed 47 rows, 47 cols"
90fc378,Darwin-arm64,Apple M4,10,none,,,2026-09-28T07:52:33,netlib,bandm,305,472,2494,highs,simplex,default,HiGHS defaults (1e-7 feasibility),60.0,Optimal,382,0.008785,-158.62801845012044,-158.62801845012044,HiGHS optimum (optima.csv),0.00e+00,PASS,5.29e-12,1.33e-14,2.68e-16,yes,HiGHS 1.15.1,HiGHS model status kOptimal
90fc378,Darwin-arm64,Apple M4,10,none,,,2026-09-28T07:52:33,netlib,bandm,305,472,2494,highs,ipm,default,HiGHS defaults (1e-7 feasibility),60.0,Optimal,17,0.011392,-158.62801845012044,-158.62801845012044,HiGHS optimum (optima.csv),0.00e+00,PASS,5.29e-12,1.33e-14,2.68e-16,yes,HiGHS 1.15.1,HiGHS model status kOptimal
90fc378,Darwin-arm64,Apple M4,10,none,,,2026-09-28T07:52:33,netlib,bandm,305,472,2494,highs,pdlp,default,1e-8 (pdlp_optimality_tolerance),60.0,Optimal,26920,0.134906,-158.62802074052297,-158.62801845012044,HiGHS optimum (optima.csv),1.43e-08,FAIL,7.29e-06,3.78e-09,5.31e-09,no,HiGHS 1.15.1,HiGHS model status kOptimal
90fc378,Darwin-arm64,Apple M4,10,none,,,2026-09-28T07:52:33,netlib,beaconfd,173,262,3375,ps26119,auto,1,1e-8,60.0,Optimal,98,0.003265,33592.485807199999,33592.4858072,HiGHS optimum (optima.csv),0.00e+00,PASS,8.06e-12,1.21e-17,0.00e+00,yes,ps26119 0.1.0 (git 90fc378),"auto: simplex (rows*nnz = 5.8e+05); phase-1 iters 82, bound flips 0, refactorizations 4, Bland episodes 0, Devex resets 0, tolerance tightenings 0; presolve removed 37 rows, 37 cols"
90fc378,Darwin-arm64,Apple M4,10,none,,,2026-09-28T07:52:33,netlib,beaconfd,173,262,3375,ps26119,simplex,1,1e-8,60.0,Optimal,98,0.003216,33592.485807199999,33592.4858072,HiGHS optimum (optima.csv),0.00e+00,PASS,8.06e-12,1.21e-17,0.00e+00,yes,ps26119 0.1.0 (git 90fc378),"phase-1 iters 82, bound flips 0, refactorizations 4, Bland episodes 0, Devex resets 0, tolerance tightenings 0; presolve removed 37 rows, 37 cols"
90fc378,Darwin-arm64,Apple M4,10,none,,,2026-09-28T07:52:33,netlib,beaconfd,173,262,3375,ps26119,r2hpdhg,1,1e-8,60.0,Optimal,12992,0.079532,33592.485807369805,33592.4858072,HiGHS optimum (optima.csv),5.05e-12,PASS,1.35e-07,2.74e-13,1.96e-12,yes,ps26119 0.1.0 (git 90fc378),"presolve removed 37 rows, 37 cols; reduced model re-solved to 1e-10 to pass on the original"
90fc378,Darwin-arm64,Apple M4,10,none,,,2026-09-28T07:52:33,netlib,beaconfd,173,262,3375,ps26119,r2hpdhg,10,1e-8,60.0,Optimal,12992,0.086804,33592.485807369805,33592.4858072,HiGHS optimum (optima.csv),5.05e-12,PASS,1.35e-07,2.74e-13,1.96e-12,yes,ps26119 0.1.0 (git 90fc378),"presolve removed 37 rows, 37 cols; reduced model re-solved to 1e-10 to pass on the original"
90fc378,Darwin-arm64,Apple M4,10,none,,,2026-09-28T07:52:33,netlib,beaconfd,173,262,3375,highs,simplex,default,HiGHS defaults (1e-7 feasibility),60.0,Optimal,8,0.002173,33592.4858072,33592.4858072,HiGHS optimum (optima.csv),0.00e+00,PASS,2.18e-11,8.07e-18,1.08e-16,yes,HiGHS 1.15.1,HiGHS model status kOptimal
90fc378,Darwin-arm64,Apple M4,10,none,,,2026-09-28T07:52:33,netlib,beaconfd,173,262,3375,highs,ipm,default,HiGHS defaults (1e-7 feasibility),60.0,Optimal,13,0.002329,33592.4858072,33592.4858072,HiGHS optimum (optima.csv),0.00e+00,PASS,2.18e-11,8.07e-18,1.08e-16,yes,HiGHS 1.15.1,HiGHS model status kOptimal
90fc378,Darwin-arm64,Apple M4,10,none,,,2026-09-28T07:52:33,netlib,beaconfd,173,262,3375,highs,pdlp,default,1e-8 (pdlp_optimality_tolerance),60.0,Optimal,320,0.001674,33592.48580719834,33592.4858072,HiGHS optimum (optima.csv),4.94e-14,PASS,1.46e-11,9.04e-16,2.49e-14,yes,HiGHS 1.15.1,HiGHS model status kOptimal
90fc378,Darwin-arm64,Apple M4,10,none,,,2026-09-28T07:52:33,netlib,blend,74,83,491,ps26119,auto,1,1e-8,60.0,Optimal,107,0.001729,-30.81214984582823,-30.812149845828237,HiGHS optimum (optima.csv),2.23e-16,PASS,2.84e-14,1.57e-16,2.27e-16,yes,ps26119 0.1.0 (git 90fc378),"auto: simplex (rows*nnz = 3.6e+04); phase-1 iters 0, bound flips 0, refactorizations 9, Bland episodes 0, Devex resets 2, tolerance tightenings 0; presolve removed 2 rows, 0 cols"
90fc378,Darwin-arm64,Apple M4,10,none,,,2026-09-28T07:52:33,netlib,blend,74,83,491,ps26119,simplex,1,1e-8,60.0,Optimal,107,0.001802,-30.81214984582823,-30.812149845828237,HiGHS optimum (optima.csv),2.23e-16,PASS,2.84e-14,1.57e-16,2.27e-16,yes,ps26119 0.1.0 (git 90fc378),"phase-1 iters 0, bound flips 0, refactorizations 9, Bland episodes 0, Devex resets 2, tolerance tightenings 0; presolve removed 2 rows, 0 cols"
90fc378,Darwin-arm64,Apple M4,10,none,,,2026-09-28T07:52:33,netlib,blend,74,83,491,ps26119,r2hpdhg,1,1e-8,60.0,Optimal,1920,0.002750,-30.81214969934171,-30.812149845828237,HiGHS optimum (optima.csv),4.60e-09,PASS,4.29e-07,1.87e-10,2.29e-09,yes,ps26119 0.1.0 (git 90fc378),"presolve removed 2 rows, 0 cols"
90fc378,Darwin-arm64,Apple M4,10,none,,,2026-09-28T07:52:33,netlib,blend,74,83,491,ps26119,r2hpdhg,10,1e-8,60.0,Optimal,1920,0.002828,-30.81214969934171,-30.812149845828237,HiGHS optimum (optima.csv),4.60e-09,PASS,4.29e-07,1.87e-10,2.29e-09,yes,ps26119 0.1.0 (git 90fc378),"presolve removed 2 rows, 0 cols"
90fc378,Darwin-arm64,Apple M4,10,none,,,2026-09-28T07:52:33,netlib,blend,74,83,491,highs,simplex,default,HiGHS defaults (1e-7 feasibility),60.0,Optimal,80,0.001768,-30.812149845828237,-30.812149845828237,HiGHS optimum (optima.csv),0.00e+00,PASS,1.42e-13,5.63e-16,0.00e+00,yes,HiGHS 1.15.1,HiGHS model status kOptimal
90fc378,Darwin-arm64,Apple M4,10,none,,,2026-09-28T07:52:33,netlib,blend,74,83,491,highs,ipm,default,HiGHS defaults (1e-7 feasibility),60.0,Optimal,10,0.002272,-30.812149845828245,-30.812149845828237,HiGHS optimum (optima.csv),2.23e-16,PASS,1.85e-13,1.40e-16,5.67e-17,yes,HiGHS 1.15.1,HiGHS model status kOptimal
90fc378,Darwin-arm64,Apple M4,10,none,,,2026-09-28T07:52:33,netlib,blend,74,83,491,highs,pdlp,default,1e-8 (pdlp_optimality_tolerance),60.0,Optimal,1400,0.002490,-30.812150713460344,-30.812149845828237,HiGHS optimum (optima.csv),2.73e-08,PASS,4.10e-07,9.00e-09,3.20e-08,yes,HiGHS 1.15.1,HiGHS model status kOptimal
90fc378,Darwin-arm64,Apple M4,10,none,,,2026-09-28T07:52:33,netlib,bnl1,643,1175,5121,ps26119,auto,1,1e-8,60.0,Optimal,1363,0.086250,1977.629561522888,1977.6295615228867,HiGHS optimum (optima.csv),6.89e-16,PASS,2.27e-13,2.24e-13,1.26e-15,yes,ps26119 0.1.0 (git 90fc378),"auto: simplex (rows*nnz = 3.3e+06); phase-1 iters 965, bound flips 8, refactorizations 55, Bland episodes 0, Devex resets 32, tolerance tightenings 0; presolve removed 71 rows, 6 cols"
90fc378,Darwin-arm64,Apple M4,10,none,,,2026-09-28T07:52:33,netlib,bnl1,643,1175,5121,ps26119,simplex,1,1e-8,60.0,Optimal,1363,0.085782,1977.629561522888,1977.6295615228867,HiGHS optimum (optima.csv),6.89e-16,PASS,2.27e-13,2.24e-13,1.26e-15,yes,ps26119 0.1.0 (git 90fc378),"phase-1 iters 965, bound flips 8, refactorizations 55, Bland episodes 0, Devex resets 32, tolerance tightenings 0; presolve removed 71 rows, 6 cols"
90fc378,Darwin-arm64,Apple M4,10,none,,,2026-09-28T07:52:33,netlib,bnl1,643,1175,5121,ps26119,r2hpdhg,1,1e-8,60.0,Optimal,552640,6.572910,1977.6296263534155,1977.6295615228867,HiGHS optimum (optima.csv),3.28e-08,PASS,9.08e-09,1.22e-08,9.94e-09,yes,ps26119 0.1.0 (git 90fc378),"presolve removed 71 rows, 6 cols"
90fc378,Darwin-arm64,Apple M4,10,none,,,2026-09-28T07:52:33,netlib,bnl1,643,1175,5121,ps26119,r2hpdhg,10,1e-8,60.0,Optimal,552640,6.560605,1977.6296263534155,1977.6295615228867,HiGHS optimum (optima.csv),3.28e-08,PASS,9.08e-09,1.22e-08,9.94e-09,yes,ps26119 0.1.0 (git 90fc378),"presolve removed 71 rows, 6 cols"
90fc378,Darwin-arm64,Apple M4,10,none,,,2026-09-28T07:52:33,netlib,bnl1,643,1175,5121,highs,simplex,default,HiGHS defaults (1e-7 feasibility),60.0,Optimal,775,0.024251,1977.6295615228867,1977.6295615228867,HiGHS optimum (optima.csv),0.00e+00,PASS,3.91e-13,2.29e-14,0.00e+00,yes,HiGHS 1.15.1,HiGHS model status kOptimal
90fc378,Darwin-arm64,Apple M4,10,none,,,2026-09-28T07:52:33,netlib,bnl1,643,1175,5121,highs,ipm,default,HiGHS defaults (1e-7 feasibility),60.0,Optimal,33,0.051492,1977.6295615228878,1977.6295615228867,HiGHS optimum (optima.csv),5.75e-16,PASS,3.98e-13,8.94e-15,3.45e-16,yes,HiGHS 1.15.1,HiGHS model status kOptimal
90fc378,Darwin-arm64,Apple M4,10,none,,,2026-09-28T07:52:33,netlib,bnl1,643,1175,5121,highs,pdlp,default,1e-8 (pdlp_optimality_tolerance),60.0,TimeLimit,3701531,60.871223,0.0,1977.6295615228867,HiGHS optimum (optima.csv),9.99e-01,FAIL,nan,nan,nan,no,HiGHS 1.15.1,HiGHS model status kTimeLimit
90fc378,Darwin-arm64,Apple M4,10,none,,,2026-09-28T07:52:33,netlib,bnl2,2324,3489,13999,ps26119,auto,1,1e-8,60.0,Optimal,4052,0.776283,1811.2365403585472,1811.2365403585468,HiGHS optimum (optima.csv),2.51e-16,PASS,2.84e-13,1.91e-16,0.00e+00,yes,ps26119 0.1.0 (git 90fc378),"auto: simplex (rows*nnz = 3.3e+07); phase-1 iters 2538, bound flips 7, refactorizations 174, Bland episodes 0, Devex resets 106, tolerance tightenings 0; presolve removed 178 rows, 34 cols"
90fc378,Darwin-arm64,Apple M4,10,none,,,2026-09-28T07:52:33,netlib,bnl2,2324,3489,13999,ps26119,simplex,1,1e-8,60.0,Optimal,4052,0.778069,1811.2365403585472,1811.2365403585468,HiGHS optimum (optima.csv),2.51e-16,PASS,2.84e-13,1.91e-16,0.00e+00,yes,ps26119 0.1.0 (git 90fc378),"phase-1 iters 2538, bound flips 7, refactorizations 174, Bland episodes 0, Devex resets 106, tolerance tightenings 0; presolve removed 178 rows, 34 cols"
90fc378,Darwin-arm64,Apple M4,10,none,,,2026-09-28T07:52:33,netlib,bnl2,2324,3489,13999,ps26119,r2hpdhg,1,1e-8,60.0,Optimal,721216,24.950816,1811.2365164423941,1811.2365403585468,HiGHS optimum (optima.csv),1.32e-08,PASS,4.14e-07,1.67e-10,9.94e-09,yes,ps26119 0.1.0 (git 90fc378),"presolve removed 178 rows, 34 cols"
90fc378,Darwin-arm64,Apple M4,10,none,,,2026-09-28T07:52:33,netlib,bnl2,2324,3489,13999,ps26119,r2hpdhg,10,1e-8,60.0,Optimal,721216,25.048127,1811.2365164423941,1811.2365403585468,HiGHS optimum (optima.csv),1.32e-08,PASS,4.14e-07,1.67e-10,9.94e-09,yes,ps26119 0.1.0 (git 90fc378),"presolve removed 178 rows, 34 cols"
90fc378,Darwin-arm64,Apple M4,10,none,,,2026-09-28T07:52:33,netlib,bnl2,2324,3489,13999,highs,simplex,default,HiGHS defaults (1e-7 feasibility),60.0,Optimal,1069,0.049158,1811.2365403585468,1811.2365403585468,HiGHS optimum (optima.csv),0.00e+00,PASS,1.85e-13,1.04e-16,6.28e-17,yes,HiGHS 1.15.1,HiGHS model status kOptimal
90fc378,Darwin-arm64,Apple M4,10,none,,,2026-09-28T07:52:33,netlib,bnl2,2324,3489,13999,highs,ipm,default,HiGHS defaults (1e-7 feasibility),60.0,Optimal,32,0.102807,1811.2365403585447,1811.2365403585468,HiGHS optimum (optima.csv),1.13e-15,PASS,7.46e-14,1.83e-16,0.00e+00,yes,HiGHS 1.15.1,HiGHS model status kOptimal
90fc378,Darwin-arm64,Apple M4,10,none,,,2026-09-28T07:52:33,netlib,bnl2,2324,3489,13999,highs,pdlp,default,1e-8 (pdlp_optimality_tolerance),60.0,Optimal,563280,20.722920,1811.2385602749137,1811.2365403585468,HiGHS optimum (optima.csv),1.11e-06,FAIL,5.42e-05,9.01e-09,4.75e-08,no,HiGHS 1.15.1,HiGHS model status kOptimal
90fc378,Darwin-arm64,Apple M4,10,none,,,2026-09-28T07:52:33,netlib,boeing1,351,384,3485,ps26119,auto,1,1e-8,60.0,Optimal,531,0.016396,-335.21356750712664,-335.21356750712687,HiGHS optimum (optima.csv),6.76e-16,PASS,1.14e-13,1.27e-18,8.47e-17,yes,ps26119 0.1.0 (git 90fc378),"auto: simplex (rows*nnz = 1.2e+06); phase-1 iters 222, bound flips 74, refactorizations 16, Bland episodes 0, Devex resets 3, tolerance tightenings 0; presolve removed 43 rows, 4 cols"
90fc378,Darwin-arm64,Apple M4,10,none,,,2026-09-28T07:52:33,netlib,boeing1,351,384,3485,ps26119,simplex,1,1e-8,60.0,Optimal,531,0.016378,-335.21356750712664,-335.21356750712687,HiGHS optimum (optima.csv),6.76e-16,PASS,1.14e-13,1.27e-18,8.47e-17,yes,ps26119 0.1.0 (git 90fc378),"phase-1 iters 222, bound flips 74, refactorizations 16, Bland episodes 0, Devex resets 3, tolerance tightenings 0; presolve removed 43 rows, 4 cols"
90fc378,Darwin-arm64,Apple M4,10,none,,,2026-09-28T07:52:33,netlib,boeing1,351,384,3485,ps26119,r2hpdhg,1,1e-8,60.0,Optimal,15232,0.108906,-335.21356769678874,-335.21356750712687,HiGHS optimum (optima.csv),5.64e-10,PASS,4.72e-07,1.33e-14,2.08e-10,yes,ps26119 0.1.0 (git 90fc378),"presolve removed 43 rows, 4 cols"
90fc378,Darwin-arm64,Apple M4,10,none,,,2026-09-28T07:52:33,netlib,boeing1,351,384,3485,ps26119,r2hpdhg,10,1e-8,60.0,Optimal,15232,0.109729,-335.21356769678874,-335.21356750712687,HiGHS optimum (optima.csv),5.64e-10,PASS,4.72e-07,1.33e-14,2.08e-10,yes,ps26119 0.1.0 (git 90fc378),"presolve removed 43 rows, 4 cols"
90fc378,Darwin-arm64,Apple M4,10,none,,,2026-09-28T07:52:33,netlib,boeing1,351,384,3485,highs,simplex,default,HiGHS defaults (1e-7 feasibility),60.0,Optimal,384,0.010015,-335.21356750712687,-335.21356750712687,HiGHS optimum (optima.csv),0.00e+00,PASS,1.03e-13,4.75e-19,0.00e+00,yes,HiGHS 1.15.1,HiGHS model status kOptimal
90fc378,Darwin-arm64,Apple M4,10,none,,,2026-09-28T07:52:33,netlib,boeing1,351,384,3485,highs,ipm,default,HiGHS defaults (1e-7 feasibility),60.0,Optimal,24,0.016953,-335.21356750712687,-335.21356750712687,HiGHS optimum (optima.csv),0.00e+00,PASS,7.11e-14,4.75e-19,8.47e-17,yes,HiGHS 1.15.1,HiGHS model status kOptimal
90fc378,Darwin-arm64,Apple M4,10,none,,,2026-09-28T07:52:33,netlib,boeing1,351,384,3485,highs,pdlp,default,1e-8 (pdlp_optimality_tolerance),60.0,Optimal,20960,0.181384,-335.2135674838835,-335.21356750712687,HiGHS optimum (optima.csv),6.91e-11,FAIL,6.92e-06,5.31e-10,8.95e-09,no,HiGHS 1.15.1,HiGHS model status kOptimal
90fc378,Darwin-arm64,Apple M4,10,none,,,2026-09-28T07:52:33,netlib,boeing2,166,143,1196,ps26119,auto,1,1e-8,60.0,Optimal,193,0.003492,-315.01872801520278,-315.0187280152027,HiGHS optimum (optima.csv),1.80e-16,PASS,1.60e-14,0.00e+00,1.80e-16,yes,ps26119 0.1.0 (git 90fc378),"auto: simplex (rows*nnz = 2e+05); phase-1 iters 139, bound flips 8, refactorizations 9, Bland episodes 0, Devex resets 1, tolerance tightenings 0; presolve removed 31 rows, 0 cols"
90fc378,Darwin-arm64,Apple M4,10,none,,,2026-09-28T07:52:33,netlib,boeing2,166,143,1196,ps26119,simplex,1,1e-8,60.0,Optimal,193,0.003585,-315.01872801520278,-315.0187280152027,HiGHS optimum (optima.csv),1.80e-16,PASS,1.60e-14,0.00e+00,1.80e-16,yes,ps26119 0.1.0 (git 90fc378),"phase-1 iters 139, bound flips 8, refactorizations 9, Bland episodes 0, Devex resets 1, tolerance tightenings 0; presolve removed 31 rows, 0 cols"
90fc378,Darwin-arm64,Apple M4,10,none,,,2026-09-28T07:52:33,netlib,boeing2,166,143,1196,ps26119,r2hpdhg,1,1e-8,60.0,Optimal,2688,0.007210,-315.01872795890421,-315.0187280152027,HiGHS optimum (optima.csv),1.78e-10,PASS,5.53e-07,7.86e-11,5.60e-09,yes,ps26119 0.1.0 (git 90fc378),"presolve removed 31 rows, 0 cols"
90fc378,Darwin-arm64,Apple M4,10,none,,,2026-09-28T07:52:33,netlib,boeing2,166,143,1196,ps26119,r2hpdhg,10,1e-8,60.0,Optimal,2688,0.007421,-315.01872795890421,-315.0187280152027,HiGHS optimum (optima.csv),1.78e-10,PASS,5.53e-07,7.86e-11,5.60e-09,yes,ps26119 0.1.0 (git 90fc378),"presolve removed 31 rows, 0 cols"
90fc378,Darwin-arm64,Apple M4,10,none,,,2026-09-28T07:52:33,netlib,boeing2,166,143,1196,highs,simplex,default,HiGHS defaults (1e-7 feasibility),60.0,Optimal,142,0.002625,-315.0187280152027,-315.0187280152027,HiGHS optimum (optima.csv),0.00e+00,PASS,1.14e-13,8.49e-19,5.40e-16,yes,HiGHS 1.15.1,HiGHS model status kOptimal
90fc378,Darwin-arm64,Apple M4,10,none,,,2026-09-28T07:52:33,netlib,boeing2,166,143,1196,highs,ipm,default,HiGHS defaults (1e-7 feasibility),60.0,Optimal,20,0.006396,-315.01872801520284,-315.0187280152027,HiGHS optimum (optima.csv),3.60e-16,PASS,1.14e-13,8.49e-19,5.40e-16,yes,HiGHS 1.15.1,HiGHS model status kOptimal
90fc378,Darwin-arm64,Apple M4,10,none,,,2026-09-28T07:52:33,netlib,boeing2,166,143,1196,highs,pdlp,default,1e-8 (pdlp_optimality_tolerance),60.0,Optimal,6000,0.017885,-315.0187282976458,-315.0187280152027,HiGHS optimum (optima.csv),8.94e-10,FAIL,2.54e-04,1.21e-08,4.52e-09,no,HiGHS 1.15.1,HiGHS model status kOptimal
90fc378,Darwin-arm64,Apple M4,10,none,,,2026-09-28T07:52:33,netlib,bore3d,233,315,1429,ps26119,auto,1,1e-8,60.0,Optimal,177,0.005865,1373.0803942084926,1373.080394208493,HiGHS optimum (optima.csv),3.31e-16,PASS,1.82e-12,2.11e-17,0.00e+00,yes,ps26119 0.1.0 (git 90fc378),"auto: simplex (rows*nnz = 3.3e+05); phase-1 iters 134, bound flips 0, refactorizations 14, Bland episodes 0, Devex resets 1, tolerance tightenings 0; presolve removed 44 rows, 42 cols"
90fc378,Darwin-arm64,Apple M4,10,none,,,2026-09-28T07:52:33,netlib,bore3d,233,315,1429,ps26119,simplex,1,1e-8,60.0,Optimal,177,0.006082,1373.0803942084926,1373.080394208493,HiGHS optimum (optima.csv),3.31e-16,PASS,1.82e-12,2.11e-17,0.00e+00,yes,ps26119 0.1.0 (git 90fc378),"phase-1 iters 134, bound flips 0, refactorizations 14, Bland episodes 0, Devex resets 1, tolerance tightenings 0; presolve removed 44 rows, 42 cols"
90fc378,Darwin-arm64,Apple M4,10,none,,,2026-09-28T07:52:33,netlib,bore3d,233,315,1429,ps26119,r2hpdhg,1,1e-8,60.0,Optimal,28672,0.082548,1373.0803942084995,1373.080394208493,HiGHS optimum (optima.csv),4.63e-15,PASS,5.29e-09,6.49e-12,2.02e-10,yes,ps26119 0.1.0 (git 90fc378),"presolve removed 44 rows, 42 cols"
90fc378,Darwin-arm64,Apple M4,10,none,,,2026-09-28T07:52:33,netlib,bore3d,233,315,1429,ps26119,r2hpdhg,10,1e-8,60.0,Optimal,28672,0.084514,1373.0803942084995,1373.080394208493,HiGHS optimum (optima.csv),4.63e-15,PASS,5.29e-09,6.49e-12,2.02e-10,yes,ps26119 0.1.0 (git 90fc378),"presolve removed 44 rows, 42 cols"
90fc378,Darwin-arm64,Apple M4,10,none,,,2026-09-28T07:52:33,netlib,bore3d,233,315,1429,highs,simplex,default,HiGHS defaults (1e-7 feasibility),60.0,Optimal,34,0.002008,1373.080394208493,1373.080394208493,HiGHS optimum (optima.csv),0.00e+00,PASS,9.09e-13,1.37e-16,1.66e-16,yes,HiGHS 1.15.1,HiGHS model status kOptimal
90fc378,Darwin-arm64,Apple M4,10,none,,,2026-09-28T07:52:33,netlib,bore3d,233,315,1429,highs,ipm,default,HiGHS defaults (1e-7 feasibility),60.0,Optimal,13,0.002933,1373.080394208493,1373.080394208493,HiGHS optimum (optima.csv),0.00e+00,PASS,9.09e-13,1.37e-16,1.66e-16,yes,HiGHS 1.15.1,HiGHS model status kOptimal
90fc378,Darwin-arm64,Apple M4,10,none,,,2026-09-28T07:52:33,netlib,bore3d,233,315,1429,highs,pdlp,default,1e-8 (pdlp_optimality_tolerance),60.0,Optimal,27920,0.030357,1373.0804572738894,1373.080394208493,HiGHS optimum (optima.csv),4.59e-08,FAIL,4.60e-05,4.93e-08,1.11e-08,no,HiGHS 1.15.1,HiGHS model status kOptimal
90fc378,Darwin-arm64,Apple M4,10,none,,,2026-09-28T07:52:33,netlib,brandy,220,249,2148,ps26119,auto,1,1e-8,60.0,Optimal,346,0.009982,1518.5098964881283,1518.5098964881286,HiGHS optimum (optima.csv),1.50e-16,PASS,3.41e-13,4.69e-15,0.00e+00,yes,ps26119 0.1.0 (git 90fc378),"auto: simplex (rows*nnz = 4.7e+05); phase-1 iters 211, bound flips 5, refactorizations 20, Bland episodes 0, Devex resets 7, tolerance tightenings 0; presolve removed 96 rows, 41 cols"
90fc378,Darwin-arm64,Apple M4,10,none,,,2026-09-28T07:52:33,netlib,brandy,220,249,2148,ps26119,simplex,1,1e-8,60.0,Optimal,346,0.009910,1518.5098964881283,1518.5098964881286,HiGHS optimum (optima.csv),1.50e-16,PASS,3.41e-13,4.69e-15,0.00e+00,yes,ps26119 0.1.0 (git 90fc378),"phase-1 iters 211, bound flips 5, refactorizations 20, Bland episodes 0, Devex resets 7, tolerance tightenings 0; presolve removed 96 rows, 41 cols"
90fc378,Darwin-arm64,Apple M4,10,none,,,2026-09-28T07:52:33,netlib,brandy,220,249,2148,ps26119,r2hpdhg,1,1e-8,60.0,Optimal,66368,0.230422,1518.5098968789532,1518.5098964881286,HiGHS optimum (optima.csv),2.57e-10,PASS,9.89e-07,6.17e-09,1.36e-10,yes,ps26119 0.1.0 (git 90fc378),"presolve removed 96 rows, 41 cols"
90fc378,Darwin-arm64,Apple M4,10,none,,,2026-09-28T07:52:33,netlib,brandy,220,249,2148,ps26119,r2hpdhg,10,1e-8,60.0,Optimal,66368,0.229937,1518.5098968789532,1518.5098964881286,HiGHS optimum (optima.csv),2.57e-10,PASS,9.89e-07,6.17e-09,1.36e-10,yes,ps26119 0.1.0 (git 90fc378),"presolve removed 96 rows, 41 cols"
90fc378,Darwin-arm64,Apple M4,10,none,,,2026-09-28T07:52:33,netlib,brandy,220,249,2148,highs,simplex,default,HiGHS defaults (1e-7 feasibility),60.0,Optimal,203,0.004934,1518.5098964881286,1518.5098964881286,HiGHS optimum (optima.csv),0.00e+00,PASS,4.55e-13,1.50e-15,7.48e-17,yes,HiGHS 1.15.1,HiGHS model status kOptimal
90fc378,Darwin-arm64,Apple M4,10,none,,,2026-09-28T07:52:33,netlib,brandy,220,249,2148,highs,ipm,default,HiGHS defaults (1e-7 feasibility),60.0,Optimal,16,0.009025,1518.5098964881286,1518.5098964881286,HiGHS optimum (optima.csv),0.00e+00,PASS,4.55e-13,1.50e-15,7.48e-17,yes,HiGHS 1.15.1,HiGHS model status kOptimal
90fc378,Darwin-arm64,Apple M4,10,none,,,2026-09-28T07:52:33,netlib,brandy,220,249,2148,highs,pdlp,default,1e-8 (pdlp_optimality_tolerance),60.0,Optimal,40360,0.153758,1518.5098537574322,1518.5098964881286,HiGHS optimum (optima.csv),2.81e-08,FAIL,1.20e-04,1.20e-07,9.47e-09,no,HiGHS 1.15.1,HiGHS model status kOptimal
90fc378,Darwin-arm64,Apple M4,10,none,,,2026-09-28T07:52:33,netlib,capri,271,353,1767,ps26119,auto,1,1e-8,60.0,Optimal,401,0.009185,2690.0129137681597,2690.0129137681593,HiGHS optimum (optima.csv),1.69e-16,PASS,8.84e-14,3.00e-14,8.45e-17,yes,ps26119 0.1.0 (git 90fc378),"auto: simplex (rows*nnz = 4.8e+05); phase-1 iters 312, bound flips 5, refactorizations 13, Bland episodes 0, Devex resets 7, tolerance tightenings 0; presolve removed 16 rows, 32 cols"
90fc378,Darwin-arm64,Apple M4,10,none,,,2026-09-28T07:52:33,netlib,capri,271,353,1767,ps26119,simplex,1,1e-8,60.0,Optimal,401,0.009037,2690.0129137681597,2690.0129137681593,HiGHS optimum (optima.csv),1.69e-16,PASS,8.84e-14,3.00e-14,8.45e-17,yes,ps26119 0.1.0 (git 90fc378),"phase-1 iters 312, bound flips 5, refactorizations 13, Bland episodes 0, Devex resets 7, tolerance tightenings 0; presolve removed 16 rows, 32 cols"
90fc378,Darwin-arm64,Apple M4,10,none,,,2026-09-28T07:52:33,netlib,capri,271,353,1767,ps26119,r2hpdhg,1,1e-8,60.0,Optimal,126848,0.426986,2690.0129361594695,2690.0129137681593,HiGHS optimum (optima.csv),8.32e-09,PASS,9.99e-07,2.11e-10,4.91e-09,yes,ps26119 0.1.0 (git 90fc378),"presolve removed 16 rows, 32 cols"
90fc378,Darwin-arm64,Apple M4,10,none,,,2026-09-28T07:52:33,netlib,capri,271,353,1767,ps26119,r2hpdhg,10,1e-8,60.0,Optimal,126848,0.426397,2690.0129361594695,2690.0129137681593,HiGHS optimum (optima.csv),8.32e-09,PASS,9.99e-07,2.11e-10,4.91e-09,yes,ps26119 0.1.0 (git 90fc378),"presolve removed 16 rows, 32 cols"
90fc378,Darwin-arm64,Apple M4,10,none,,,2026-09-28T07:52:33,netlib,capri,271,353,1767,highs,simplex,default,HiGHS defaults (1e-7 feasibility),60.0,Optimal,150,0.003470,2690.0129137681593,2690.0129137681593,HiGHS optimum (optima.csv),0.00e+00,PASS,2.53e-13,3.49e-14,3.38e-16,yes,HiGHS 1.15.1,HiGHS model status kOptimal
90fc378,Darwin-arm64,Apple M4,10,none,,,2026-09-28T07:52:33,netlib,capri,271,353,1767,highs,ipm,default,HiGHS defaults (1e-7 feasibility),60.0,Optimal,21,0.008762,2690.0129137681597,2690.0129137681593,HiGHS optimum (optima.csv),1.69e-16,PASS,3.87e-13,3.54e-14,8.45e-17,yes,HiGHS 1.15.1,HiGHS model status kOptimal
90fc378,Darwin-arm64,Apple M4,10,none,,,2026-09-28T07:52:33,netlib,capri,271,353,1767,highs,pdlp,default,1e-8 (pdlp_optimality_tolerance),60.0,Optimal,107640,0.415263,2690.0129677564964,2690.0129137681593,HiGHS optimum (optima.csv),2.01e-08,PASS,5.01e-08,5.32e-08,9.32e-09,yes,HiGHS 1.15.1,HiGHS model status kOptimal
90fc378,Darwin-arm64,Apple M4,10,none,,,2026-09-28T07:52:33,netlib,cycle,1903,2857,20720,ps26119,auto,1,1e-8,60.0,Optimal,2079,0.272683,-5.2263930248941017,-5.226393024894103,HiGHS optimum (optima.csv),1.43e-16,PASS,9.09e-13,3.68e-16,7.76e-17,yes,ps26119 0.1.0 (git 90fc378),"auto: simplex (rows*nnz = 3.9e+07); phase-1 iters 0, bound flips 2, refactorizations 52, Bland episodes 0, Devex resets 19, tolerance tightenings 0; presolve removed 147 rows, 107 cols"
90fc378,Darwin-arm64,Apple M4,10,none,,,2026-09-28T07:52:33,netlib,cycle,1903,2857,20720,ps26119,simplex,1,1e-8,60.0,Optimal,2079,0.274969,-5.2263930248941017,-5.226393024894103,HiGHS optimum (optima.csv),1.43e-16,PASS,9.09e-13,3.68e-16,7.76e-17,yes,ps26119 0.1.0 (git 90fc378),"phase-1 iters 0, bound flips 2, refactorizations 52, Bland episodes 0, Devex resets 19, tolerance tightenings 0; presolve removed 147 rows, 107 cols"
90fc378,Darwin-arm64,Apple M4,10,none,,,2026-09-28T07:52:33,netlib,cycle,1903,2857,20720,ps26119,r2hpdhg,1,1e-8,60.0,Optimal,75008,3.025946,-5.2263930260083793,-5.226393024894103,HiGHS optimum (optima.csv),1.79e-10,PASS,2.58e-09,1.03e-13,9.42e-11,yes,ps26119 0.1.0 (git 90fc378),"presolve removed 147 rows, 107 cols"
90fc378,Darwin-arm64,Apple M4,10,none,,,2026-09-28T07:52:33,netlib,cycle,1903,2857,20720,ps26119,r2hpdhg,10,1e-8,60.0,Optimal,75008,3.005025,-5.2263930260083793,-5.226393024894103,HiGHS optimum (optima.csv),1.79e-10,PASS,2.58e-09,1.03e-13,9.42e-11,yes,ps26119 0.1.0 (git 90fc378),"presolve removed 147 rows, 107 cols"
90fc378,Darwin-arm64,Apple M4,10,none,,,2026-09-28T07:52:33,netlib,cycle,1903,2857,20720,highs,simplex,default,HiGHS defaults (1e-7 feasibility),60.0,Optimal,3126,0.173814,-5.226393024894103,-5.226393024894103,HiGHS optimum (optima.csv),0.00e+00,PASS,3.64e-12,1.47e-16,0.00e+00,yes,HiGHS 1.15.1,HiGHS model status kOptimal
90fc378,Darwin-arm64,Apple M4,10,none,,,2026-09-28T07:52:33,netlib,cycle,1903,2857,20720,highs,ipm,default,HiGHS defaults (1e-7 feasibility),60.0,Optimal,35,0.141705,-5.226393024894102,-5.226393024894103,HiGHS optimum (optima.csv),1.43e-16,PASS,3.64e-12,2.15e-08,0.00e+00,yes,HiGHS 1.15.1,HiGHS model status kOptimal
90fc378,Darwin-arm64,Apple M4,10,none,,,2026-09-28T07:52:33,netlib,cycle,1903,2857,20720,highs,pdlp,default,1e-8 (pdlp_optimality_tolerance),60.0,Optimal,20040,0.743777,-5.226393300655535,-5.226393024894103,HiGHS optimum (optima.csv),4.43e-08,PASS,3.87e-07,2.51e-09,2.27e-09,yes,HiGHS 1.15.1,HiGHS model status kOptimal
90fc378,Darwin-arm64,Apple M4,10,none,,,2026-09-28T07:52:33,netlib,czprob,929,3523,10669,ps26119,auto,1,1e-8,60.0,Optimal,1551,0.086453,2185196.6988565777,2185196.698856578,HiGHS optimum (optima.csv),2.13e-16,PASS,3.06e-13,9.22e-17,0.00e+00,yes,ps26119 0.1.0 (git 90fc378),"auto: simplex (rows*nnz = 9.9e+06); phase-1 iters 923, bound flips 0, refactorizations 17, Bland episodes 0, Devex resets 3, tolerance tightenings 0; presolve removed 192 rows, 419 cols"
90fc378,Darwin-arm64,Apple M4,10,none,,,2026-09-28T07:52:33,netlib,czprob,929,3523,10669,ps26119,simplex,1,1e-8,60.0,Optimal,1551,0.084201,2185196.6988565777,2185196.698856578,HiGHS optimum (optima.csv),2.13e-16,PASS,3.06e-13,9.22e-17,0.00e+00,yes,ps26119 0.1.0 (git 90fc378),"phase-1 iters 923, bound flips 0, refactorizations 17, Bland episodes 0, Devex resets 3, tolerance tightenings 0; presolve removed 192 rows, 419 cols"
90fc378,Darwin-arm64,Apple M4,10,none,,,2026-09-28T07:52:33,netlib,czprob,929,3523,10669,ps26119,r2hpdhg,1,1e-8,60.0,Optimal,26560,0.705482,2185196.6956334985,2185196.698856578,HiGHS optimum (optima.csv),1.47e-09,PASS,9.76e-08,9.82e-08,3.13e-09,yes,ps26119 0.1.0 (git 90fc378),"presolve removed 192 rows, 419 cols"
90fc378,Darwin-arm64,Apple M4,10,none,,,2026-09-28T07:52:33,netlib,czprob,929,3523,10669,ps26119,r2hpdhg,10,1e-8,60.0,Optimal,26560,0.707694,2185196.6956334985,2185196.698856578,HiGHS optimum (optima.csv),1.47e-09,PASS,9.76e-08,9.82e-08,3.13e-09,yes,ps26119 0.1.0 (git 90fc378),"presolve removed 192 rows, 419 cols"
90fc378,Darwin-arm64,Apple M4,10,none,,,2026-09-28T07:52:33,netlib,czprob,929,3523,10669,highs,simplex,default,HiGHS defaults (1e-7 feasibility),60.0,Optimal,706,0.026965,2185196.698856578,2185196.698856578,HiGHS optimum (optima.csv),0.00e+00,PASS,4.55e-13,1.84e-16,0.00e+00,yes,HiGHS 1.15.1,HiGHS model status kOptimal
90fc378,Darwin-arm64,Apple M4,10,none,,,2026-09-28T07:52:33,netlib,czprob,929,3523,10669,highs,ipm,default,HiGHS defaults (1e-7 feasibility),60.0,Optimal,33,0.039504,2185196.698856578,2185196.698856578,HiGHS optimum (optima.csv),0.00e+00,PASS,9.09e-13,1.84e-16,0.00e+00,yes,HiGHS 1.15.1,HiGHS model status kOptimal
90fc378,Darwin-arm64,Apple M4,10,none,,,2026-09-28T07:52:33,netlib,czprob,929,3523,10669,highs,pdlp,default,1e-8 (pdlp_optimality_tolerance),60.0,Optimal,98400,2.826598,2185196.7412095973,2185196.698856578,HiGHS optimum (optima.csv),1.94e-08,FAIL,4.14e-06,9.33e-09,9.51e-09,no,HiGHS 1.15.1,HiGHS model status kOptimal
90fc378,Darwin-arm64,Apple M4,10,none,,,2026-09-28T07:52:33,netlib,d2q06c,2171,5167,32417,ps26119,auto,1,1e-8,60.0,Optimal,23200,8.195534,122784.21081418941,122784.21081418936,HiGHS optimum (optima.csv),4.74e-16,PASS,1.62e-10,1.70e-15,6.52e-16,yes,ps26119 0.1.0 (git 90fc378),"auto: simplex (rows*nnz = 7e+07); phase-1 iters 3246, bound flips 59, refactorizations 851, Bland episodes 0, Devex resets 677, tolerance tightenings 1; presolve removed 73 rows, 10 cols"
90fc378,Darwin-arm64,Apple M4,10,none,,,2026-09-28T07:52:33,netlib,d2q06c,2171,5167,32417,ps26119,simplex,1,1e-8,60.0,Optimal,23200,8.200016,122784.21081418941,122784.21081418936,HiGHS optimum (optima.csv),4.74e-16,PASS,1.62e-10,1.70e-15,6.52e-16,yes,ps26119 0.1.0 (git 90fc378),"phase-1 iters 3246, bound flips 59, refactorizations 851, Bland episodes 0, Devex resets 677, tolerance tightenings 1; presolve removed 73 rows, 10 cols"
90fc378,Darwin-arm64,Apple M4,10,none,,,2026-09-28T07:52:33,netlib,d2q06c,2171,5167,32417,ps26119,r2hpdhg,1,1e-8,60.0,TimeLimit,859529,60.015982,122784.35048451231,122784.21081418936,HiGHS optimum (optima.csv),1.14e-06,FAIL,1.69e+00,4.94e-07,9.97e-07,no,ps26119 0.1.0 (git 90fc378),"presolve removed 73 rows, 10 cols"
90fc378,Darwin-arm64,Apple M4,10,none,,,2026-09-28T07:52:33,netlib,d2q06c,2171,5167,32417,ps26119,r2hpdhg,10,1e-8,60.0,TimeLimit,858839,60.016070,122784.35476762321,122784.21081418936,HiGHS optimum (optima.csv),1.17e-06,FAIL,1.65e+00,5.01e-07,1.01e-06,no,ps26119 0.1.0 (git 90fc378),"presolve removed 73 rows, 10 cols"
90fc378,Darwin-arm64,Apple M4,10,none,,,2026-09-28T07:52:33,netlib,d2q06c,2171,5167,32417,highs,simplex,default,HiGHS defaults (1e-7 feasibility),60.0,Optimal,5295,0.660078,122784.21081418936,122784.21081418936,HiGHS optimum (optima.csv),0.00e+00,PASS,7.64e-11,7.39e-13,1.19e-16,yes,HiGHS 1.15.1,HiGHS model status kOptimal
90fc378,Darwin-arm64,Apple M4,10,none,,,2026-09-28T07:52:33,netlib,d2q06c,2171,5167,32417,highs,ipm,default,HiGHS defaults (1e-7 feasibility),60.0,Optimal,33,0.396453,122784.21081418969,122784.21081418936,HiGHS optimum (optima.csv),2.73e-15,PASS,2.67e-08,2.33e-15,1.01e-14,yes,HiGHS 1.15.1,HiGHS model status kOptimal
90fc378,Darwin-arm64,Apple M4,10,none,,,2026-09-28T07:52:33,netlib,d2q06c,2171,5167,32417,highs,pdlp,default,1e-8 (pdlp_optimality_tolerance),60.0,TimeLimit,675491,60.173734,0.0,122784.21081418936,HiGHS optimum (optima.csv),1.00e+00,FAIL,nan,nan,nan,no,HiGHS 1.15.1,HiGHS model status kTimeLimit
90fc378,Darwin-arm64,Apple M4,10,none,,,2026-09-28T07:52:33,netlib,d6cube,415,6184,37704,ps26119,auto,1,1e-8,60.0,Optimal,222456,39.495323,315.49166666666645,315.4916666666668,HiGHS optimum (optima.csv),1.08e-15,PASS,1.18e-12,2.58e-14,8.99e-17,yes,ps26119 0.1.0 (git 90fc378),"auto: simplex (rows*nnz = 1.6e+07); phase-1 iters 638, bound flips 0, refactorizations 7153, Bland episodes 0, Devex resets 307, tolerance tightenings 0; presolve removed 12 rows, 1 cols"
90fc378,Darwin-arm64,Apple M4,10,none,,,2026-09-28T07:52:33,netlib,d6cube,415,6184,37704,ps26119,simplex,1,1e-8,60.0,Optimal,222456,39.471272,315.49166666666645,315.4916666666668,HiGHS optimum (optima.csv),1.08e-15,PASS,1.18e-12,2.58e-14,8.99e-17,yes,ps26119 0.1.0 (git 90fc378),"phase-1 iters 638, bound flips 0, refactorizations 7153, Bland episodes 0, Devex resets 307, tolerance tightenings 0; presolve removed 12 rows, 1 cols"
90fc378,Darwin-arm64,Apple M4,10,none,,,2026-09-28T07:52:33,netlib,d6cube,415,6184,37704,ps26119,r2hpdhg,1,1e-8,60.0,Optimal,14208,1.433677,315.4916657914556,315.4916666666668,HiGHS optimum (optima.csv),2.77e-09,PASS,7.75e-07,1.60e-07,4.22e-11,yes,ps26119 0.1.0 (git 90fc378),"presolve removed 12 rows, 1 cols"
90fc378,Darwin-arm64,Apple M4,10,none,,,2026-09-28T07:52:33,netlib,d6cube,415,6184,37704,ps26119,r2hpdhg,10,1e-8,60.0,Optimal,14208,1.429439,315.4916657914556,315.4916666666668,HiGHS optimum (optima.csv),2.77e-09,PASS,7.75e-07,1.60e-07,4.22e-11,yes,ps26119 0.1.0 (git 90fc378),"presolve removed 12 rows, 1 cols"
90fc378,Darwin-arm64,Apple M4,10,none,,,2026-09-28T07:52:33,netlib,d6cube,415,6184,37704,highs,simplex,default,HiGHS defaults (1e-7 feasibility),60.0,Optimal,437,0.112959,315.4916666666668,315.4916666666668,HiGHS optimum (optima.csv),0.00e+00,PASS,2.64e-12,5.66e-15,8.99e-17,yes,HiGHS 1.15.1,HiGHS model status kOptimal
90fc378,Darwin-arm64,Apple M4,10,none,,,2026-09-28T07:52:33,netlib,d6cube,415,6184,37704,highs,ipm,default,HiGHS defaults (1e-7 feasibility),60.0,Optimal,30,0.259321,315.4916666666668,315.4916666666668,HiGHS optimum (optima.csv),0.00e+00,PASS,6.16e-13,1.38e-14,1.80e-16,yes,HiGHS 1.15.1,HiGHS model status kOptimal
90fc378,Darwin-arm64,Apple M4,10,none,,,2026-09-28T07:52:33,netlib,d6cube,415,6184,37704,highs,pdlp,default,1e-8 (pdlp_optimality_tolerance),60.0,Optimal,14640,1.445536,315.4916622162331,315.4916666666668,HiGHS optimum (optima.csv),1.41e-08,FAIL,2.01e-06,5.43e-07,6.19e-09,no,HiGHS 1.15.1,HiGHS model status kOptimal
90fc378,Darwin-arm64,Apple M4,10,none,,,2026-09-28T07:52:33,netlib,degen2,444,534,3978,ps26119,auto,1,1e-8,60.0,Optimal,1160,0.070662,-1435.1780000000003,-1435.178,HiGHS optimum (optima.csv),1.58e-16,PASS,6.38e-16,9.14e-17,7.92e-17,yes,ps26119 0.1.0 (git 90fc378),"auto: simplex (rows*nnz = 1.8e+06); phase-1 iters 718, bound flips 0, refactorizations 41, Bland episodes 0, Devex resets 2, tolerance tightenings 0"
90fc378,Darwin-arm64,Apple M4,10,none,,,2026-09-28T07:52:33,netlib,degen2,444,534,3978,ps26119,simplex,1,1e-8,60.0,Optimal,1160,0.071529,-1435.1780000000003,-1435.178,HiGHS optimum (optima.csv),1.58e-16,PASS,6.38e-16,9.14e-17,7.92e-17,yes,ps26119 0.1.0 (git 90fc378),"phase-1 iters 718, bound flips 0, refactorizations 41, Bland episodes 0, Devex resets 2, tolerance tightenings 0"
90fc378,Darwin-arm64,Apple M4,10,none,,,2026-09-28T07:52:33,netlib,degen2,444,534,3978,ps26119,r2hpdhg,1,1e-8,60.0,Optimal,4160,0.035195,-1435.1780017447886,-1435.178,HiGHS optimum (optima.csv),1.21e-09,PASS,1.71e-07,2.12e-09,5.89e-10,yes,ps26119 0.1.0 (git 90fc378),
90fc378,Darwin-arm64,Apple M4,10,none,,,2026-09-28T07:52:33,netlib,degen2,444,534,3978,ps26119,r2hpdhg,10,1e-8,60.0,Optimal,4160,0.035211,-1435.1780017447886,-1435.178,HiGHS optimum (optima.csv),1.21e-09,PASS,1.71e-07,2.12e-09,5.89e-10,yes,ps26119 0.1.0 (git 90fc378),
90fc378,Darwin-arm64,Apple M4,10,none,,,2026-09-28T07:52:33,netlib,degen2,444,534,3978,highs,simplex,default,HiGHS defaults (1e-7 feasibility),60.0,Optimal,458,0.013644,-1435.178,-1435.178,HiGHS optimum (optima.csv),0.00e+00,PASS,5.55e-16,1.46e-16,7.92e-17,yes,HiGHS 1.15.1,HiGHS model status kOptimal
90fc378,Darwin-arm64,Apple M4,10,none,,,2026-09-28T07:52:33,netlib,degen2,444,534,3978,highs,ipm,default,HiGHS defaults (1e-7 feasibility),60.0,Optimal,15,0.022995,-1435.178,-1435.178,HiGHS optimum (optima.csv),0.00e+00,PASS,2.22e-16,1.65e-16,7.92e-17,yes,HiGHS 1.15.1,HiGHS model status kOptimal
90fc378,Darwin-arm64,Apple M4,10,none,,,2026-09-28T07:52:33,netlib,degen2,444,534,3978,highs,pdlp,default,1e-8 (pdlp_optimality_tolerance),60.0,Optimal,4280,0.048190,-1435.1780164080856,-1435.178,HiGHS optimum (optima.csv),1.14e-08,PASS,7.09e-07,1.73e-09,5.69e-09,yes,HiGHS 1.15.1,HiGHS model status kOptimal
90fc378,Darwin-arm64,Apple M4,10,none,,,2026-09-28T07:52:33,netlib,degen3,1503,1818,24646,ps26119,auto,1,1e-8,60.0,Optimal,5500,1.204851,-987.2940000000001,-987.2940000000002,HiGHS optimum (optima.csv),1.15e-16,PASS,4.44e-15,3.16e-16,5.75e-17,yes,ps26119 0.1.0 (git 90fc378),"auto: simplex (rows*nnz = 3.7e+07); phase-1 iters 3760, bound flips 0, refactorizations 107, Bland episodes 0, Devex resets 8, tolerance tightenings 0"
90fc378,Darwin-arm64,Apple M4,10,none,,,2026-09-28T07:52:33,netlib,degen3,1503,1818,24646,ps26119,simplex,1,1e-8,60.0,Optimal,5500,1.204593,-987.2940000000001,-987.2940000000002,HiGHS optimum (optima.csv),1.15e-16,PASS,4.44e-15,3.16e-16,5.75e-17,yes,ps26119 0.1.0 (git 90fc378),"phase-1 iters 3760, bound flips 0, refactorizations 107, Bland episodes 0, Devex resets 8, tolerance tightenings 0"
90fc378,Darwin-arm64,Apple M4,10,none,,,2026-09-28T07:52:33,netlib,degen3,1503,1818,24646,ps26119,r2hpdhg,1,1e-8,60.0,Optimal,20928,1.037506,-987.29400221754122,-987.2940000000002,HiGHS optimum (optima.csv),2.24e-09,PASS,3.81e-07,2.15e-09,1.14e-09,yes,ps26119 0.1.0 (git 90fc378),
90fc378,Darwin-arm64,Apple M4,10,none,,,2026-09-28T07:52:33,netlib,degen3,1503,1818,24646,ps26119,r2hpdhg,10,1e-8,60.0,Optimal,20928,1.038137,-987.29400221754122,-987.2940000000002,HiGHS optimum (optima.csv),2.24e-09,PASS,3.81e-07,2.15e-09,1.14e-09,yes,ps26119 0.1.0 (git 90fc378),
90fc378,Darwin-arm64,Apple M4,10,none,,,2026-09-28T07:52:33,netlib,degen3,1503,1818,24646,highs,simplex,default,HiGHS defaults (1e-7 feasibility),60.0,Optimal,2159,0.159856,-987.2940000000002,-987.2940000000002,HiGHS optimum (optima.csv),0.00e+00,PASS,2.44e-15,2.94e-16,5.75e-17,yes,HiGHS 1.15.1,HiGHS model status kOptimal
90fc378,Darwin-arm64,Apple M4,10,none,,,2026-09-28T07:52:33,netlib,degen3,1503,1818,24646,highs,ipm,default,HiGHS defaults (1e-7 feasibility),60.0,Optimal,19,0.157056,-987.2940000000004,-987.2940000000002,HiGHS optimum (optima.csv),2.30e-16,PASS,5.33e-15,3.16e-16,1.15e-16,yes,HiGHS 1.15.1,HiGHS model status kOptimal
90fc378,Darwin-arm64,Apple M4,10,none,,,2026-09-28T07:52:33,netlib,degen3,1503,1818,24646,highs,pdlp,default,1e-8 (pdlp_optimality_tolerance),60.0,Optimal,24840,1.289823,-987.2940188540907,-987.2940000000002,HiGHS optimum (optima.csv),1.91e-08,FAIL,3.70e-06,5.85e-08,9.38e-09,no,HiGHS 1.15.1,HiGHS model status kOptimal
90fc378,Darwin-arm64,Apple M4,10,none,,,2026-09-28T07:52:33,netlib,dfl001,6071,12230,35632,ps26119,auto,1,1e-8,60.0,Optimal,31680,3.750024,11266395.90536976,11266396.046671377,HiGHS optimum (optima.csv),1.25e-08,PASS,7.63e-07,8.46e-11,6.70e-09,yes,ps26119 0.1.0 (git 90fc378),auto: r2hpdhg (rows*nnz = 2.2e+08)
90fc378,Darwin-arm64,Apple M4,10,none,,,2026-09-28T07:52:33,netlib,dfl001,6071,12230,35632,ps26119,simplex,1,1e-8,60.0,TimeLimit,59648,60.039108,nan,11266396.046671377,HiGHS optimum (optima.csv),nan,FAIL,nan,nan,nan,no,ps26119 0.1.0 (git 90fc378),"time limit; phase-1 iters 22897, bound flips 0, refactorizations 2533, Bland episodes 0, Devex resets 75, tolerance tightenings 0"
90fc378,Darwin-arm64,Apple M4,10,none,,,2026-09-28T07:52:33,netlib,dfl001,6071,12230,35632,ps26119,r2hpdhg,1,1e-8,60.0,Optimal,31680,3.712116,11266395.90536976,11266396.046671377,HiGHS optimum (optima.csv),1.25e-08,PASS,7.63e-07,8.46e-11,6.70e-09,yes,ps26119 0.1.0 (git 90fc378),
90fc378,Darwin-arm64,Apple M4,10,none,,,2026-09-28T07:52:33,netlib,dfl001,6071,12230,35632,ps26119,r2hpdhg,10,1e-8,60.0,Optimal,31680,5.406135,11266395.90536976,11266396.046671377,HiGHS optimum (optima.csv),1.25e-08,PASS,7.63e-07,8.46e-11,6.70e-09,yes,ps26119 0.1.0 (git 90fc378),
90fc378,Darwin-arm64,Apple M4,10,none,,,2026-09-28T07:52:33,netlib,dfl001,6071,12230,35632,highs,simplex,default,HiGHS defaults (1e-7 feasibility),60.0,Optimal,17722,4.821703,11266396.046671377,11266396.046671377,HiGHS optimum (optima.csv),0.00e+00,PASS,6.50e-11,2.07e-17,1.65e-16,yes,HiGHS 1.15.1,HiGHS model status kOptimal
90fc378,Darwin-arm64,Apple M4,10,none,,,2026-09-28T07:52:33,netlib,dfl001,6071,12230,35632,highs,ipm,default,HiGHS defaults (1e-7 feasibility),60.0,Optimal,45,1.400962,11266396.046671279,11266396.046671377,HiGHS optimum (optima.csv),8.76e-15,PASS,3.83e-13,1.85e-15,4.30e-15,yes,HiGHS 1.15.1,HiGHS model status kOptimal
90fc378,Darwin-arm64,Apple M4,10,none,,,2026-09-28T07:52:33,netlib,dfl001,6071,12230,35632,highs,pdlp,default,1e-8 (pdlp_optimality_tolerance),60.0,Optimal,82920,11.588790,11266396.436612114,11266396.046671377,HiGHS optimum (optima.csv),3.46e-08,FAIL,2.30e-05,9.89e-11,7.05e-09,no,HiGHS 1.15.1,HiGHS model status kOptimal
90fc378,Darwin-arm64,Apple M4,10,none,,,2026-09-28T07:52:33,netlib,e226,223,282,2578,ps26119,auto,1,1e-8,60.0,Optimal,348,0.010501,-11.638929066370528,-11.638929066370526,HiGHS optimum (optima.csv),1.41e-16,PASS,1.78e-14,1.06e-16,9.23e-17,yes,ps26119 0.1.0 (git 90fc378),"auto: simplex (rows*nnz = 5.7e+05); phase-1 iters 67, bound flips 10, refactorizations 16, Bland episodes 0, Devex resets 7, tolerance tightenings 0; presolve removed 55 rows, 11 cols"
90fc378,Darwin-arm64,Apple M4,10,none,,,2026-09-28T07:52:33,netlib,e226,223,282,2578,ps26119,simplex,1,1e-8,60.0,Optimal,348,0.010440,-11.638929066370528,-11.638929066370526,HiGHS optimum (optima.csv),1.41e-16,PASS,1.78e-14,1.06e-16,9.23e-17,yes,ps26119 0.1.0 (git 90fc378),"phase-1 iters 67, bound flips 10, refactorizations 16, Bland episodes 0, Devex resets 7, tolerance tightenings 0; presolve removed 55 rows, 11 cols"
90fc378,Darwin-arm64,Apple M4,10,none,,,2026-09-28T07:52:33,netlib,e226,223,282,2578,ps26119,r2hpdhg,1,1e-8,60.0,Optimal,14080,0.066577,-11.63892899806476,-11.638929066370526,HiGHS optimum (optima.csv),5.40e-09,PASS,1.09e-08,4.70e-10,1.13e-09,yes,ps26119 0.1.0 (git 90fc378),"presolve removed 55 rows, 11 cols"
90fc378,Darwin-arm64,Apple M4,10,none,,,2026-09-28T07:52:33,netlib,e226,223,282,2578,ps26119,r2hpdhg,10,1e-8,60.0,Optimal,14080,0.067233,-11.63892899806476,-11.638929066370526,HiGHS optimum (optima.csv),5.40e-09,PASS,1.09e-08,4.70e-10,1.13e-09,yes,ps26119 0.1.0 (git 90fc378),"presolve removed 55 rows, 11 cols"
90fc378,Darwin-arm64,Apple M4,10,none,,,2026-09-28T07:52:33,netlib,e226,223,282,2578,highs,simplex,default,HiGHS defaults (1e-7 feasibility),60.0,Optimal,335,0.007088,-11.638929066370526,-11.638929066370526,HiGHS optimum (optima.csv),0.00e+00,PASS,2.05e-14,5.90e-17,0.00e+00,yes,HiGHS 1.15.1,HiGHS model status kOptimal
90fc378,Darwin-arm64,Apple M4,10,none,,,2026-09-28T07:52:33,netlib,e226,223,282,2578,highs,ipm,default,HiGHS defaults (1e-7 feasibility),60.0,Optimal,22,0.013170,-11.638929066370526,-11.638929066370526,HiGHS optimum (optima.csv),0.00e+00,PASS,2.05e-14,5.90e-17,0.00e+00,yes,HiGHS 1.15.1,HiGHS model status kOptimal
90fc378,Darwin-arm64,Apple M4,10,none,,,2026-09-28T07:52:33,netlib,e226,223,282,2578,highs,pdlp,default,1e-8 (pdlp_optimality_tolerance),60.0,Optimal,26080,0.143891,-11.638927391040264,-11.638929066370526,HiGHS optimum (optima.csv),1.33e-07,FAIL,3.12e-06,3.59e-08,5.38e-09,no,HiGHS 1.15.1,HiGHS model status kOptimal
90fc378,Darwin-arm64,Apple M4,10,none,,,2026-09-28T07:52:33,netlib,etamacro,400,688,2409,ps26119,auto,1,1e-8,60.0,Optimal,617,0.030282,-755.71523333879634,-755.7152333005275,HiGHS optimum (optima.csv),5.06e-11,PASS,1.78e-13,8.50e-12,5.40e-11,yes,ps26119 0.1.0 (git 90fc378),"auto: simplex (rows*nnz = 9.6e+05); phase-1 iters 364, bound flips 0, refactorizations 30, Bland episodes 0, Devex resets 1, tolerance tightenings 3; presolve removed 65 rows, 146 cols"
90fc378,Darwin-arm64,Apple M4,10,none,,,2026-09-28T07:52:33,netlib,etamacro,400,688,2409,ps26119,simplex,1,1e-8,60.0,Optimal,617,0.028837,-755.71523333879634,-755.7152333005275,HiGHS optimum (optima.csv),5.06e-11,PASS,1.78e-13,8.50e-12,5.40e-11,yes,ps26119 0.1.0 (git 90fc378),"phase-1 iters 364, bound flips 0, refactorizations 30, Bland episodes 0, Devex resets 1, tolerance tightenings 3; presolve removed 65 rows, 146 cols"
90fc378,Darwin-arm64,Apple M4,10,none,,,2026-09-28T07:52:33,netlib,etamacro,400,688,2409,ps26119,r2hpdhg,1,1e-8,60.0,Optimal,13632,0.056896,-755.71523457581895,-755.7152333005275,HiGHS optimum (optima.csv),1.69e-09,PASS,4.75e-07,6.55e-09,2.08e-09,yes,ps26119 0.1.0 (git 90fc378),"presolve removed 65 rows, 146 cols"
90fc378,Darwin-arm64,Apple M4,10,none,,,2026-09-28T07:52:33,netlib,etamacro,400,688,2409,ps26119,r2hpdhg,10,1e-8,60.0,Optimal,13632,0.057264,-755.71523457581895,-755.7152333005275,HiGHS optimum (optima.csv),1.69e-09,PASS,4.75e-07,6.55e-09,2.08e-09,yes,ps26119 0.1.0 (git 90fc378),"presolve removed 65 rows, 146 cols"
90fc378,Darwin-arm64,Apple M4,10,none,,,2026-09-28T07:52:33,netlib,etamacro,400,688,2409,highs,simplex,default,HiGHS defaults (1e-7 feasibility),60.0,Optimal,419,0.008916,-755.7152333005275,-755.7152333005275,HiGHS optimum (optima.csv),0.00e+00,PASS,1.67e-13,8.50e-12,2.18e-11,yes,HiGHS 1.15.1,HiGHS model status kOptimal
90fc378,Darwin-arm64,Apple M4,10,none,,,2026-09-28T07:52:33,netlib,etamacro,400,688,2409,highs,ipm,default,HiGHS defaults (1e-7 feasibility),60.0,Optimal,30,0.022258,-755.7152333749132,-755.7152333005275,HiGHS optimum (optima.csv),9.83e-11,PASS,1.60e-13,1.14e-18,7.52e-17,yes,HiGHS 1.15.1,HiGHS model status kOptimal
90fc378,Darwin-arm64,Apple M4,10,none,,,2026-09-28T07:52:33,netlib,etamacro,400,688,2409,highs,pdlp,default,1e-8 (pdlp_optimality_tolerance),60.0,Optimal,25720,0.186247,-755.7152232202841,-755.7152333005275,HiGHS optimum (optima.csv),1.33e-08,PASS,8.40e-07,1.92e-08,7.22e-09,yes,HiGHS 1.15.1,HiGHS model status kOptimal
90fc378,Darwin-arm64,Apple M4,10,none,,,2026-09-28T07:52:33,netlib,fffff800,524,854,6227,ps26119,auto,1,1e-8,60.0,Optimal,825,0.038705,555679.56481749623,555679.5648174965,HiGHS optimum (optima.csv),4.19e-16,PASS,1.46e-11,2.84e-14,1.05e-16,yes,ps26119 0.1.0 (git 90fc378),"auto: simplex (rows*nnz = 3.3e+06); phase-1 iters 618, bound flips 0, refactorizations 23, Bland episodes 0, Devex resets 5, tolerance tightenings 0; presolve removed 48 rows, 37 cols"
90fc378,Darwin-arm64,Apple M4,10,none,,,2026-09-28T07:52:33,netlib,fffff800,524,854,6227,ps26119,simplex,1,1e-8,60.0,Optimal,825,0.038935,555679.56481749623,555679.5648174965,HiGHS optimum (optima.csv),4.19e-16,PASS,1.46e-11,2.84e-14,1.05e-16,yes,ps26119 0.1.0 (git 90fc378),"phase-1 iters 618, bound flips 0, refactorizations 23, Bland episodes 0, Devex resets 5, tolerance tightenings 0; presolve removed 48 rows, 37 cols"
90fc378,Darwin-arm64,Apple M4,10,none,,,2026-09-28T07:52:33,netlib,fffff800,524,854,6227,ps26119,r2hpdhg,1,1e-8,60.0,Optimal,70080,0.927597,555679.56480170647,555679.5648174965,HiGHS optimum (optima.csv),2.84e-11,PASS,3.89e-08,1.44e-08,5.50e-10,yes,ps26119 0.1.0 (git 90fc378),"presolve removed 48 rows, 37 cols"
90fc378,Darwin-arm64,Apple M4,10,none,,,2026-09-28T07:52:33,netlib,fffff800,524,854,6227,ps26119,r2hpdhg,10,1e-8,60.0,Optimal,70080,0.922247,555679.56480170647,555679.5648174965,HiGHS optimum (optima.csv),2.84e-11,PASS,3.89e-08,1.44e-08,5.50e-10,yes,ps26119 0.1.0 (git 90fc378),"presolve removed 48 rows, 37 cols"
90fc378,Darwin-arm64,Apple M4,10,none,,,2026-09-28T07:52:33,netlib,fffff800,524,854,6227,highs,simplex,default,HiGHS defaults (1e-7 feasibility),60.0,Optimal,411,0.009971,555679.5648174965,555679.5648174965,HiGHS optimum (optima.csv),0.00e+00,PASS,2.18e-11,6.71e-14,2.10e-16,yes,HiGHS 1.15.1,HiGHS model status kOptimal
90fc378,Darwin-arm64,Apple M4,10,none,,,2026-09-28T07:52:33,netlib,fffff800,524,854,6227,highs,ipm,default,HiGHS defaults (1e-7 feasibility),60.0,Optimal,32,0.028272,555679.5648174963,555679.5648174965,HiGHS optimum (optima.csv),2.10e-16,PASS,2.91e-11,9.95e-14,3.14e-16,yes,HiGHS 1.15.1,HiGHS model status kOptimal
90fc378,Darwin-arm64,Apple M4,10,none,,,2026-09-28T07:52:33,netlib,fffff800,524,854,6227,highs,pdlp,default,1e-8 (pdlp_optimality_tolerance),60.0,Optimal,58440,0.766214,555679.5749242068,555679.5648174965,HiGHS optimum (optima.csv),1.82e-08,FAIL,1.86e-04,9.19e-07,9.57e-09,no,HiGHS 1.15.1,HiGHS model status kOptimal
90fc378,Darwin-arm64,Apple M4,10,none,,,2026-09-28T07:52:33,netlib,finnis,497,614,2310,ps26119,auto,1,1e-8,60.0,Optimal,495,0.013182,172791.06559561164,172791.0655956116,HiGHS optimum (optima.csv),1.68e-16,PASS,2.27e-13,3.53e-18,3.37e-16,yes,ps26119 0.1.0 (git 90fc378),"auto: simplex (rows*nnz = 1.1e+06); phase-1 iters 240, bound flips 13, refactorizations 12, Bland episodes 0, Devex resets 2, tolerance tightenings 0; presolve removed 64 rows, 65 cols"
90fc378,Darwin-arm64,Apple M4,10,none,,,2026-09-28T07:52:33,netlib,finnis,497,614,2310,ps26119,simplex,1,1e-8,60.0,Optimal,495,0.013334,172791.06559561164,172791.0655956116,HiGHS optimum (optima.csv),1.68e-16,PASS,2.27e-13,3.53e-18,3.37e-16,yes,ps26119 0.1.0 (git 90fc378),"phase-1 iters 240, bound flips 13, refactorizations 12, Bland episodes 0, Devex resets 2, tolerance tightenings 0; presolve removed 64 rows, 65 cols"
90fc378,Darwin-arm64,Apple M4,10,none,,,2026-09-28T07:52:33,netlib,finnis,497,614,2310,ps26119,r2hpdhg,1,1e-8,60.0,Optimal,15872,0.075447,172791.06558704632,172791.0655956116,HiGHS optimum (optima.csv),4.96e-11,PASS,2.48e-07,1.70e-13,2.50e-11,yes,ps26119 0.1.0 (git 90fc378),"presolve removed 64 rows, 65 cols; reduced model re-solved to 1e-10 to pass on the original"
90fc378,Darwin-arm64,Apple M4,10,none,,,2026-09-28T07:52:33,netlib,finnis,497,614,2310,ps26119,r2hpdhg,10,1e-8,60.0,Optimal,15872,0.076320,172791.06558704632,172791.0655956116,HiGHS optimum (optima.csv),4.96e-11,PASS,2.48e-07,1.70e-13,2.50e-11,yes,ps26119 0.1.0 (git 90fc378),"presolve removed 64 rows, 65 cols; reduced model re-solved to 1e-10 to pass on the original"
90fc378,Darwin-arm64,Apple M4,10,none,,,2026-09-28T07:52:33,netlib,finnis,497,614,2310,highs,simplex,default,HiGHS defaults (1e-7 feasibility),60.0,Optimal,246,0.004689,172791.0655956116,172791.0655956116,HiGHS optimum (optima.csv),0.00e+00,PASS,2.91e-13,3.53e-18,2.53e-16,yes,HiGHS 1.15.1,HiGHS model status kOptimal
90fc378,Darwin-arm64,Apple M4,10,none,,,2026-09-28T07:52:33,netlib,finnis,497,614,2310,highs,ipm,default,HiGHS defaults (1e-7 feasibility),60.0,Optimal,26,0.014144,172791.06559561155,172791.0655956116,HiGHS optimum (optima.csv),3.37e-16,PASS,5.84e-13,5.29e-17,8.42e-17,yes,HiGHS 1.15.1,HiGHS model status kOptimal
90fc378,Darwin-arm64,Apple M4,10,none,,,2026-09-28T07:52:33,netlib,finnis,497,614,2310,highs,pdlp,default,1e-8 (pdlp_optimality_tolerance),60.0,Optimal,157240,0.880606,172791.06585182712,172791.0655956116,HiGHS optimum (optima.csv),1.48e-09,PASS,7.58e-09,2.45e-08,6.61e-09,yes,HiGHS 1.15.1,HiGHS model status kOptimal
90fc378,Darwin-arm64,Apple M4,10,none,,,2026-09-28T07:52:33,netlib,fit1d,24,1026,13404,ps26119,auto,1,1e-8,60.0,Optimal,770,0.030280,-9146.3780924209277,-9146.378092420928,HiGHS optimum (optima.csv),0.00e+00,PASS,1.82e-12,0.00e+00,9.94e-17,yes,ps26119 0.1.0 (git 90fc378),"auto: simplex (rows*nnz = 3.2e+05); phase-1 iters 0, bound flips 6, refactorizations 36, Bland episodes 0, Devex resets 10, tolerance tightenings 0"
90fc378,Darwin-arm64,Apple M4,10,none,,,2026-09-28T07:52:33,netlib,fit1d,24,1026,13404,ps26119,simplex,1,1e-8,60.0,Optimal,770,0.030204,-9146.3780924209277,-9146.378092420928,HiGHS optimum (optima.csv),0.00e+00,PASS,1.82e-12,0.00e+00,9.94e-17,yes,ps26119 0.1.0 (git 90fc378),"phase-1 iters 0, bound flips 6, refactorizations 36, Bland episodes 0, Devex resets 10, tolerance tightenings 0"
90fc378,Darwin-arm64,Apple M4,10,none,,,2026-09-28T07:52:33,netlib,fit1d,24,1026,13404,ps26119,r2hpdhg,1,1e-8,60.0,TimeLimit,1882525,60.001948,-9146.3775082032116,-9146.378092420928,HiGHS optimum (optima.csv),6.39e-08,FAIL,1.89e-08,7.66e-18,6.39e-07,no,ps26119 0.1.0 (git 90fc378),
90fc378,Darwin-arm64,Apple M4,10,none,,,2026-09-28T07:52:33,netlib,fit1d,24,1026,13404,ps26119,r2hpdhg,10,1e-8,60.0,TimeLimit,1881388,60.001978,-9146.3775077227965,-9146.378092420928,HiGHS optimum (optima.csv),6.39e-08,FAIL,1.54e-08,3.82e-18,6.39e-07,no,ps26119 0.1.0 (git 90fc378),
90fc378,Darwin-arm64,Apple M4,10,none,,,2026-09-28T07:52:33,netlib,fit1d,24,1026,13404,highs,simplex,default,HiGHS defaults (1e-7 feasibility),60.0,Optimal,58,0.009690,-9146.378092420928,-9146.378092420928,HiGHS optimum (optima.csv),0.00e+00,PASS,1.82e-12,0.00e+00,9.94e-17,yes,HiGHS 1.15.1,HiGHS model status kOptimal
90fc378,Darwin-arm64,Apple M4,10,none,,,2026-09-28T07:52:33,netlib,fit1d,24,1026,13404,highs,ipm,default,HiGHS defaults (1e-7 feasibility),60.0,Optimal,19,0.024624,-9146.378092420928,-9146.378092420928,HiGHS optimum (optima.csv),0.00e+00,PASS,1.82e-12,0.00e+00,9.94e-17,yes,HiGHS 1.15.1,HiGHS model status kOptimal
90fc378,Darwin-arm64,Apple M4,10,none,,,2026-09-28T07:52:33,netlib,fit1d,24,1026,13404,highs,pdlp,default,1e-8 (pdlp_optimality_tolerance),60.0,Optimal,5920,0.171351,-9146.378091957462,-9146.378092420928,HiGHS optimum (optima.csv),5.07e-11,PASS,5.27e-08,0.00e+00,3.96e-11,yes,HiGHS 1.15.1,HiGHS model status kOptimal
90fc378,Darwin-arm64,Apple M4,10,none,,,2026-09-28T07:52:33,netlib,fit1p,627,1677,9868,ps26119,auto,1,1e-8,60.0,Optimal,1558,0.318778,9146.378092420935,9146.378092420935,HiGHS optimum (optima.csv),0.00e+00,PASS,2.71e-15,1.07e-14,9.94e-17,yes,ps26119 0.1.0 (git 90fc378),"auto: simplex (rows*nnz = 6.2e+06); phase-1 iters 709, bound flips 0, refactorizations 109, Bland episodes 0, Devex resets 7, tolerance tightenings 0"
90fc378,Darwin-arm64,Apple M4,10,none,,,2026-09-28T07:52:33,netlib,fit1p,627,1677,9868,ps26119,simplex,1,1e-8,60.0,Optimal,1558,0.326843,9146.378092420935,9146.378092420935,HiGHS optimum (optima.csv),0.00e+00,PASS,2.71e-15,1.07e-14,9.94e-17,yes,ps26119 0.1.0 (git 90fc378),"phase-1 iters 709, bound flips 0, refactorizations 109, Bland episodes 0, Devex resets 7, tolerance tightenings 0"
90fc378,Darwin-arm64,Apple M4,10,none,,,2026-09-28T07:52:33,netlib,fit1p,627,1677,9868,ps26119,r2hpdhg,1,1e-8,60.0,Optimal,27584,0.701808,9146.3780921496527,9146.378092420935,HiGHS optimum (optima.csv),2.97e-11,PASS,2.36e-08,1.27e-07,2.01e-11,yes,ps26119 0.1.0 (git 90fc378),
90fc378,Darwin-arm64,Apple M4,10,none,,,2026-09-28T07:52:33,netlib,fit1p,627,1677,9868,ps26119,r2hpdhg,10,1e-8,60.0,Optimal,27584,0.704042,9146.3780921496527,9146.378092420935,HiGHS optimum (optima.csv),2.97e-11,PASS,2.36e-08,1.27e-07,2.01e-11,yes,ps26119 0.1.0 (git 90fc378),
90fc378,Darwin-arm64,Apple M4,10,none,,,2026-09-28T07:52:33,netlib,fit1p,627,1677,9868,highs,simplex,default,HiGHS defaults (1e-7 feasibility),60.0,Optimal,860,0.038294,9146.378092420935,9146.378092420935,HiGHS optimum (optima.csv),0.00e+00,PASS,5.58e-15,4.27e-13,0.00e+00,yes,HiGHS 1.15.1,HiGHS model status kOptimal
90fc378,Darwin-arm64,Apple M4,10,none,,,2026-09-28T07:52:33,netlib,fit1p,627,1677,9868,highs,ipm,default,HiGHS defaults (1e-7 feasibility),60.0,Optimal,17,0.034211,9146.378092420933,9146.378092420935,HiGHS optimum (optima.csv),1.99e-16,PASS,2.71e-15,3.55e-15,9.94e-17,yes,HiGHS 1.15.1,HiGHS model status kOptimal
90fc378,Darwin-arm64,Apple M4,10,none,,,2026-09-28T07:52:33,netlib,fit1p,627,1677,9868,highs,pdlp,default,1e-8 (pdlp_optimality_tolerance),60.0,Optimal,23200,0.785157,9146.378090480337,9146.378092420935,HiGHS optimum (optima.csv),2.12e-10,FAIL,4.81e-08,1.17e-06,4.31e-10,no,HiGHS 1.15.1,HiGHS model status kOptimal
90fc378,Darwin-arm64,Apple M4,10,none,,,2026-09-28T07:52:33,netlib,fit2d,25,10500,129018,ps26119,auto,1,1e-8,60.0,Optimal,9016,2.755565,-68464.293293832103,-68464.2932938321,HiGHS optimum (optima.csv),0.00e+00,PASS,4.41e-13,0.00e+00,0.00e+00,yes,ps26119 0.1.0 (git 90fc378),"auto: simplex (rows*nnz = 3.2e+06); phase-1 iters 0, bound flips 18, refactorizations 303, Bland episodes 0, Devex resets 60, tolerance tightenings 0"
90fc378,Darwin-arm64,Apple M4,10,none,,,2026-09-28T07:52:33,netlib,fit2d,25,10500,129018,ps26119,simplex,1,1e-8,60.0,Optimal,9016,2.754140,-68464.293293832103,-68464.2932938321,HiGHS optimum (optima.csv),0.00e+00,PASS,4.41e-13,0.00e+00,0.00e+00,yes,ps26119 0.1.0 (git 90fc378),"phase-1 iters 0, bound flips 18, refactorizations 303, Bland episodes 0, Devex resets 60, tolerance tightenings 0"
90fc378,Darwin-arm64,Apple M4,10,none,,,2026-09-28T07:52:33,netlib,fit2d,25,10500,129018,ps26119,r2hpdhg,1,1e-8,60.0,TimeLimit,173081,60.017789,-68460.729087066968,-68464.2932938321,HiGHS optimum (optima.csv),5.21e-05,FAIL,9.02e-03,6.44e-20,3.96e-05,no,ps26119 0.1.0 (git 90fc378),
90fc378,Darwin-arm64,Apple M4,10,none,,,2026-09-28T07:52:33,netlib,fit2d,25,10500,129018,ps26119,r2hpdhg,10,1e-8,60.0,TimeLimit,152245,60.019475,-68459.978919792571,-68464.2932938321,HiGHS optimum (optima.csv),6.30e-05,FAIL,3.71e-03,1.04e-18,4.86e-05,no,ps26119 0.1.0 (git 90fc378),
90fc378,Darwin-arm64,Apple M4,10,none,,,2026-09-28T07:52:33,netlib,fit2d,25,10500,129018,highs,simplex,default,HiGHS defaults (1e-7 feasibility),60.0,Optimal,129,0.134787,-68464.2932938321,-68464.2932938321,HiGHS optimum (optima.csv),0.00e+00,PASS,4.41e-13,0.00e+00,0.00e+00,yes,HiGHS 1.15.1,HiGHS model status kOptimal
90fc378,Darwin-arm64,Apple M4,10,none,,,2026-09-28T07:52:33,netlib,fit2d,25,10500,129018,highs,ipm,default,HiGHS defaults (1e-7 feasibility),60.0,Optimal,22,0.301623,-68464.2932938321,-68464.2932938321,HiGHS optimum (optima.csv),0.00e+00,PASS,4.41e-13,0.00e+00,0.00e+00,yes,HiGHS 1.15.1,HiGHS model status kOptimal
90fc378,Darwin-arm64,Apple M4,10,none,,,2026-09-28T07:52:33,netlib,fit2d,25,10500,129018,highs,pdlp,default,1e-8 (pdlp_optimality_tolerance),60.0,Optimal,6000,1.971250,-68464.2932936152,-68464.2932938321,HiGHS optimum (optima.csv),3.17e-12,PASS,7.01e-08,0.00e+00,1.80e-12,yes,HiGHS 1.15.1,HiGHS model status kOptimal
90fc378,Darwin-arm64,Apple M4,10,none,,,2026-09-28T07:52:33,netlib,fit2p,3000,13525,50284,ps26119,auto,1,1e-8,60.0,Optimal,15066,34.864341,68464.29329383219,68464.29329383212,HiGHS optimum (optima.csv),1.06e-15,PASS,1.60e-14,2.60e-12,0.00e+00,yes,ps26119 0.1.0 (git 90fc378),"auto: simplex (rows*nnz = 1.5e+08); phase-1 iters 7498, bound flips 294, refactorizations 816, Bland episodes 0, Devex resets 28, tolerance tightenings 0"
90fc378,Darwin-arm64,Apple M4,10,none,,,2026-09-28T07:52:33,netlib,fit2p,3000,13525,50284,ps26119,simplex,1,1e-8,60.0,Optimal,15066,34.911864,68464.29329383219,68464.29329383212,HiGHS optimum (optima.csv),1.06e-15,PASS,1.60e-14,2.60e-12,0.00e+00,yes,ps26119 0.1.0 (git 90fc378),"phase-1 iters 7498, bound flips 294, refactorizations 816, Bland episodes 0, Devex resets 28, tolerance tightenings 0"
90fc378,Darwin-arm64,Apple M4,10,none,,,2026-09-28T07:52:33,netlib,fit2p,3000,13525,50284,ps26119,r2hpdhg,1,1e-8,60.0,Optimal,48576,7.430622,68464.293293804294,68464.29329383212,HiGHS optimum (optima.csv),4.06e-13,PASS,2.08e-08,2.35e-07,2.21e-11,yes,ps26119 0.1.0 (git 90fc378),
90fc378,Darwin-arm64,Apple M4,10,none,,,2026-09-28T07:52:33,netlib,fit2p,3000,13525,50284,ps26119,r2hpdhg,10,1e-8,60.0,Optimal,48576,9.394517,68464.293293804294,68464.29329383212,HiGHS optimum (optima.csv),4.06e-13,PASS,2.08e-08,2.35e-07,2.21e-11,yes,ps26119 0.1.0 (git 90fc378),
90fc378,Darwin-arm64,Apple M4,10,none,,,2026-09-28T07:52:33,netlib,fit2p,3000,13525,50284,highs,simplex,default,HiGHS defaults (1e-7 feasibility),60.0,Optimal,4881,0.879506,68464.29329383212,68464.29329383212,HiGHS optimum (optima.csv),0.00e+00,PASS,2.29e-13,3.72e-12,0.00e+00,yes,HiGHS 1.15.1,HiGHS model status kOptimal
90fc378,Darwin-arm64,Apple M4,10,none,,,2026-09-28T07:52:33,netlib,fit2p,3000,13525,50284,highs,ipm,default,HiGHS defaults (1e-7 feasibility),60.0,Optimal,20,0.365495,68464.29329383222,68464.29329383212,HiGHS optimum (optima.csv),1.49e-15,PASS,1.42e-14,1.59e-12,0.00e+00,yes,HiGHS 1.15.1,HiGHS model status kOptimal
90fc378,Darwin-arm64,Apple M4,10,none,,,2026-09-28T07:52:33,netlib,fit2p,3000,13525,50284,highs,pdlp,default,1e-8 (pdlp_optimality_tolerance),60.0,NotSolved,30000,7.398225,68464.29318372103,68464.29329383212,HiGHS optimum (optima.csv),1.61e-09,FAIL,nan,nan,nan,no,HiGHS 1.15.1,HiGHS model status kUnknown
90fc378,Darwin-arm64,Apple M4,10,none,,,2026-09-28T07:52:33,netlib,forplan,161,421,4563,ps26119,auto,1,1e-8,60.0,Optimal,215,0.008778,-664.21896127220464,-664.2189612722036,HiGHS optimum (optima.csv),1.54e-15,PASS,1.59e-12,3.53e-16,0.00e+00,yes,ps26119 0.1.0 (git 90fc378),"auto: simplex (rows*nnz = 7.3e+05); phase-1 iters 133, bound flips 0, refactorizations 15, Bland episodes 0, Devex resets 4, tolerance tightenings 0; presolve removed 27 rows, 3 cols"
90fc378,Darwin-arm64,Apple M4,10,none,,,2026-09-28T07:52:33,netlib,forplan,161,421,4563,ps26119,simplex,1,1e-8,60.0,Optimal,215,0.008690,-664.21896127220464,-664.2189612722036,HiGHS optimum (optima.csv),1.54e-15,PASS,1.59e-12,3.53e-16,0.00e+00,yes,ps26119 0.1.0 (git 90fc378),"phase-1 iters 133, bound flips 0, refactorizations 15, Bland episodes 0, Devex resets 4, tolerance tightenings 0; presolve removed 27 rows, 3 cols"
90fc378,Darwin-arm64,Apple M4,10,none,,,2026-09-28T07:52:33,netlib,forplan,161,421,4563,ps26119,r2hpdhg,1,1e-8,60.0,Optimal,166208,1.529236,-664.21896235047961,-664.2189612722036,HiGHS optimum (optima.csv),1.62e-09,PASS,3.78e-07,5.75e-09,1.93e-09,yes,ps26119 0.1.0 (git 90fc378),"presolve removed 27 rows, 3 cols"
90fc378,Darwin-arm64,Apple M4,10,none,,,2026-09-28T07:52:33,netlib,forplan,161,421,4563,ps26119,r2hpdhg,10,1e-8,60.0,Optimal,166208,1.538227,-664.21896235047961,-664.2189612722036,HiGHS optimum (optima.csv),1.62e-09,PASS,3.78e-07,5.75e-09,1.93e-09,yes,ps26119 0.1.0 (git 90fc378),"presolve removed 27 rows, 3 cols"
90fc378,Darwin-arm64,Apple M4,10,none,,,2026-09-28T07:52:33,netlib,forplan,161,421,4563,highs,simplex,default,HiGHS defaults (1e-7 feasibility),60.0,Optimal,185,0.005695,-664.2189612722036,-664.2189612722036,HiGHS optimum (optima.csv),0.00e+00,PASS,2.05e-12,7.56e-16,0.00e+00,yes,HiGHS 1.15.1,HiGHS model status kOptimal
90fc378,Darwin-arm64,Apple M4,10,none,,,2026-09-28T07:52:33,netlib,forplan,161,421,4563,highs,ipm,default,HiGHS defaults (1e-7 feasibility),60.0,Optimal,23,0.015469,-664.2189612722029,-664.2189612722036,HiGHS optimum (optima.csv),1.03e-15,PASS,1.59e-12,6.45e-15,8.55e-17,yes,HiGHS 1.15.1,HiGHS model status kOptimal
90fc378,Darwin-arm64,Apple M4,10,none,,,2026-09-28T07:52:33,netlib,forplan,161,421,4563,highs,pdlp,default,1e-8 (pdlp_optimality_tolerance),60.0,Optimal,1114280,4.803506,-664.2189560576114,-664.2189612722036,HiGHS optimum (optima.csv),7.84e-09,FAIL,2.45e-06,3.83e-09,9.23e-10,no,HiGHS 1.15.1,HiGHS model status kOptimal
90fc378,Darwin-arm64,Apple M4,10,none,,,2026-09-28T07:52:33,netlib,ganges,1309,1681,6912,ps26119,auto,1,1e-8,60.0,Optimal,1544,0.072249,-109585.73612927849,-109585.73612927801,HiGHS optimum (optima.csv),4.38e-15,PASS,1.17e-11,2.31e-14,1.59e-15,yes,ps26119 0.1.0 (git 90fc378),"auto: simplex (rows*nnz = 9e+06); phase-1 iters 1265, bound flips 109, refactorizations 17, Bland episodes 0, Devex resets 6, tolerance tightenings 0; presolve removed 184 rows, 184 cols"
90fc378,Darwin-arm64,Apple M4,10,none,,,2026-09-28T07:52:33,netlib,ganges,1309,1681,6912,ps26119,simplex,1,1e-8,60.0,Optimal,1544,0.073673,-109585.73612927849,-109585.73612927801,HiGHS optimum (optima.csv),4.38e-15,PASS,1.17e-11,2.31e-14,1.59e-15,yes,ps26119 0.1.0 (git 90fc378),"phase-1 iters 1265, bound flips 109, refactorizations 17, Bland episodes 0, Devex resets 6, tolerance tightenings 0; presolve removed 184 rows, 184 cols"
90fc378,Darwin-arm64,Apple M4,10,none,,,2026-09-28T07:52:33,netlib,ganges,1309,1681,6912,ps26119,r2hpdhg,1,1e-8,60.0,Optimal,172928,2.606101,-109585.73649807481,-109585.73612927801,HiGHS optimum (optima.csv),3.37e-09,PASS,2.88e-08,1.23e-08,6.35e-09,yes,ps26119 0.1.0 (git 90fc378),"presolve removed 184 rows, 184 cols"
90fc378,Darwin-arm64,Apple M4,10,none,,,2026-09-28T07:52:33,netlib,ganges,1309,1681,6912,ps26119,r2hpdhg,10,1e-8,60.0,Optimal,172928,2.601771,-109585.73649807481,-109585.73612927801,HiGHS optimum (optima.csv),3.37e-09,PASS,2.88e-08,1.23e-08,6.35e-09,yes,ps26119 0.1.0 (git 90fc378),"presolve removed 184 rows, 184 cols"
90fc378,Darwin-arm64,Apple M4,10,none,,,2026-09-28T07:52:33,netlib,ganges,1309,1681,6912,highs,simplex,default,HiGHS defaults (1e-7 feasibility),60.0,Optimal,513,0.011338,-109585.73612927801,-109585.73612927801,HiGHS optimum (optima.csv),0.00e+00,PASS,1.17e-11,1.67e-14,2.72e-15,yes,HiGHS 1.15.1,HiGHS model status kOptimal
90fc378,Darwin-arm64,Apple M4,10,none,,,2026-09-28T07:52:33,netlib,ganges,1309,1681,6912,highs,ipm,default,HiGHS defaults (1e-7 feasibility),60.0,Optimal,21,0.024448,-109585.73612927803,-109585.73612927801,HiGHS optimum (optima.csv),1.33e-16,PASS,1.17e-11,2.72e-14,5.25e-15,yes,HiGHS 1.15.1,HiGHS model status kOptimal
90fc378,Darwin-arm64,Apple M4,10,none,,,2026-09-28T07:52:33,netlib,ganges,1309,1681,6912,highs,pdlp,default,1e-8 (pdlp_optimality_tolerance),60.0,TimeLimit,5108366,60.703243,0.0,-109585.73612927801,HiGHS optimum (optima.csv),1.00e+00,FAIL,nan,nan,nan,no,HiGHS 1.15.1,HiGHS model status kTimeLimit
90fc378,Darwin-arm64,Apple M4,10,none,,,2026-09-28T07:52:33,netlib,gfrd-pnc,616,1092,2377,ps26119,auto,1,1e-8,60.0,Optimal,824,0.021654,6902235.9995488124,6902235.999548812,HiGHS optimum (optima.csv),0.00e+00,PASS,2.96e-12,8.25e-20,6.75e-17,yes,ps26119 0.1.0 (git 90fc378),"auto: simplex (rows*nnz = 1.5e+06); phase-1 iters 420, bound flips 116, refactorizations 15, Bland episodes 0, Devex resets 0, tolerance tightenings 0; presolve removed 26 rows, 26 cols"
90fc378,Darwin-arm64,Apple M4,10,none,,,2026-09-28T07:52:33,netlib,gfrd-pnc,616,1092,2377,ps26119,simplex,1,1e-8,60.0,Optimal,824,0.021413,6902235.9995488124,6902235.999548812,HiGHS optimum (optima.csv),0.00e+00,PASS,2.96e-12,8.25e-20,6.75e-17,yes,ps26119 0.1.0 (git 90fc378),"phase-1 iters 420, bound flips 116, refactorizations 15, Bland episodes 0, Devex resets 0, tolerance tightenings 0; presolve removed 26 rows, 26 cols"
90fc378,Darwin-arm64,Apple M4,10,none,,,2026-09-28T07:52:33,netlib,gfrd-pnc,616,1092,2377,ps26119,r2hpdhg,1,1e-8,60.0,Optimal,81728,0.598642,6902236.0012609102,6902235.999548812,HiGHS optimum (optima.csv),2.48e-10,PASS,9.92e-07,7.63e-15,1.15e-10,yes,ps26119 0.1.0 (git 90fc378),"presolve removed 26 rows, 26 cols"
90fc378,Darwin-arm64,Apple M4,10,none,,,2026-09-28T07:52:33,netlib,gfrd-pnc,616,1092,2377,ps26119,r2hpdhg,10,1e-8,60.0,Optimal,81728,0.598241,6902236.0012609102,6902235.999548812,HiGHS optimum (optima.csv),2.48e-10,PASS,9.92e-07,7.63e-15,1.15e-10,yes,ps26119 0.1.0 (git 90fc378),"presolve removed 26 rows, 26 cols"
90fc378,Darwin-arm64,Apple M4,10,none,,,2026-09-28T07:52:33,netlib,gfrd-pnc,616,1092,2377,highs,simplex,default,HiGHS defaults (1e-7 feasibility),60.0,Optimal,303,0.005962,6902235.999548812,6902235.999548812,HiGHS optimum (optima.csv),0.00e+00,PASS,3.87e-12,8.25e-20,0.00e+00,yes,HiGHS 1.15.1,HiGHS model status kOptimal
90fc378,Darwin-arm64,Apple M4,10,none,,,2026-09-28T07:52:33,netlib,gfrd-pnc,616,1092,2377,highs,ipm,default,HiGHS defaults (1e-7 feasibility),60.0,Optimal,17,0.013211,6902235.999548812,6902235.999548812,HiGHS optimum (optima.csv),0.00e+00,PASS,3.64e-12,8.25e-20,6.75e-17,yes,HiGHS 1.15.1,HiGHS model status kOptimal
90fc378,Darwin-arm64,Apple M4,10,none,,,2026-09-28T07:52:33,netlib,gfrd-pnc,616,1092,2377,highs,pdlp,default,1e-8 (pdlp_optimality_tolerance),60.0,Optimal,123080,1.173033,6902235.995375604,6902235.999548812,HiGHS optimum (optima.csv),6.05e-10,FAIL,3.79e-04,2.87e-12,3.02e-10,no,HiGHS 1.15.1,HiGHS model status kOptimal
90fc378,Darwin-arm64,Apple M4,10,none,,,2026-09-28T07:52:33,netlib,greenbea,2392,5405,30877,ps26119,auto,1,1e-8,60.0,Optimal,17874,4.284789,-72555248.129846036,-72555248.12984599,HiGHS optimum (optima.csv),6.16e-16,PASS,4.44e-08,1.53e-13,3.08e-16,yes,ps26119 0.1.0 (git 90fc378),"auto: simplex (rows*nnz = 7.4e+07); phase-1 iters 3856, bound flips 80, refactorizations 428, Bland episodes 0, Devex resets 486, tolerance tightenings 2; presolve removed 76 rows, 176 cols"
90fc378,Darwin-arm64,Apple M4,10,none,,,2026-09-28T07:52:33,netlib,greenbea,2392,5405,30877,ps26119,simplex,1,1e-8,60.0,Optimal,17874,4.316853,-72555248.129846036,-72555248.12984599,HiGHS optimum (optima.csv),6.16e-16,PASS,4.44e-08,1.53e-13,3.08e-16,yes,ps26119 0.1.0 (git 90fc378),"phase-1 iters 3856, bound flips 80, refactorizations 428, Bland episodes 0, Devex resets 486, tolerance tightenings 2; presolve removed 76 rows, 176 cols"
90fc378,Darwin-arm64,Apple M4,10,none,,,2026-09-28T07:52:33,netlib,greenbea,2392,5405,30877,ps26119,r2hpdhg,1,1e-8,60.0,TimeLimit,908520,60.018427,-73395624.622512549,-72555248.12984599,HiGHS optimum (optima.csv),1.16e-02,FAIL,8.38e+00,1.16e-02,1.60e-02,no,ps26119 0.1.0 (git 90fc378),"presolve removed 76 rows, 176 cols"
90fc378,Darwin-arm64,Apple M4,10,none,,,2026-09-28T07:52:33,netlib,greenbea,2392,5405,30877,ps26119,r2hpdhg,10,1e-8,60.0,TimeLimit,910972,60.018443,-73391737.379543528,-72555248.12984599,HiGHS optimum (optima.csv),1.15e-02,FAIL,8.30e+00,1.27e-02,1.59e-02,no,ps26119 0.1.0 (git 90fc378),"presolve removed 76 rows, 176 cols"
90fc378,Darwin-arm64,Apple M4,10,none,,,2026-09-28T07:52:33,netlib,greenbea,2392,5405,30877,highs,simplex,default,HiGHS defaults (1e-7 feasibility),60.0,Optimal,2530,0.214262,-72555248.12984599,-72555248.12984599,HiGHS optimum (optima.csv),0.00e+00,PASS,1.46e-08,2.91e-12,2.05e-16,yes,HiGHS 1.15.1,HiGHS model status kOptimal
90fc378,Darwin-arm64,Apple M4,10,none,,,2026-09-28T07:52:33,netlib,greenbea,2392,5405,30877,highs,ipm,default,HiGHS defaults (1e-7 feasibility),60.0,Optimal,47,0.254725,-72555248.129846,-72555248.12984599,HiGHS optimum (optima.csv),2.05e-16,PASS,1.46e-08,1.12e-13,1.03e-16,yes,HiGHS 1.15.1,HiGHS model status kOptimal
90fc378,Darwin-arm64,Apple M4,10,none,,,2026-09-28T07:52:33,netlib,greenbea,2392,5405,30877,highs,pdlp,default,1e-8 (pdlp_optimality_tolerance),60.0,TimeLimit,954720,60.087761,0.0,-72555248.12984599,HiGHS optimum (optima.csv),1.00e+00,FAIL,nan,nan,nan,no,HiGHS 1.15.1,HiGHS model status kTimeLimit
90fc378,Darwin-arm64,Apple M4,10,none,,,2026-09-28T07:52:33,netlib,greenbeb,2392,5405,30877,ps26119,auto,1,1e-8,60.0,Optimal,11007,2.453829,-4302260.2612065859,-4302260.261206586,HiGHS optimum (optima.csv),0.00e+00,PASS,1.34e-11,1.75e-14,0.00e+00,yes,ps26119 0.1.0 (git 90fc378),"auto: simplex (rows*nnz = 7.4e+07); phase-1 iters 4508, bound flips 48, refactorizations 251, Bland episodes 0, Devex resets 283, tolerance tightenings 2; presolve removed 78 rows, 190 cols"
90fc378,Darwin-arm64,Apple M4,10,none,,,2026-09-28T07:52:33,netlib,greenbeb,2392,5405,30877,ps26119,simplex,1,1e-8,60.0,Optimal,11007,2.450720,-4302260.2612065859,-4302260.261206586,HiGHS optimum (optima.csv),0.00e+00,PASS,1.34e-11,1.75e-14,0.00e+00,yes,ps26119 0.1.0 (git 90fc378),"phase-1 iters 4508, bound flips 48, refactorizations 251, Bland episodes 0, Devex resets 283, tolerance tightenings 2; presolve removed 78 rows, 190 cols"
90fc378,Darwin-arm64,Apple M4,10,none,,,2026-09-28T07:52:33,netlib,greenbeb,2392,5405,30877,ps26119,r2hpdhg,1,1e-8,60.0,TimeLimit,922697,60.016775,-4307483.7616597479,-4302260.261206586,HiGHS optimum (optima.csv),1.21e-03,FAIL,1.72e-01,2.97e-05,4.98e-05,no,ps26119 0.1.0 (git 90fc378),"presolve removed 78 rows, 190 cols"
90fc378,Darwin-arm64,Apple M4,10,none,,,2026-09-28T07:52:33,netlib,greenbeb,2392,5405,30877,ps26119,r2hpdhg,10,1e-8,60.0,TimeLimit,920251,60.016755,-4307483.8597080903,-4302260.261206586,HiGHS optimum (optima.csv),1.21e-03,FAIL,1.71e-01,1.63e-05,4.95e-05,no,ps26119 0.1.0 (git 90fc378),"presolve removed 78 rows, 190 cols"
90fc378,Darwin-arm64,Apple M4,10,none,,,2026-09-28T07:52:33,netlib,greenbeb,2392,5405,30877,highs,simplex,default,HiGHS defaults (1e-7 feasibility),60.0,Optimal,4877,0.407361,-4302260.261206586,-4302260.261206586,HiGHS optimum (optima.csv),0.00e+00,PASS,1.35e-11,2.24e-14,1.08e-16,yes,HiGHS 1.15.1,HiGHS model status kOptimal
90fc378,Darwin-arm64,Apple M4,10,none,,,2026-09-28T07:52:33,netlib,greenbeb,2392,5405,30877,highs,ipm,default,HiGHS defaults (1e-7 feasibility),60.0,Optimal,36,0.231426,-4302260.261206586,-4302260.261206586,HiGHS optimum (optima.csv),0.00e+00,PASS,9.89e-12,2.24e-14,0.00e+00,yes,HiGHS 1.15.1,HiGHS model status kOptimal
90fc378,Darwin-arm64,Apple M4,10,none,,,2026-09-28T07:52:33,netlib,greenbeb,2392,5405,30877,highs,pdlp,default,1e-8 (pdlp_optimality_tolerance),60.0,Optimal,476680,29.849034,-4302260.1757242475,-4302260.261206586,HiGHS optimum (optima.csv),1.99e-08,FAIL,6.19e-04,1.44e-09,9.95e-09,no,HiGHS 1.15.1,HiGHS model status kOptimal
90fc378,Darwin-arm64,Apple M4,10,none,,,2026-09-28T07:52:33,netlib,grow15,300,645,5620,ps26119,auto,1,1e-8,60.0,Optimal,957,0.058616,-106870941.29357535,-106870941.29357533,HiGHS optimum (optima.csv),1.39e-16,PASS,9.90e-10,1.11e-16,1.39e-16,yes,ps26119 0.1.0 (git 90fc378),"auto: simplex (rows*nnz = 1.7e+06); phase-1 iters 0, bound flips 8, refactorizations 35, Bland episodes 0, Devex resets 21, tolerance tightenings 0"
90fc378,Darwin-arm64,Apple M4,10,none,,,2026-09-28T07:52:33,netlib,grow15,300,645,5620,ps26119,simplex,1,1e-8,60.0,Optimal,957,0.060086,-106870941.29357535,-106870941.29357533,HiGHS optimum (optima.csv),1.39e-16,PASS,9.90e-10,1.11e-16,1.39e-16,yes,ps26119 0.1.0 (git 90fc378),"phase-1 iters 0, bound flips 8, refactorizations 35, Bland episodes 0, Devex resets 21, tolerance tightenings 0"
90fc378,Darwin-arm64,Apple M4,10,none,,,2026-09-28T07:52:33,netlib,grow15,300,645,5620,ps26119,r2hpdhg,1,1e-8,60.0,Optimal,7232,0.076097,-106870941.29357541,-106870941.29357533,HiGHS optimum (optima.csv),6.97e-16,PASS,1.34e-09,4.18e-14,2.11e-14,yes,ps26119 0.1.0 (git 90fc378),
90fc378,Darwin-arm64,Apple M4,10,none,,,2026-09-28T07:52:33,netlib,grow15,300,645,5620,ps26119,r2hpdhg,10,1e-8,60.0,Optimal,7232,0.075278,-106870941.29357541,-106870941.29357533,HiGHS optimum (optima.csv),6.97e-16,PASS,1.34e-09,4.18e-14,2.11e-14,yes,ps26119 0.1.0 (git 90fc378),
90fc378,Darwin-arm64,Apple M4,10,none,,,2026-09-28T07:52:33,netlib,grow15,300,645,5620,highs,simplex,default,HiGHS defaults (1e-7 feasibility),60.0,Optimal,937,0.029832,-106870941.29357533,-106870941.29357533,HiGHS optimum (optima.csv),0.00e+00,PASS,2.49e-09,6.11e-16,9.06e-16,yes,HiGHS 1.15.1,HiGHS model status kOptimal
90fc378,Darwin-arm64,Apple M4,10,none,,,2026-09-28T07:52:33,netlib,grow15,300,645,5620,highs,ipm,default,HiGHS defaults (1e-7 feasibility),60.0,Optimal,20,0.038567,-106870941.29357536,-106870941.29357533,HiGHS optimum (optima.csv),2.79e-16,PASS,2.95e-08,1.94e-15,8.09e-15,yes,HiGHS 1.15.1,HiGHS model status kOptimal
90fc378,Darwin-arm64,Apple M4,10,none,,,2026-09-28T07:52:33,netlib,grow15,300,645,5620,highs,pdlp,default,1e-8 (pdlp_optimality_tolerance),60.0,Optimal,28120,0.423963,-106870941.29356822,-106870941.29357533,HiGHS optimum (optima.csv),6.65e-14,PASS,3.67e-08,1.69e-13,2.48e-12,yes,HiGHS 1.15.1,HiGHS model status kOptimal
90fc378,Darwin-arm64,Apple M4,10,none,,,2026-09-28T07:52:33,netlib,grow22,440,946,8252,ps26119,auto,1,1e-8,60.0,Optimal,1601,0.137626,-160834336.48256299,-160834336.48256302,HiGHS optimum (optima.csv),1.85e-16,PASS,9.60e-10,1.67e-16,1.85e-16,yes,ps26119 0.1.0 (git 90fc378),"auto: simplex (rows*nnz = 3.6e+06); phase-1 iters 0, bound flips 9, refactorizations 57, Bland episodes 0, Devex resets 33, tolerance tightenings 0"
90fc378,Darwin-arm64,Apple M4,10,none,,,2026-09-28T07:52:33,netlib,grow22,440,946,8252,ps26119,simplex,1,1e-8,60.0,Optimal,1601,0.137670,-160834336.48256299,-160834336.48256302,HiGHS optimum (optima.csv),1.85e-16,PASS,9.60e-10,1.67e-16,1.85e-16,yes,ps26119 0.1.0 (git 90fc378),"phase-1 iters 0, bound flips 9, refactorizations 57, Bland episodes 0, Devex resets 33, tolerance tightenings 0"
90fc378,Darwin-arm64,Apple M4,10,none,,,2026-09-28T07:52:33,netlib,grow22,440,946,8252,ps26119,r2hpdhg,1,1e-8,60.0,Optimal,4928,0.074402,-160834336.4825629,-160834336.48256302,HiGHS optimum (optima.csv),7.41e-16,PASS,1.64e-09,6.06e-11,2.13e-11,yes,ps26119 0.1.0 (git 90fc378),
90fc378,Darwin-arm64,Apple M4,10,none,,,2026-09-28T07:52:33,netlib,grow22,440,946,8252,ps26119,r2hpdhg,10,1e-8,60.0,Optimal,4928,0.074234,-160834336.4825629,-160834336.48256302,HiGHS optimum (optima.csv),7.41e-16,PASS,1.64e-09,6.06e-11,2.13e-11,yes,ps26119 0.1.0 (git 90fc378),
90fc378,Darwin-arm64,Apple M4,10,none,,,2026-09-28T07:52:33,netlib,grow22,440,946,8252,highs,simplex,default,HiGHS defaults (1e-7 feasibility),60.0,Optimal,1934,0.083009,-160834336.48256302,-160834336.48256302,HiGHS optimum (optima.csv),0.00e+00,PASS,5.19e-09,3.89e-16,1.02e-15,yes,HiGHS 1.15.1,HiGHS model status kOptimal
90fc378,Darwin-arm64,Apple M4,10,none,,,2026-09-28T07:52:33,netlib,grow22,440,946,8252,highs,ipm,default,HiGHS defaults (1e-7 feasibility),60.0,Optimal,22,0.072303,-160834336.4825629,-160834336.48256302,HiGHS optimum (optima.csv),7.41e-16,PASS,5.36e-09,4.44e-16,2.87e-15,yes,HiGHS 1.15.1,HiGHS model status kOptimal
90fc378,Darwin-arm64,Apple M4,10,none,,,2026-09-28T07:52:33,netlib,grow22,440,946,8252,highs,pdlp,default,1e-8 (pdlp_optimality_tolerance),60.0,Optimal,12240,0.250994,-160834336.48258355,-160834336.48256302,HiGHS optimum (optima.csv),1.28e-13,PASS,4.96e-08,8.33e-16,4.42e-14,yes,HiGHS 1.15.1,HiGHS model status kOptimal
90fc378,Darwin-arm64,Apple M4,10,none,,,2026-09-28T07:52:33,netlib,grow7,140,301,2612,ps26119,auto,1,1e-8,60.0,Optimal,333,0.010486,-47787811.814711504,-47787811.81471149,HiGHS optimum (optima.csv),3.12e-16,PASS,6.20e-10,1.11e-16,2.34e-16,yes,ps26119 0.1.0 (git 90fc378),"auto: simplex (rows*nnz = 3.7e+05); phase-1 iters 0, bound flips 2, refactorizations 14, Bland episodes 0, Devex resets 7, tolerance tightenings 0"
90fc378,Darwin-arm64,Apple M4,10,none,,,2026-09-28T07:52:33,netlib,grow7,140,301,2612,ps26119,simplex,1,1e-8,60.0,Optimal,333,0.010484,-47787811.814711504,-47787811.81471149,HiGHS optimum (optima.csv),3.12e-16,PASS,6.20e-10,1.11e-16,2.34e-16,yes,ps26119 0.1.0 (git 90fc378),"phase-1 iters 0, bound flips 2, refactorizations 14, Bland episodes 0, Devex resets 7, tolerance tightenings 0"
90fc378,Darwin-arm64,Apple M4,10,none,,,2026-09-28T07:52:33,netlib,grow7,140,301,2612,ps26119,r2hpdhg,1,1e-8,60.0,Optimal,3904,0.018010,-47787811.814711221,-47787811.81471149,HiGHS optimum (optima.csv),5.61e-15,PASS,3.83e-09,5.01e-10,1.17e-10,yes,ps26119 0.1.0 (git 90fc378),
90fc378,Darwin-arm64,Apple M4,10,none,,,2026-09-28T07:52:33,netlib,grow7,140,301,2612,ps26119,r2hpdhg,10,1e-8,60.0,Optimal,3904,0.018042,-47787811.814711221,-47787811.81471149,HiGHS optimum (optima.csv),5.61e-15,PASS,3.83e-09,5.01e-10,1.17e-10,yes,ps26119 0.1.0 (git 90fc378),
90fc378,Darwin-arm64,Apple M4,10,none,,,2026-09-28T07:52:33,netlib,grow7,140,301,2612,highs,simplex,default,HiGHS defaults (1e-7 feasibility),60.0,Optimal,353,0.008050,-47787811.81471149,-47787811.81471149,HiGHS optimum (optima.csv),0.00e+00,PASS,1.26e-08,1.67e-16,1.17e-15,yes,HiGHS 1.15.1,HiGHS model status kOptimal
90fc378,Darwin-arm64,Apple M4,10,none,,,2026-09-28T07:52:33,netlib,grow7,140,301,2612,highs,ipm,default,HiGHS defaults (1e-7 feasibility),60.0,Optimal,19,0.015339,-47787811.814711526,-47787811.81471149,HiGHS optimum (optima.csv),7.80e-16,PASS,2.40e-09,5.55e-16,2.73e-15,yes,HiGHS 1.15.1,HiGHS model status kOptimal
90fc378,Darwin-arm64,Apple M4,10,none,,,2026-09-28T07:52:33,netlib,grow7,140,301,2612,highs,pdlp,default,1e-8 (pdlp_optimality_tolerance),60.0,Optimal,8040,0.049890,-47787811.81471487,-47787811.81471149,HiGHS optimum (optima.csv),7.08e-14,PASS,2.49e-08,2.50e-13,4.51e-13,yes,HiGHS 1.15.1,HiGHS model status kOptimal
90fc378,Darwin-arm64,Apple M4,10,none,,,2026-09-28T07:52:33,netlib,israel,174,142,2269,ps26119,auto,1,1e-8,60.0,Optimal,179,0.006490,-896644.82186304603,-896644.8218630461,HiGHS optimum (optima.csv),1.30e-16,PASS,6.59e-12,7.56e-17,1.95e-16,yes,ps26119 0.1.0 (git 90fc378),"auto: simplex (rows*nnz = 3.9e+05); phase-1 iters 1, bound flips 0, refactorizations 13, Bland episodes 0, Devex resets 4, tolerance tightenings 0; presolve removed 11 rows, 0 cols"
90fc378,Darwin-arm64,Apple M4,10,none,,,2026-09-28T07:52:33,netlib,israel,174,142,2269,ps26119,simplex,1,1e-8,60.0,Optimal,179,0.006636,-896644.82186304603,-896644.8218630461,HiGHS optimum (optima.csv),1.30e-16,PASS,6.59e-12,7.56e-17,1.95e-16,yes,ps26119 0.1.0 (git 90fc378),"phase-1 iters 1, bound flips 0, refactorizations 13, Bland episodes 0, Devex resets 4, tolerance tightenings 0; presolve removed 11 rows, 0 cols"
90fc378,Darwin-arm64,Apple M4,10,none,,,2026-09-28T07:52:33,netlib,israel,174,142,2269,ps26119,r2hpdhg,1,1e-8,60.0,Optimal,9344,0.040866,-896644.82184457488,-896644.8218630461,HiGHS optimum (optima.csv),2.06e-11,PASS,6.45e-07,3.36e-11,1.44e-10,yes,ps26119 0.1.0 (git 90fc378),"presolve removed 11 rows, 0 cols"
90fc378,Darwin-arm64,Apple M4,10,none,,,2026-09-28T07:52:33,netlib,israel,174,142,2269,ps26119,r2hpdhg,10,1e-8,60.0,Optimal,9344,0.041131,-896644.82184457488,-896644.8218630461,HiGHS optimum (optima.csv),2.06e-11,PASS,6.45e-07,3.36e-11,1.44e-10,yes,ps26119 0.1.0 (git 90fc378),"presolve removed 11 rows, 0 cols"
90fc378,Darwin-arm64,Apple M4,10,none,,,2026-09-28T07:52:33,netlib,israel,174,142,2269,highs,simplex,default,HiGHS defaults (1e-7 feasibility),60.0,Optimal,134,0.003139,-896644.8218630461,-896644.8218630461,HiGHS optimum (optima.csv),0.00e+00,PASS,3.28e-12,1.89e-17,6.49e-17,yes,HiGHS 1.15.1,HiGHS model status kOptimal
90fc378,Darwin-arm64,Apple M4,10,none,,,2026-09-28T07:52:33,netlib,israel,174,142,2269,highs,ipm,default,HiGHS defaults (1e-7 feasibility),60.0,Optimal,22,0.012421,-896644.8218630461,-896644.8218630461,HiGHS optimum (optima.csv),0.00e+00,PASS,4.29e-12,1.89e-17,6.49e-17,yes,HiGHS 1.15.1,HiGHS model status kOptimal
90fc378,Darwin-arm64,Apple M4,10,none,,,2026-09-28T07:52:33,netlib,israel,174,142,2269,highs,pdlp,default,1e-8 (pdlp_optimality_tolerance),60.0,Optimal,11440,0.058224,-896644.8270235963,-896644.8218630461,HiGHS optimum (optima.csv),5.76e-09,FAIL,7.92e-03,4.18e-08,6.26e-10,no,HiGHS 1.15.1,HiGHS model status kOptimal
90fc378,Darwin-arm64,Apple M4,10,none,,,2026-09-28T07:52:33,netlib,kb2,43,41,286,ps26119,auto,1,1e-8,60.0,Optimal,47,0.000714,-1749.9001299062056,-1749.9001299062054,HiGHS optimum (optima.csv),1.30e-16,PASS,9.09e-13,2.76e-16,1.30e-16,yes,ps26119 0.1.0 (git 90fc378),"auto: simplex (rows*nnz = 1.2e+04); phase-1 iters 0, bound flips 0, refactorizations 6, Bland episodes 0, Devex resets 1, tolerance tightenings 0"
90fc378,Darwin-arm64,Apple M4,10,none,,,2026-09-28T07:52:33,netlib,kb2,43,41,286,ps26119,simplex,1,1e-8,60.0,Optimal,47,0.000687,-1749.9001299062056,-1749.9001299062054,HiGHS optimum (optima.csv),1.30e-16,PASS,9.09e-13,2.76e-16,1.30e-16,yes,ps26119 0.1.0 (git 90fc378),"phase-1 iters 0, bound flips 0, refactorizations 6, Bland episodes 0, Devex resets 1, tolerance tightenings 0"
90fc378,Darwin-arm64,Apple M4,10,none,,,2026-09-28T07:52:33,netlib,kb2,43,41,286,ps26119,r2hpdhg,1,1e-8,60.0,Optimal,21568,0.013620,-1749.9001299053036,-1749.9001299062054,HiGHS optimum (optima.csv),5.15e-13,PASS,6.99e-09,3.85e-10,6.38e-11,yes,ps26119 0.1.0 (git 90fc378),
90fc378,Darwin-arm64,Apple M4,10,none,,,2026-09-28T07:52:33,netlib,kb2,43,41,286,ps26119,r2hpdhg,10,1e-8,60.0,Optimal,21568,0.013973,-1749.9001299053036,-1749.9001299062054,HiGHS optimum (optima.csv),5.15e-13,PASS,6.99e-09,3.85e-10,6.38e-11,yes,ps26119 0.1.0 (git 90fc378),
90fc378,Darwin-arm64,Apple M4,10,none,,,2026-09-28T07:52:33,netlib,kb2,43,41,286,highs,simplex,default,HiGHS defaults (1e-7 feasibility),60.0,Optimal,31,0.000826,-1749.9001299062054,-1749.9001299062054,HiGHS optimum (optima.csv),0.00e+00,PASS,9.09e-13,1.82e-16,0.00e+00,yes,HiGHS 1.15.1,HiGHS model status kOptimal
90fc378,Darwin-arm64,Apple M4,10,none,,,2026-09-28T07:52:33,netlib,kb2,43,41,286,highs,ipm,default,HiGHS defaults (1e-7 feasibility),60.0,Optimal,18,0.002139,-1749.9001299062054,-1749.9001299062054,HiGHS optimum (optima.csv),0.00e+00,PASS,9.09e-13,1.82e-16,0.00e+00,yes,HiGHS 1.15.1,HiGHS model status kOptimal
90fc378,Darwin-arm64,Apple M4,10,none,,,2026-09-28T07:52:33,netlib,kb2,43,41,286,highs,pdlp,default,1e-8 (pdlp_optimality_tolerance),60.0,Optimal,29560,0.029342,-1749.900129913433,-1749.9001299062054,HiGHS optimum (optima.csv),4.13e-12,PASS,4.31e-08,8.11e-11,1.07e-11,yes,HiGHS 1.15.1,HiGHS model status kOptimal
90fc378,Darwin-arm64,Apple M4,10,none,,,2026-09-28T07:52:33,netlib,lotfi,153,308,1078,ps26119,auto,1,1e-8,60.0,Optimal,149,0.002839,-25.264706061880009,-25.264706061880002,HiGHS optimum (optima.csv),2.71e-16,PASS,5.82e-11,5.55e-17,6.89e-17,yes,ps26119 0.1.0 (git 90fc378),"auto: simplex (rows*nnz = 1.6e+05); phase-1 iters 108, bound flips 0, refactorizations 8, Bland episodes 0, Devex resets 1, tolerance tightenings 0; presolve removed 19 rows, 8 cols"
90fc378,Darwin-arm64,Apple M4,10,none,,,2026-09-28T07:52:33,netlib,lotfi,153,308,1078,ps26119,simplex,1,1e-8,60.0,Optimal,149,0.002881,-25.264706061880009,-25.264706061880002,HiGHS optimum (optima.csv),2.71e-16,PASS,5.82e-11,5.55e-17,6.89e-17,yes,ps26119 0.1.0 (git 90fc378),"phase-1 iters 108, bound flips 0, refactorizations 8, Bland episodes 0, Devex resets 1, tolerance tightenings 0; presolve removed 19 rows, 8 cols"
90fc378,Darwin-arm64,Apple M4,10,none,,,2026-09-28T07:52:33,netlib,lotfi,153,308,1078,ps26119,r2hpdhg,1,1e-8,60.0,Optimal,5376,0.014814,-25.264706064584342,-25.264706061880002,HiGHS optimum (optima.csv),1.03e-10,PASS,1.89e-07,1.60e-10,2.88e-10,yes,ps26119 0.1.0 (git 90fc378),"presolve removed 19 rows, 8 cols"
90fc378,Darwin-arm64,Apple M4,10,none,,,2026-09-28T07:52:33,netlib,lotfi,153,308,1078,ps26119,r2hpdhg,10,1e-8,60.0,Optimal,5376,0.014022,-25.264706064584342,-25.264706061880002,HiGHS optimum (optima.csv),1.03e-10,PASS,1.89e-07,1.60e-10,2.88e-10,yes,ps26119 0.1.0 (git 90fc378),"presolve removed 19 rows, 8 cols"
90fc378,Darwin-arm64,Apple M4,10,none,,,2026-09-28T07:52:33,netlib,lotfi,153,308,1078,highs,simplex,default,HiGHS defaults (1e-7 feasibility),60.0,Optimal,98,0.002242,-25.264706061880002,-25.264706061880002,HiGHS optimum (optima.csv),0.00e+00,PASS,2.91e-11,5.55e-17,2.07e-16,yes,HiGHS 1.15.1,HiGHS model status kOptimal
90fc378,Darwin-arm64,Apple M4,10,none,,,2026-09-28T07:52:33,netlib,lotfi,153,308,1078,highs,ipm,default,HiGHS defaults (1e-7 feasibility),60.0,Optimal,19,0.005627,-25.26470606188001,-25.264706061880002,HiGHS optimum (optima.csv),2.71e-16,PASS,9.31e-10,5.55e-17,6.89e-17,yes,HiGHS 1.15.1,HiGHS model status kOptimal
90fc378,Darwin-arm64,Apple M4,10,none,,,2026-09-28T07:52:33,netlib,lotfi,153,308,1078,highs,pdlp,default,1e-8 (pdlp_optimality_tolerance),60.0,Optimal,44880,0.142038,-25.264696706774334,-25.264706061880002,HiGHS optimum (optima.csv),3.56e-07,FAIL,2.79e-05,5.50e-09,2.53e-09,no,HiGHS 1.15.1,HiGHS model status kOptimal
90fc378,Darwin-arm64,Apple M4,10,none,,,2026-09-28T07:52:33,netlib,maros-r7,3136,9408,144848,ps26119,auto,1,1e-8,60.0,Optimal,8128,2.158853,1497185.1664783671,1497185.166479642,HiGHS optimum (optima.csv),8.52e-13,PASS,1.88e-08,2.28e-07,3.43e-11,yes,ps26119 0.1.0 (git 90fc378),auto: r2hpdhg (rows*nnz = 4.5e+08)
90fc378,Darwin-arm64,Apple M4,10,none,,,2026-09-28T07:52:33,netlib,maros-r7,3136,9408,144848,ps26119,simplex,1,1e-8,60.0,Optimal,4894,2.835381,1497185.1664796425,1497185.166479642,HiGHS optimum (optima.csv),3.11e-16,PASS,1.14e-13,4.41e-15,0.00e+00,yes,ps26119 0.1.0 (git 90fc378),"phase-1 iters 3802, bound flips 0, refactorizations 81, Bland episodes 0, Devex resets 63, tolerance tightenings 0"
90fc378,Darwin-arm64,Apple M4,10,none,,,2026-09-28T07:52:33,netlib,maros-r7,3136,9408,144848,ps26119,r2hpdhg,1,1e-8,60.0,Optimal,8128,2.162753,1497185.1664783671,1497185.166479642,HiGHS optimum (optima.csv),8.52e-13,PASS,1.88e-08,2.28e-07,3.43e-11,yes,ps26119 0.1.0 (git 90fc378),
90fc378,Darwin-arm64,Apple M4,10,none,,,2026-09-28T07:52:33,netlib,maros-r7,3136,9408,144848,ps26119,r2hpdhg,10,1e-8,60.0,Optimal,8128,2.733661,1497185.1664783671,1497185.166479642,HiGHS optimum (optima.csv),8.52e-13,PASS,1.88e-08,2.28e-07,3.43e-11,yes,ps26119 0.1.0 (git 90fc378),
90fc378,Darwin-arm64,Apple M4,10,none,,,2026-09-28T07:52:33,netlib,maros-r7,3136,9408,144848,highs,simplex,default,HiGHS defaults (1e-7 feasibility),60.0,Optimal,2498,0.543101,1497185.166479642,1497185.166479642,HiGHS optimum (optima.csv),0.00e+00,PASS,6.50e-14,1.87e-15,7.78e-17,yes,HiGHS 1.15.1,HiGHS model status kOptimal
90fc378,Darwin-arm64,Apple M4,10,none,,,2026-09-28T07:52:33,netlib,maros-r7,3136,9408,144848,highs,ipm,default,HiGHS defaults (1e-7 feasibility),60.0,Optimal,16,0.450108,1497185.166479642,1497185.166479642,HiGHS optimum (optima.csv),0.00e+00,PASS,6.50e-14,1.87e-15,7.78e-17,yes,HiGHS 1.15.1,HiGHS model status kOptimal
90fc378,Darwin-arm64,Apple M4,10,none,,,2026-09-28T07:52:33,netlib,maros-r7,3136,9408,144848,highs,pdlp,default,1e-8 (pdlp_optimality_tolerance),60.0,Optimal,10800,1.995187,1497185.1642868484,1497185.166479642,HiGHS optimum (optima.csv),1.46e-09,FAIL,4.19e-05,3.02e-06,3.32e-09,no,HiGHS 1.15.1,HiGHS model status kOptimal
90fc378,Darwin-arm64,Apple M4,10,none,,,2026-09-28T07:52:33,netlib,maros,846,1443,9614,ps26119,auto,1,1e-8,60.0,Optimal,1651,0.136979,-58063.743701125895,-58063.743701125946,HiGHS optimum (optima.csv),8.77e-16,PASS,9.31e-10,9.17e-16,1.25e-16,yes,ps26119 0.1.0 (git 90fc378),"auto: simplex (rows*nnz = 8.1e+06); phase-1 iters 778, bound flips 0, refactorizations 54, Bland episodes 0, Devex resets 20, tolerance tightenings 0; presolve removed 35 rows, 52 cols"
90fc378,Darwin-arm64,Apple M4,10,none,,,2026-09-28T07:52:33,netlib,maros,846,1443,9614,ps26119,simplex,1,1e-8,60.0,Optimal,1651,0.140827,-58063.743701125895,-58063.743701125946,HiGHS optimum (optima.csv),8.77e-16,PASS,9.31e-10,9.17e-16,1.25e-16,yes,ps26119 0.1.0 (git 90fc378),"phase-1 iters 778, bound flips 0, refactorizations 54, Bland episodes 0, Devex resets 20, tolerance tightenings 0; presolve removed 35 rows, 52 cols"
90fc378,Darwin-arm64,Apple M4,10,none,,,2026-09-28T07:52:33,netlib,maros,846,1443,9614,ps26119,r2hpdhg,1,1e-8,60.0,Optimal,258496,4.887515,-58063.743701495201,-58063.743701125946,HiGHS optimum (optima.csv),6.36e-12,PASS,2.99e-07,7.41e-09,1.58e-10,yes,ps26119 0.1.0 (git 90fc378),"presolve removed 35 rows, 52 cols"
90fc378,Darwin-arm64,Apple M4,10,none,,,2026-09-28T07:52:33,netlib,maros,846,1443,9614,ps26119,r2hpdhg,10,1e-8,60.0,Optimal,258496,4.891694,-58063.743701495201,-58063.743701125946,HiGHS optimum (optima.csv),6.36e-12,PASS,2.99e-07,7.41e-09,1.58e-10,yes,ps26119 0.1.0 (git 90fc378),"presolve removed 35 rows, 52 cols"
90fc378,Darwin-arm64,Apple M4,10,none,,,2026-09-28T07:52:33,netlib,maros,846,1443,9614,highs,simplex,default,HiGHS defaults (1e-7 feasibility),60.0,Optimal,1193,0.037804,-58063.743701125946,-58063.743701125946,HiGHS optimum (optima.csv),0.00e+00,PASS,4.66e-10,7.84e-16,6.27e-17,yes,HiGHS 1.15.1,HiGHS model status kOptimal
90fc378,Darwin-arm64,Apple M4,10,none,,,2026-09-28T07:52:33,netlib,maros,846,1443,9614,highs,ipm,default,HiGHS defaults (1e-7 feasibility),60.0,Optimal,26,0.046338,-58063.74370112591,-58063.743701125946,HiGHS optimum (optima.csv),6.27e-16,PASS,4.66e-10,4.25e-16,6.27e-17,yes,HiGHS 1.15.1,HiGHS model status kOptimal
90fc378,Darwin-arm64,Apple M4,10,none,,,2026-09-28T07:52:33,netlib,maros,846,1443,9614,highs,pdlp,default,1e-8 (pdlp_optimality_tolerance),60.0,Optimal,45560,0.775192,-58063.74407666529,-58063.743701125946,HiGHS optimum (optima.csv),6.47e-09,FAIL,4.49e-04,4.45e-08,4.17e-09,no,HiGHS 1.15.1,HiGHS model status kOptimal
90fc378,Darwin-arm64,Apple M4,10,none,,,2026-09-28T07:52:33,netlib,modszk1,687,1620,3168,ps26119,auto,1,1e-8,60.0,Optimal,905,0.078864,320.61972906476473,320.61972906464734,HiGHS optimum (optima.csv),3.65e-13,PASS,5.82e-11,1.55e-17,5.38e-13,yes,ps26119 0.1.0 (git 90fc378),"auto: simplex (rows*nnz = 2.2e+06); phase-1 iters 14, bound flips 0, refactorizations 81, Bland episodes 0, Devex resets 6, tolerance tightenings 0; presolve removed 2 rows, 1 cols"
90fc378,Darwin-arm64,Apple M4,10,none,,,2026-09-28T07:52:33,netlib,modszk1,687,1620,3168,ps26119,simplex,1,1e-8,60.0,Optimal,905,0.076858,320.61972906476473,320.61972906464734,HiGHS optimum (optima.csv),3.65e-13,PASS,5.82e-11,1.55e-17,5.38e-13,yes,ps26119 0.1.0 (git 90fc378),"phase-1 iters 14, bound flips 0, refactorizations 81, Bland episodes 0, Devex resets 6, tolerance tightenings 0; presolve removed 2 rows, 1 cols"
90fc378,Darwin-arm64,Apple M4,10,none,,,2026-09-28T07:52:33,netlib,modszk1,687,1620,3168,ps26119,r2hpdhg,1,1e-8,60.0,Optimal,59776,0.584835,320.61972898053807,320.61972906464734,HiGHS optimum (optima.csv),2.62e-10,PASS,2.30e-08,9.04e-13,2.04e-09,yes,ps26119 0.1.0 (git 90fc378),"presolve removed 2 rows, 1 cols"
90fc378,Darwin-arm64,Apple M4,10,none,,,2026-09-28T07:52:33,netlib,modszk1,687,1620,3168,ps26119,r2hpdhg,10,1e-8,60.0,Optimal,59776,0.589458,320.61972898053807,320.61972906464734,HiGHS optimum (optima.csv),2.62e-10,PASS,2.30e-08,9.04e-13,2.04e-09,yes,ps26119 0.1.0 (git 90fc378),"presolve removed 2 rows, 1 cols"
90fc378,Darwin-arm64,Apple M4,10,none,,,2026-09-28T07:52:33,netlib,modszk1,687,1620,3168,highs,simplex,default,HiGHS defaults (1e-7 feasibility),60.0,Optimal,539,0.013866,320.61972906464734,320.61972906464734,HiGHS optimum (optima.csv),0.00e+00,PASS,2.05e-11,1.93e-18,8.42e-13,yes,HiGHS 1.15.1,HiGHS model status kOptimal
90fc378,Darwin-arm64,Apple M4,10,none,,,2026-09-28T07:52:33,netlib,modszk1,687,1620,3168,highs,ipm,default,HiGHS defaults (1e-7 feasibility),60.0,Optimal,21,0.032130,320.61972906453747,320.61972906464734,HiGHS optimum (optima.csv),3.42e-13,PASS,2.91e-11,3.86e-18,6.93e-13,yes,HiGHS 1.15.1,HiGHS model status kOptimal
90fc378,Darwin-arm64,Apple M4,10,none,,,2026-09-28T07:52:33,netlib,modszk1,687,1620,3168,highs,pdlp,default,1e-8 (pdlp_optimality_tolerance),60.0,Optimal,110840,2.054052,320.6197290642004,320.61972906464734,HiGHS optimum (optima.csv),1.39e-12,PASS,1.75e-10,3.50e-13,2.35e-09,yes,HiGHS 1.15.1,HiGHS model status kOptimal
90fc378,Darwin-arm64,Apple M4,10,none,,,2026-09-28T07:52:33,netlib,nesm,662,2923,13288,ps26119,auto,1,1e-8,60.0,Optimal,3846,0.346895,14076036.487562694,14076036.487562707,HiGHS optimum (optima.csv),9.26e-16,PASS,2.05e-11,1.38e-14,1.85e-15,yes,ps26119 0.1.0 (git 90fc378),"auto: simplex (rows*nnz = 8.8e+06); phase-1 iters 1534, bound flips 389, refactorizations 192, Bland episodes 0, Devex resets 34, tolerance tightenings 4; presolve removed 16 rows, 183 cols"
90fc378,Darwin-arm64,Apple M4,10,none,,,2026-09-28T07:52:33,netlib,nesm,662,2923,13288,ps26119,simplex,1,1e-8,60.0,Optimal,3846,0.347419,14076036.487562694,14076036.487562707,HiGHS optimum (optima.csv),9.26e-16,PASS,2.05e-11,1.38e-14,1.85e-15,yes,ps26119 0.1.0 (git 90fc378),"phase-1 iters 1534, bound flips 389, refactorizations 192, Bland episodes 0, Devex resets 34, tolerance tightenings 4; presolve removed 16 rows, 183 cols"
90fc378,Darwin-arm64,Apple M4,10,none,,,2026-09-28T07:52:33,netlib,nesm,662,2923,13288,ps26119,r2hpdhg,1,1e-8,60.0,Optimal,513280,13.040123,14076036.489135785,14076036.487562707,HiGHS optimum (optima.csv),1.12e-10,PASS,1.59e-07,6.19e-10,5.74e-11,yes,ps26119 0.1.0 (git 90fc378),"presolve removed 16 rows, 183 cols; reduced model re-solved to 1e-10 to pass on the original"
90fc378,Darwin-arm64,Apple M4,10,none,,,2026-09-28T07:52:33,netlib,nesm,662,2923,13288,ps26119,r2hpdhg,10,1e-8,60.0,Optimal,513280,13.033012,14076036.489135785,14076036.487562707,HiGHS optimum (optima.csv),1.12e-10,PASS,1.59e-07,6.19e-10,5.74e-11,yes,ps26119 0.1.0 (git 90fc378),"presolve removed 16 rows, 183 cols; reduced model re-solved to 1e-10 to pass on the original"
90fc378,Darwin-arm64,Apple M4,10,none,,,2026-09-28T07:52:33,netlib,nesm,662,2923,13288,highs,simplex,default,HiGHS defaults (1e-7 feasibility),60.0,Optimal,2627,0.152310,14076036.487562707,14076036.487562707,HiGHS optimum (optima.csv),0.00e+00,PASS,5.88e-09,6.16e-16,3.97e-16,yes,HiGHS 1.15.1,HiGHS model status kOptimal
90fc378,Darwin-arm64,Apple M4,10,none,,,2026-09-28T07:52:33,netlib,nesm,662,2923,13288,highs,ipm,default,HiGHS defaults (1e-7 feasibility),60.0,Optimal,38,0.089338,14076036.487562718,14076036.487562707,HiGHS optimum (optima.csv),7.94e-16,PASS,5.88e-09,1.82e-15,9.92e-16,yes,HiGHS 1.15.1,HiGHS model status kOptimal
90fc378,Darwin-arm64,Apple M4,10,none,,,2026-09-28T07:52:33,netlib,nesm,662,2923,13288,highs,pdlp,default,1e-8 (pdlp_optimality_tolerance),60.0,Optimal,905120,37.945039,14076036.698451793,14076036.487562707,HiGHS optimum (optima.csv),1.50e-08,FAIL,3.46e-05,7.77e-08,1.00e-08,no,HiGHS 1.15.1,HiGHS model status kOptimal
90fc378,Darwin-arm64,Apple M4,10,none,,,2026-09-28T07:52:33,netlib,perold,625,1376,6018,ps26119,auto,1,1e-8,60.0,Optimal,3201,0.324773,-9380.7552782351686,-9380.755278235229,HiGHS optimum (optima.csv),6.40e-15,PASS,1.46e-11,1.59e-13,1.07e-15,yes,ps26119 0.1.0 (git 90fc378),"auto: simplex (rows*nnz = 3.8e+06); phase-1 iters 1554, bound flips 44, refactorizations 121, Bland episodes 0, Devex resets 100, tolerance tightenings 0; presolve removed 5 rows, 68 cols"
90fc378,Darwin-arm64,Apple M4,10,none,,,2026-09-28T07:52:33,netlib,perold,625,1376,6018,ps26119,simplex,1,1e-8,60.0,Optimal,3201,0.329209,-9380.7552782351686,-9380.755278235229,HiGHS optimum (optima.csv),6.40e-15,PASS,1.46e-11,1.59e-13,1.07e-15,yes,ps26119 0.1.0 (git 90fc378),"phase-1 iters 1554, bound flips 44, refactorizations 121, Bland episodes 0, Devex resets 100, tolerance tightenings 0; presolve removed 5 rows, 68 cols"
90fc378,Darwin-arm64,Apple M4,10,none,,,2026-09-28T07:52:33,netlib,perold,625,1376,6018,ps26119,r2hpdhg,1,1e-8,60.0,Optimal,150464,1.951920,-9380.7552782511502,-9380.755278235229,HiGHS optimum (optima.csv),1.70e-12,PASS,1.40e-07,6.38e-09,1.49e-12,yes,ps26119 0.1.0 (git 90fc378),"presolve removed 5 rows, 68 cols"
90fc378,Darwin-arm64,Apple M4,10,none,,,2026-09-28T07:52:33,netlib,perold,625,1376,6018,ps26119,r2hpdhg,10,1e-8,60.0,Optimal,150464,1.953389,-9380.7552782511502,-9380.755278235229,HiGHS optimum (optima.csv),1.70e-12,PASS,1.40e-07,6.38e-09,1.49e-12,yes,ps26119 0.1.0 (git 90fc378),"presolve removed 5 rows, 68 cols"
90fc378,Darwin-arm64,Apple M4,10,none,,,2026-09-28T07:52:33,netlib,perold,625,1376,6018,highs,simplex,default,HiGHS defaults (1e-7 feasibility),60.0,Optimal,1149,0.058578,-9380.755278235229,-9380.755278235229,HiGHS optimum (optima.csv),0.00e+00,PASS,1.82e-11,5.63e-14,5.82e-15,yes,HiGHS 1.15.1,HiGHS model status kOptimal
90fc378,Darwin-arm64,Apple M4,10,none,,,2026-09-28T07:52:33,netlib,perold,625,1376,6018,highs,ipm,default,HiGHS defaults (1e-7 feasibility),60.0,Optimal,31,0.080570,-9380.755278235229,-9380.755278235229,HiGHS optimum (optima.csv),0.00e+00,PASS,1.48e-11,6.70e-13,9.69e-17,yes,HiGHS 1.15.1,HiGHS model status kOptimal
90fc378,Darwin-arm64,Apple M4,10,none,,,2026-09-28T07:52:33,netlib,perold,625,1376,6018,highs,pdlp,default,1e-8 (pdlp_optimality_tolerance),60.0,Optimal,1237080,23.112711,-9380.756257363297,-9380.755278235229,HiGHS optimum (optima.csv),1.04e-07,FAIL,1.59e-04,3.00e-08,8.13e-09,no,HiGHS 1.15.1,HiGHS model status kOptimal
90fc378,Darwin-arm64,Apple M4,10,none,,,2026-09-28T07:52:33,netlib,pilot.ja,940,1988,14698,ps26119,auto,1,1e-8,60.0,Optimal,4259,0.687767,-6113.1364655813413,-6113.136465581334,HiGHS optimum (optima.csv),1.19e-15,PASS,2.03e-09,1.19e-12,2.23e-16,yes,ps26119 0.1.0 (git 90fc378),"auto: simplex (rows*nnz = 1.4e+07); phase-1 iters 1338, bound flips 39, refactorizations 167, Bland episodes 0, Devex resets 208, tolerance tightenings 0; presolve removed 21 rows, 315 cols"
90fc378,Darwin-arm64,Apple M4,10,none,,,2026-09-28T07:52:33,netlib,pilot.ja,940,1988,14698,ps26119,simplex,1,1e-8,60.0,Optimal,4259,0.691719,-6113.1364655813413,-6113.136465581334,HiGHS optimum (optima.csv),1.19e-15,PASS,2.03e-09,1.19e-12,2.23e-16,yes,ps26119 0.1.0 (git 90fc378),"phase-1 iters 1338, bound flips 39, refactorizations 167, Bland episodes 0, Devex resets 208, tolerance tightenings 0; presolve removed 21 rows, 315 cols"
90fc378,Darwin-arm64,Apple M4,10,none,,,2026-09-28T07:52:33,netlib,pilot.ja,940,1988,14698,ps26119,r2hpdhg,1,1e-8,60.0,TimeLimit,2406730,60.006948,-6113.1369932890066,-6113.136465581334,HiGHS optimum (optima.csv),8.63e-08,FAIL,5.32e-06,2.20e-08,2.05e-08,no,ps26119 0.1.0 (git 90fc378),"presolve removed 21 rows, 315 cols"
90fc378,Darwin-arm64,Apple M4,10,none,,,2026-09-28T07:52:33,netlib,pilot.ja,940,1988,14698,ps26119,r2hpdhg,10,1e-8,60.0,TimeLimit,2409308,60.007005,-6113.1369932749885,-6113.136465581334,HiGHS optimum (optima.csv),8.63e-08,FAIL,5.32e-06,3.02e-08,2.05e-08,no,ps26119 0.1.0 (git 90fc378),"presolve removed 21 rows, 315 cols"
90fc378,Darwin-arm64,Apple M4,10,none,,,2026-09-28T07:52:33,netlib,pilot.ja,940,1988,14698,highs,simplex,default,HiGHS defaults (1e-7 feasibility),60.0,Optimal,1287,0.078692,-6113.136465581334,-6113.136465581334,HiGHS optimum (optima.csv),0.00e+00,PASS,1.73e-11,3.97e-13,1.04e-15,yes,HiGHS 1.15.1,HiGHS model status kOptimal
90fc378,Darwin-arm64,Apple M4,10,none,,,2026-09-28T07:52:33,netlib,pilot.ja,940,1988,14698,highs,ipm,default,HiGHS defaults (1e-7 feasibility),60.0,Optimal,31,0.117514,-6113.136465581378,-6113.136465581334,HiGHS optimum (optima.csv),7.14e-15,PASS,1.16e-10,1.19e-12,1.34e-15,yes,HiGHS 1.15.1,HiGHS model status kOptimal
90fc378,Darwin-arm64,Apple M4,10,none,,,2026-09-28T07:52:33,netlib,pilot.ja,940,1988,14698,highs,pdlp,default,1e-8 (pdlp_optimality_tolerance),60.0,TimeLimit,2053288,60.594710,0.0,-6113.136465581334,HiGHS optimum (optima.csv),1.00e+00,FAIL,nan,nan,nan,no,HiGHS 1.15.1,HiGHS model status kTimeLimit
90fc378,Darwin-arm64,Apple M4,10,none,,,2026-09-28T07:52:33,netlib,pilot,1441,3652,43167,ps26119,auto,1,1e-8,60.0,Optimal,17655,8.211498,-557.48972928406749,-557.4897292796667,HiGHS optimum (optima.csv),7.88e-12,PASS,1.19e-10,7.87e-15,4.89e-15,yes,ps26119 0.1.0 (git 90fc378),"auto: simplex (rows*nnz = 6.2e+07); phase-1 iters 10264, bound flips 236, refactorizations 324, Bland episodes 0, Devex resets 1248, tolerance tightenings 0; presolve removed 8 rows, 205 cols"
90fc378,Darwin-arm64,Apple M4,10,none,,,2026-09-28T07:52:33,netlib,pilot,1441,3652,43167,ps26119,simplex,1,1e-8,60.0,Optimal,17655,8.189190,-557.48972928406749,-557.4897292796667,HiGHS optimum (optima.csv),7.88e-12,PASS,1.19e-10,7.87e-15,4.89e-15,yes,ps26119 0.1.0 (git 90fc378),"phase-1 iters 10264, bound flips 236, refactorizations 324, Bland episodes 0, Devex resets 1248, tolerance tightenings 0; presolve removed 8 rows, 205 cols"
90fc378,Darwin-arm64,Apple M4,10,none,,,2026-09-28T07:52:33,netlib,pilot,1441,3652,43167,ps26119,r2hpdhg,1,1e-8,60.0,TimeLimit,724268,60.050532,-557.49410091658592,-557.4897292796667,HiGHS optimum (optima.csv),7.83e-06,FAIL,1.90e-02,2.29e-03,3.55e-04,no,ps26119 0.1.0 (git 90fc378),"presolve removed 8 rows, 205 cols"
90fc378,Darwin-arm64,Apple M4,10,none,,,2026-09-28T07:52:33,netlib,pilot,1441,3652,43167,ps26119,r2hpdhg,10,1e-8,60.0,TimeLimit,723405,60.050574,-557.4931949190061,-557.4897292796667,HiGHS optimum (optima.csv),6.21e-06,FAIL,1.21e-02,2.45e-03,3.66e-04,no,ps26119 0.1.0 (git 90fc378),"presolve removed 8 rows, 205 cols"
90fc378,Darwin-arm64,Apple M4,10,none,,,2026-09-28T07:52:33,netlib,pilot,1441,3652,43167,highs,simplex,default,HiGHS defaults (1e-7 feasibility),60.0,Optimal,5601,1.088736,-557.4897292796667,-557.4897292796667,HiGHS optimum (optima.csv),0.00e+00,PASS,3.23e-08,1.06e-08,3.90e-10,yes,HiGHS 1.15.1,HiGHS model status kOptimal
90fc378,Darwin-arm64,Apple M4,10,none,,,2026-09-28T07:52:33,netlib,pilot,1441,3652,43167,highs,ipm,default,HiGHS defaults (1e-7 feasibility),60.0,Optimal,40,0.630937,-557.4897292853703,-557.4897292796667,HiGHS optimum (optima.csv),1.02e-11,PASS,3.23e-08,7.27e-15,9.58e-15,yes,HiGHS 1.15.1,HiGHS model status kOptimal
90fc378,Darwin-arm64,Apple M4,10,none,,,2026-09-28T07:52:33,netlib,pilot,1441,3652,43167,highs,pdlp,default,1e-8 (pdlp_optimality_tolerance),60.0,TimeLimit,706316,60.502554,0.0,-557.4897292796667,HiGHS optimum (optima.csv),9.98e-01,FAIL,nan,nan,nan,no,HiGHS 1.15.1,HiGHS model status kTimeLimit
90fc378,Darwin-arm64,Apple M4,10,none,,,2026-09-28T07:52:33,netlib,pilot.we,722,2789,9126,ps26119,auto,1,1e-8,60.0,Optimal,3478,0.425328,-2720107.5328449677,-2720107.5328449626,HiGHS optimum (optima.csv),1.88e-15,PASS,1.26e-09,5.64e-17,1.71e-16,yes,ps26119 0.1.0 (git 90fc378),"auto: simplex (rows*nnz = 6.6e+06); phase-1 iters 802, bound flips 123, refactorizations 160, Bland episodes 0, Devex resets 203, tolerance tightenings 1; presolve removed 0 rows, 78 cols"
90fc378,Darwin-arm64,Apple M4,10,none,,,2026-09-28T07:52:33,netlib,pilot.we,722,2789,9126,ps26119,simplex,1,1e-8,60.0,Optimal,3478,0.425539,-2720107.5328449677,-2720107.5328449626,HiGHS optimum (optima.csv),1.88e-15,PASS,1.26e-09,5.64e-17,1.71e-16,yes,ps26119 0.1.0 (git 90fc378),"phase-1 iters 802, bound flips 123, refactorizations 160, Bland episodes 0, Devex resets 203, tolerance tightenings 1; presolve removed 0 rows, 78 cols"
90fc378,Darwin-arm64,Apple M4,10,none,,,2026-09-28T07:52:33,netlib,pilot.we,722,2789,9126,ps26119,r2hpdhg,1,1e-8,60.0,TimeLimit,2716853,60.009696,-2720109.9249782544,-2720107.5328449626,HiGHS optimum (optima.csv),8.79e-07,FAIL,6.67e-03,6.00e-07,7.20e-07,no,ps26119 0.1.0 (git 90fc378),"presolve removed 0 rows, 78 cols"
90fc378,Darwin-arm64,Apple M4,10,none,,,2026-09-28T07:52:33,netlib,pilot.we,722,2789,9126,ps26119,r2hpdhg,10,1e-8,60.0,TimeLimit,2740540,60.009916,-2720109.4205726092,-2720107.5328449626,HiGHS optimum (optima.csv),6.94e-07,FAIL,1.48e-02,1.07e-06,2.80e-06,no,ps26119 0.1.0 (git 90fc378),"presolve removed 0 rows, 78 cols"
90fc378,Darwin-arm64,Apple M4,10,none,,,2026-09-28T07:52:33,netlib,pilot.we,722,2789,9126,highs,simplex,default,HiGHS defaults (1e-7 feasibility),60.0,Optimal,2439,0.133068,-2720107.5328449626,-2720107.5328449626,HiGHS optimum (optima.csv),0.00e+00,PASS,5.24e-10,1.40e-16,0.00e+00,yes,HiGHS 1.15.1,HiGHS model status kOptimal
90fc378,Darwin-arm64,Apple M4,10,none,,,2026-09-28T07:52:33,netlib,pilot.we,722,2789,9126,highs,ipm,default,HiGHS defaults (1e-7 feasibility),60.0,Optimal,39,0.116667,-2720107.53284496,-2720107.5328449626,HiGHS optimum (optima.csv),8.56e-16,PASS,1.17e-09,2.49e-16,4.28e-16,yes,HiGHS 1.15.1,HiGHS model status kOptimal
90fc378,Darwin-arm64,Apple M4,10,none,,,2026-09-28T07:52:33,netlib,pilot.we,722,2789,9126,highs,pdlp,default,1e-8 (pdlp_optimality_tolerance),60.0,TimeLimit,1640579,60.746914,0.0,-2720107.5328449626,HiGHS optimum (optima.csv),1.00e+00,FAIL,nan,nan,nan,no,HiGHS 1.15.1,HiGHS model status kTimeLimit
90fc378,Darwin-arm64,Apple M4,10,none,,,2026-09-28T07:52:33,netlib,pilot4,410,1000,5141,ps26119,auto,1,1e-8,60.0,Optimal,1558,0.112295,-2581.139258883888,-2581.1392588838908,HiGHS optimum (optima.csv),1.06e-15,PASS,5.48e-11,2.81e-14,1.76e-16,yes,ps26119 0.1.0 (git 90fc378),"auto: simplex (rows*nnz = 2.1e+06); phase-1 iters 496, bound flips 55, refactorizations 58, Bland episodes 0, Devex resets 132, tolerance tightenings 0; presolve removed 8 rows, 38 cols"
90fc378,Darwin-arm64,Apple M4,10,none,,,2026-09-28T07:52:33,netlib,pilot4,410,1000,5141,ps26119,simplex,1,1e-8,60.0,Optimal,1558,0.113738,-2581.139258883888,-2581.1392588838908,HiGHS optimum (optima.csv),1.06e-15,PASS,5.48e-11,2.81e-14,1.76e-16,yes,ps26119 0.1.0 (git 90fc378),"phase-1 iters 496, bound flips 55, refactorizations 58, Bland episodes 0, Devex resets 132, tolerance tightenings 0; presolve removed 8 rows, 38 cols"
90fc378,Darwin-arm64,Apple M4,10,none,,,2026-09-28T07:52:33,netlib,pilot4,410,1000,5141,ps26119,r2hpdhg,1,1e-8,60.0,TimeLimit,5613697,60.002440,-2581.1392641929397,-2581.1392588838908,HiGHS optimum (optima.csv),2.06e-09,FAIL,2.55e-05,2.91e-08,1.10e-09,no,ps26119 0.1.0 (git 90fc378),"presolve removed 8 rows, 38 cols"
90fc378,Darwin-arm64,Apple M4,10,none,,,2026-09-28T07:52:33,netlib,pilot4,410,1000,5141,ps26119,r2hpdhg,10,1e-8,60.0,TimeLimit,5626398,60.002510,-2581.1392638646485,-2581.1392588838908,HiGHS optimum (optima.csv),1.93e-09,FAIL,2.39e-05,2.98e-08,1.04e-09,no,ps26119 0.1.0 (git 90fc378),"presolve removed 8 rows, 38 cols"
90fc378,Darwin-arm64,Apple M4,10,none,,,2026-09-28T07:52:33,netlib,pilot4,410,1000,5141,highs,simplex,default,HiGHS defaults (1e-7 feasibility),60.0,Optimal,684,0.028432,-2581.1392588838908,-2581.1392588838908,HiGHS optimum (optima.csv),0.00e+00,PASS,2.59e-11,5.63e-14,1.76e-16,yes,HiGHS 1.15.1,HiGHS model status kOptimal
90fc378,Darwin-arm64,Apple M4,10,none,,,2026-09-28T07:52:33,netlib,pilot4,410,1000,5141,highs,ipm,default,HiGHS defaults (1e-7 feasibility),60.0,Optimal,32,0.046517,-2581.1392588838935,-2581.1392588838908,HiGHS optimum (optima.csv),1.06e-15,PASS,2.09e-11,5.63e-14,7.05e-16,yes,HiGHS 1.15.1,HiGHS model status kOptimal
90fc378,Darwin-arm64,Apple M4,10,none,,,2026-09-28T07:52:33,netlib,pilot4,410,1000,5141,highs,pdlp,default,1e-8 (pdlp_optimality_tolerance),60.0,TimeLimit,3906897,60.295613,0.0,-2581.1392588838908,HiGHS optimum (optima.csv),1.00e+00,FAIL,nan,nan,nan,no,HiGHS 1.15.1,HiGHS model status kTimeLimit
90fc378,Darwin-arm64,Apple M4,10,none,,,2026-09-28T07:52:33,netlib,pilot87,2030,4883,73152,ps26119,auto,1,1e-8,60.0,Optimal,26244,20.091793,301.71034743753762,301.71034733310836,HiGHS optimum (optima.csv),3.45e-10,PASS,8.17e-12,5.02e-09,9.40e-16,yes,ps26119 0.1.0 (git 90fc378),"auto: simplex (rows*nnz = 1.5e+08); phase-1 iters 11586, bound flips 776, refactorizations 376, Bland episodes 0, Devex resets 971, tolerance tightenings 1; presolve removed 15 rows, 225 cols"
90fc378,Darwin-arm64,Apple M4,10,none,,,2026-09-28T07:52:33,netlib,pilot87,2030,4883,73152,ps26119,simplex,1,1e-8,60.0,Optimal,26244,20.118847,301.71034743753762,301.71034733310836,HiGHS optimum (optima.csv),3.45e-10,PASS,8.17e-12,5.02e-09,9.40e-16,yes,ps26119 0.1.0 (git 90fc378),"phase-1 iters 11586, bound flips 776, refactorizations 376, Bland episodes 0, Devex resets 971, tolerance tightenings 1; presolve removed 15 rows, 225 cols"
90fc378,Darwin-arm64,Apple M4,10,none,,,2026-09-28T07:52:33,netlib,pilot87,2030,4883,73152,ps26119,r2hpdhg,1,1e-8,60.0,TimeLimit,404764,60.080089,301.70999133694471,301.71034733310836,HiGHS optimum (optima.csv),1.18e-06,FAIL,3.81e-02,3.34e-07,3.33e-06,no,ps26119 0.1.0 (git 90fc378),"presolve removed 15 rows, 225 cols"
90fc378,Darwin-arm64,Apple M4,10,none,,,2026-09-28T07:52:33,netlib,pilot87,2030,4883,73152,ps26119,r2hpdhg,10,1e-8,60.0,TimeLimit,404876,60.080382,301.71057337219872,301.71034733310836,HiGHS optimum (optima.csv),7.47e-07,FAIL,1.02e-01,4.00e-07,1.72e-06,no,ps26119 0.1.0 (git 90fc378),"presolve removed 15 rows, 225 cols"
90fc378,Darwin-arm64,Apple M4,10,none,,,2026-09-28T07:52:33,netlib,pilot87,2030,4883,73152,highs,simplex,default,HiGHS defaults (1e-7 feasibility),60.0,Optimal,8956,3.719806,301.71034733310836,301.71034733310836,HiGHS optimum (optima.csv),0.00e+00,PASS,1.94e-09,2.99e-15,6.58e-16,yes,HiGHS 1.15.1,HiGHS model status kOptimal
90fc378,Darwin-arm64,Apple M4,10,none,,,2026-09-28T07:52:33,netlib,pilot87,2030,4883,73152,highs,ipm,default,HiGHS defaults (1e-7 feasibility),60.0,Optimal,39,1.439868,301.7103473331156,301.71034733310836,HiGHS optimum (optima.csv),2.38e-14,PASS,6.37e-09,1.03e-14,7.05e-15,yes,HiGHS 1.15.1,HiGHS model status kOptimal
90fc378,Darwin-arm64,Apple M4,10,none,,,2026-09-28T07:52:33,netlib,pilot87,2030,4883,73152,highs,pdlp,default,1e-8 (pdlp_optimality_tolerance),60.0,TimeLimit,421536,60.746351,0.0,301.71034733310836,HiGHS optimum (optima.csv),9.97e-01,FAIL,nan,nan,nan,no,HiGHS 1.15.1,HiGHS model status kTimeLimit
90fc378,Darwin-arm64,Apple M4,10,none,,,2026-09-28T07:52:33,netlib,pilotnov,975,2172,13057,ps26119,auto,1,1e-8,60.0,Optimal,3799,0.571501,-4497.2761882188715,-4497.2761882188715,HiGHS optimum (optima.csv),0.00e+00,PASS,2.33e-10,2.82e-16,1.01e-16,yes,ps26119 0.1.0 (git 90fc378),"auto: simplex (rows*nnz = 1.3e+07); phase-1 iters 1459, bound flips 70, refactorizations 160, Bland episodes 0, Devex resets 144, tolerance tightenings 0; presolve removed 54 rows, 233 cols"
90fc378,Darwin-arm64,Apple M4,10,none,,,2026-09-28T07:52:33,netlib,pilotnov,975,2172,13057,ps26119,simplex,1,1e-8,60.0,Optimal,3799,0.564915,-4497.2761882188715,-4497.2761882188715,HiGHS optimum (optima.csv),0.00e+00,PASS,2.33e-10,2.82e-16,1.01e-16,yes,ps26119 0.1.0 (git 90fc378),"phase-1 iters 1459, bound flips 70, refactorizations 160, Bland episodes 0, Devex resets 144, tolerance tightenings 0; presolve removed 54 rows, 233 cols"
90fc378,Darwin-arm64,Apple M4,10,none,,,2026-09-28T07:52:33,netlib,pilotnov,975,2172,13057,ps26119,r2hpdhg,1,1e-8,60.0,Optimal,28608,0.778626,-4497.2761882606892,-4497.2761882188715,HiGHS optimum (optima.csv),9.30e-12,PASS,1.01e-07,6.92e-09,1.00e-09,yes,ps26119 0.1.0 (git 90fc378),"presolve removed 54 rows, 233 cols"
90fc378,Darwin-arm64,Apple M4,10,none,,,2026-09-28T07:52:33,netlib,pilotnov,975,2172,13057,ps26119,r2hpdhg,10,1e-8,60.0,Optimal,28608,0.789254,-4497.2761882606892,-4497.2761882188715,HiGHS optimum (optima.csv),9.30e-12,PASS,1.01e-07,6.92e-09,1.00e-09,yes,ps26119 0.1.0 (git 90fc378),"presolve removed 54 rows, 233 cols"
90fc378,Darwin-arm64,Apple M4,10,none,,,2026-09-28T07:52:33,netlib,pilotnov,975,2172,13057,highs,simplex,default,HiGHS defaults (1e-7 feasibility),60.0,Optimal,2154,0.146316,-4497.2761882188715,-4497.2761882188715,HiGHS optimum (optima.csv),0.00e+00,PASS,2.33e-10,1.17e-16,1.01e-16,yes,HiGHS 1.15.1,HiGHS model status kOptimal
90fc378,Darwin-arm64,Apple M4,10,none,,,2026-09-28T07:52:33,netlib,pilotnov,975,2172,13057,highs,ipm,default,HiGHS defaults (1e-7 feasibility),60.0,Optimal,28,0.115864,-4497.2761882188715,-4497.2761882188715,HiGHS optimum (optima.csv),0.00e+00,PASS,2.33e-10,1.17e-16,1.01e-16,yes,HiGHS 1.15.1,HiGHS model status kOptimal
90fc378,Darwin-arm64,Apple M4,10,none,,,2026-09-28T07:52:33,netlib,pilotnov,975,2172,13057,highs,pdlp,default,1e-8 (pdlp_optimality_tolerance),60.0,Optimal,23120,0.788020,-4497.276192768726,-4497.2761882188715,HiGHS optimum (optima.csv),1.01e-09,FAIL,1.59e-03,6.14e-08,1.15e-09,no,HiGHS 1.15.1,HiGHS model status kOptimal
90fc378,Darwin-arm64,Apple M4,10,none,,,2026-09-28T07:52:33,netlib,recipe,91,180,663,ps26119,auto,1,1e-8,60.0,Optimal,49,0.000537,-266.61600000000027,-266.61600000000027,HiGHS optimum (optima.csv),0.00e+00,PASS,0.00e+00,0.00e+00,2.13e-16,yes,ps26119 0.1.0 (git 90fc378),"auto: simplex (rows*nnz = 6e+04); phase-1 iters 15, bound flips 4, refactorizations 2, Bland episodes 0, Devex resets 0, tolerance tightenings 0; presolve removed 8 rows, 29 cols"
90fc378,Darwin-arm64,Apple M4,10,none,,,2026-09-28T07:52:33,netlib,recipe,91,180,663,ps26119,simplex,1,1e-8,60.0,Optimal,49,0.000522,-266.61600000000027,-266.61600000000027,HiGHS optimum (optima.csv),0.00e+00,PASS,0.00e+00,0.00e+00,2.13e-16,yes,ps26119 0.1.0 (git 90fc378),"phase-1 iters 15, bound flips 4, refactorizations 2, Bland episodes 0, Devex resets 0, tolerance tightenings 0; presolve removed 8 rows, 29 cols"
90fc378,Darwin-arm64,Apple M4,10,none,,,2026-09-28T07:52:33,netlib,recipe,91,180,663,ps26119,r2hpdhg,1,1e-8,60.0,Optimal,1024,0.001856,-266.61600000427455,-266.61600000000027,HiGHS optimum (optima.csv),1.60e-11,PASS,1.65e-09,0.00e+00,7.12e-12,yes,ps26119 0.1.0 (git 90fc378),"presolve removed 8 rows, 29 cols"
90fc378,Darwin-arm64,Apple M4,10,none,,,2026-09-28T07:52:33,netlib,recipe,91,180,663,ps26119,r2hpdhg,10,1e-8,60.0,Optimal,1024,0.001843,-266.61600000427455,-266.61600000000027,HiGHS optimum (optima.csv),1.60e-11,PASS,1.65e-09,0.00e+00,7.12e-12,yes,ps26119 0.1.0 (git 90fc378),"presolve removed 8 rows, 29 cols"
90fc378,Darwin-arm64,Apple M4,10,none,,,2026-09-28T07:52:33,netlib,recipe,91,180,663,highs,simplex,default,HiGHS defaults (1e-7 feasibility),60.0,Optimal,19,0.001214,-266.61600000000027,-266.61600000000027,HiGHS optimum (optima.csv),0.00e+00,PASS,0.00e+00,0.00e+00,2.13e-16,yes,HiGHS 1.15.1,HiGHS model status kOptimal
90fc378,Darwin-arm64,Apple M4,10,none,,,2026-09-28T07:52:33,netlib,recipe,91,180,663,highs,ipm,default,HiGHS defaults (1e-7 feasibility),60.0,Optimal,13,0.002199,-266.61600000000027,-266.61600000000027,HiGHS optimum (optima.csv),0.00e+00,PASS,0.00e+00,0.00e+00,2.13e-16,yes,HiGHS 1.15.1,HiGHS model status kOptimal
90fc378,Darwin-arm64,Apple M4,10,none,,,2026-09-28T07:52:33,netlib,recipe,91,180,663,highs,pdlp,default,1e-8 (pdlp_optimality_tolerance),60.0,Optimal,520,0.001370,-266.61600013004573,-266.61600000000027,HiGHS optimum (optima.csv),4.86e-10,PASS,3.00e-08,0.00e+00,2.28e-10,yes,HiGHS 1.15.1,HiGHS model status kOptimal
90fc378,Darwin-arm64,Apple M4,10,none,,,2026-09-28T07:52:33,netlib,sc105,105,103,280,ps26119,auto,1,1e-8,60.0,Optimal,102,0.001645,-52.202061211707225,-52.202061211707246,HiGHS optimum (optima.csv),4.01e-16,PASS,1.14e-13,5.55e-17,0.00e+00,yes,ps26119 0.1.0 (git 90fc378),"auto: simplex (rows*nnz = 2.9e+04); phase-1 iters 0, bound flips 0, refactorizations 12, Bland episodes 0, Devex resets 1, tolerance tightenings 0; presolve removed 1 rows, 0 cols"
90fc378,Darwin-arm64,Apple M4,10,none,,,2026-09-28T07:52:33,netlib,sc105,105,103,280,ps26119,simplex,1,1e-8,60.0,Optimal,102,0.001655,-52.202061211707225,-52.202061211707246,HiGHS optimum (optima.csv),4.01e-16,PASS,1.14e-13,5.55e-17,0.00e+00,yes,ps26119 0.1.0 (git 90fc378),"phase-1 iters 0, bound flips 0, refactorizations 12, Bland episodes 0, Devex resets 1, tolerance tightenings 0; presolve removed 1 rows, 0 cols"
90fc378,Darwin-arm64,Apple M4,10,none,,,2026-09-28T07:52:33,netlib,sc105,105,103,280,ps26119,r2hpdhg,1,1e-8,60.0,Optimal,2304,0.002576,-52.202061177295477,-52.202061211707246,HiGHS optimum (optima.csv),6.47e-10,PASS,3.56e-07,5.07e-12,1.84e-09,yes,ps26119 0.1.0 (git 90fc378),"presolve removed 1 rows, 0 cols"
90fc378,Darwin-arm64,Apple M4,10,none,,,2026-09-28T07:52:33,netlib,sc105,105,103,280,ps26119,r2hpdhg,10,1e-8,60.0,Optimal,2304,0.002686,-52.202061177295477,-52.202061211707246,HiGHS optimum (optima.csv),6.47e-10,PASS,3.56e-07,5.07e-12,1.84e-09,yes,ps26119 0.1.0 (git 90fc378),"presolve removed 1 rows, 0 cols"
90fc378,Darwin-arm64,Apple M4,10,none,,,2026-09-28T07:52:33,netlib,sc105,105,103,280,highs,simplex,default,HiGHS defaults (1e-7 feasibility),60.0,Optimal,37,0.001126,-52.202061211707246,-52.202061211707246,HiGHS optimum (optima.csv),0.00e+00,PASS,5.68e-14,1.39e-17,6.74e-17,yes,HiGHS 1.15.1,HiGHS model status kOptimal
90fc378,Darwin-arm64,Apple M4,10,none,,,2026-09-28T07:52:33,netlib,sc105,105,103,280,highs,ipm,default,HiGHS defaults (1e-7 feasibility),60.0,Optimal,12,0.002043,-52.202061211707246,-52.202061211707246,HiGHS optimum (optima.csv),0.00e+00,PASS,5.68e-14,1.39e-17,6.74e-17,yes,HiGHS 1.15.1,HiGHS model status kOptimal
90fc378,Darwin-arm64,Apple M4,10,none,,,2026-09-28T07:52:33,netlib,sc105,105,103,280,highs,pdlp,default,1e-8 (pdlp_optimality_tolerance),60.0,Optimal,1480,0.001690,-52.20205362667233,-52.202061211707246,HiGHS optimum (optima.csv),1.43e-07,FAIL,1.11e-05,4.68e-09,6.96e-09,no,HiGHS 1.15.1,HiGHS model status kOptimal
90fc378,Darwin-arm64,Apple M4,10,none,,,2026-09-28T07:52:33,netlib,sc205,205,203,551,ps26119,auto,1,1e-8,60.0,Optimal,217,0.006176,-52.202061211707225,-52.202061211707225,HiGHS optimum (optima.csv),0.00e+00,PASS,2.27e-13,5.55e-17,0.00e+00,yes,ps26119 0.1.0 (git 90fc378),"auto: simplex (rows*nnz = 1.1e+05); phase-1 iters 0, bound flips 0, refactorizations 24, Bland episodes 0, Devex resets 2, tolerance tightenings 0; presolve removed 2 rows, 1 cols"
90fc378,Darwin-arm64,Apple M4,10,none,,,2026-09-28T07:52:33,netlib,sc205,205,203,551,ps26119,simplex,1,1e-8,60.0,Optimal,217,0.005810,-52.202061211707225,-52.202061211707225,HiGHS optimum (optima.csv),0.00e+00,PASS,2.27e-13,5.55e-17,0.00e+00,yes,ps26119 0.1.0 (git 90fc378),"phase-1 iters 0, bound flips 0, refactorizations 24, Bland episodes 0, Devex resets 2, tolerance tightenings 0; presolve removed 2 rows, 1 cols"
90fc378,Darwin-arm64,Apple M4,10,none,,,2026-09-28T07:52:33,netlib,sc205,205,203,551,ps26119,r2hpdhg,1,1e-8,60.0,Optimal,12544,0.019286,-52.202061319127232,-52.202061211707225,HiGHS optimum (optima.csv),2.02e-09,PASS,7.50e-07,1.05e-11,6.83e-09,yes,ps26119 0.1.0 (git 90fc378),"presolve removed 2 rows, 1 cols"
90fc378,Darwin-arm64,Apple M4,10,none,,,2026-09-28T07:52:33,netlib,sc205,205,203,551,ps26119,r2hpdhg,10,1e-8,60.0,Optimal,12544,0.019371,-52.202061319127232,-52.202061211707225,HiGHS optimum (optima.csv),2.02e-09,PASS,7.50e-07,1.05e-11,6.83e-09,yes,ps26119 0.1.0 (git 90fc378),"presolve removed 2 rows, 1 cols"
90fc378,Darwin-arm64,Apple M4,10,none,,,2026-09-28T07:52:33,netlib,sc205,205,203,551,highs,simplex,default,HiGHS defaults (1e-7 feasibility),60.0,Optimal,88,0.002018,-52.202061211707225,-52.202061211707225,HiGHS optimum (optima.csv),0.00e+00,PASS,9.95e-14,6.94e-18,2.02e-16,yes,HiGHS 1.15.1,HiGHS model status kOptimal
90fc378,Darwin-arm64,Apple M4,10,none,,,2026-09-28T07:52:33,netlib,sc205,205,203,551,highs,ipm,default,HiGHS defaults (1e-7 feasibility),60.0,Optimal,12,0.003656,-52.202061211707225,-52.202061211707225,HiGHS optimum (optima.csv),0.00e+00,PASS,9.95e-14,3.47e-18,2.02e-16,yes,HiGHS 1.15.1,HiGHS model status kOptimal
90fc378,Darwin-arm64,Apple M4,10,none,,,2026-09-28T07:52:33,netlib,sc205,205,203,551,highs,pdlp,default,1e-8 (pdlp_optimality_tolerance),60.0,Optimal,5840,0.008765,-52.20205729852304,-52.202061211707225,HiGHS optimum (optima.csv),7.36e-08,FAIL,5.34e-06,3.08e-10,5.62e-09,no,HiGHS 1.15.1,HiGHS model status kOptimal
90fc378,Darwin-arm64,Apple M4,10,none,,,2026-09-28T07:52:33,netlib,sc50a,50,48,130,ps26119,auto,1,1e-8,60.0,Optimal,45,0.000591,-64.575077058564503,-64.5750770585645,HiGHS optimum (optima.csv),0.00e+00,PASS,5.68e-14,2.78e-17,0.00e+00,yes,ps26119 0.1.0 (git 90fc378),"auto: simplex (rows*nnz = 6.5e+03); phase-1 iters 0, bound flips 0, refactorizations 7, Bland episodes 0, Devex resets 0, tolerance tightenings 0; presolve removed 1 rows, 0 cols"
90fc378,Darwin-arm64,Apple M4,10,none,,,2026-09-28T07:52:33,netlib,sc50a,50,48,130,ps26119,simplex,1,1e-8,60.0,Optimal,45,0.000598,-64.575077058564503,-64.5750770585645,HiGHS optimum (optima.csv),0.00e+00,PASS,5.68e-14,2.78e-17,0.00e+00,yes,ps26119 0.1.0 (git 90fc378),"phase-1 iters 0, bound flips 0, refactorizations 7, Bland episodes 0, Devex resets 0, tolerance tightenings 0; presolve removed 1 rows, 0 cols"
90fc378,Darwin-arm64,Apple M4,10,none,,,2026-09-28T07:52:33,netlib,sc50a,50,48,130,ps26119,r2hpdhg,1,1e-8,60.0,Optimal,768,0.000758,-64.575077515415018,-64.5750770585645,HiGHS optimum (optima.csv),6.97e-09,PASS,2.71e-07,3.26e-10,1.55e-10,yes,ps26119 0.1.0 (git 90fc378),"presolve removed 1 rows, 0 cols"
90fc378,Darwin-arm64,Apple M4,10,none,,,2026-09-28T07:52:33,netlib,sc50a,50,48,130,ps26119,r2hpdhg,10,1e-8,60.0,Optimal,768,0.000836,-64.575077515415018,-64.5750770585645,HiGHS optimum (optima.csv),6.97e-09,PASS,2.71e-07,3.26e-10,1.55e-10,yes,ps26119 0.1.0 (git 90fc378),"presolve removed 1 rows, 0 cols"
90fc378,Darwin-arm64,Apple M4,10,none,,,2026-09-28T07:52:33,netlib,sc50a,50,48,130,highs,simplex,default,HiGHS defaults (1e-7 feasibility),60.0,Optimal,18,0.000662,-64.5750770585645,-64.5750770585645,HiGHS optimum (optima.csv),0.00e+00,PASS,1.42e-14,2.88e-16,1.09e-16,yes,HiGHS 1.15.1,HiGHS model status kOptimal
90fc378,Darwin-arm64,Apple M4,10,none,,,2026-09-28T07:52:33,netlib,sc50a,50,48,130,highs,ipm,default,HiGHS defaults (1e-7 feasibility),60.0,Optimal,8,0.001069,-64.5750770585645,-64.5750770585645,HiGHS optimum (optima.csv),0.00e+00,PASS,1.42e-14,2.88e-16,1.09e-16,yes,HiGHS 1.15.1,HiGHS model status kOptimal
90fc378,Darwin-arm64,Apple M4,10,none,,,2026-09-28T07:52:33,netlib,sc50a,50,48,130,highs,pdlp,default,1e-8 (pdlp_optimality_tolerance),60.0,Optimal,720,0.000664,-64.5750766088342,-64.5750770585645,HiGHS optimum (optima.csv),6.86e-09,PASS,1.70e-07,6.82e-11,9.32e-09,yes,HiGHS 1.15.1,HiGHS model status kOptimal
90fc378,Darwin-arm64,Apple M4,10,none,,,2026-09-28T07:52:33,netlib,sc50b,50,48,118,ps26119,auto,1,1e-8,60.0,Optimal,48,0.000642,-69.999999999999972,-69.99999999999999,HiGHS optimum (optima.csv),2.00e-16,PASS,2.84e-14,6.94e-17,0.00e+00,yes,ps26119 0.1.0 (git 90fc378),"auto: simplex (rows*nnz = 5.9e+03); phase-1 iters 0, bound flips 0, refactorizations 7, Bland episodes 0, Devex resets 0, tolerance tightenings 0; presolve removed 2 rows, 0 cols"
90fc378,Darwin-arm64,Apple M4,10,none,,,2026-09-28T07:52:33,netlib,sc50b,50,48,118,ps26119,simplex,1,1e-8,60.0,Optimal,48,0.000584,-69.999999999999972,-69.99999999999999,HiGHS optimum (optima.csv),2.00e-16,PASS,2.84e-14,6.94e-17,0.00e+00,yes,ps26119 0.1.0 (git 90fc378),"phase-1 iters 0, bound flips 0, refactorizations 7, Bland episodes 0, Devex resets 0, tolerance tightenings 0; presolve removed 2 rows, 0 cols"
90fc378,Darwin-arm64,Apple M4,10,none,,,2026-09-28T07:52:33,netlib,sc50b,50,48,118,ps26119,r2hpdhg,1,1e-8,60.0,Optimal,1792,0.001125,-69.999999036804709,-69.99999999999999,HiGHS optimum (optima.csv),1.36e-08,PASS,7.24e-07,4.80e-10,8.63e-09,yes,ps26119 0.1.0 (git 90fc378),"presolve removed 2 rows, 0 cols"
90fc378,Darwin-arm64,Apple M4,10,none,,,2026-09-28T07:52:33,netlib,sc50b,50,48,118,ps26119,r2hpdhg,10,1e-8,60.0,Optimal,1792,0.001245,-69.999999036804709,-69.99999999999999,HiGHS optimum (optima.csv),1.36e-08,PASS,7.24e-07,4.80e-10,8.63e-09,yes,ps26119 0.1.0 (git 90fc378),"presolve removed 2 rows, 0 cols"
90fc378,Darwin-arm64,Apple M4,10,none,,,2026-09-28T07:52:33,netlib,sc50b,50,48,118,highs,simplex,default,HiGHS defaults (1e-7 feasibility),60.0,Optimal,18,0.000636,-69.99999999999999,-69.99999999999999,HiGHS optimum (optima.csv),0.00e+00,PASS,2.84e-14,4.16e-17,1.01e-16,yes,HiGHS 1.15.1,HiGHS model status kOptimal
90fc378,Darwin-arm64,Apple M4,10,none,,,2026-09-28T07:52:33,netlib,sc50b,50,48,118,highs,ipm,default,HiGHS defaults (1e-7 feasibility),60.0,Optimal,8,0.000966,-69.99999999999999,-69.99999999999999,HiGHS optimum (optima.csv),0.00e+00,PASS,2.84e-14,4.16e-17,1.01e-16,yes,HiGHS 1.15.1,HiGHS model status kOptimal
90fc378,Darwin-arm64,Apple M4,10,none,,,2026-09-28T07:52:33,netlib,sc50b,50,48,118,highs,pdlp,default,1e-8 (pdlp_optimality_tolerance),60.0,Optimal,1040,0.000852,-70.00000103693948,-69.99999999999999,HiGHS optimum (optima.csv),1.46e-08,FAIL,4.14e-06,2.17e-10,6.19e-09,no,HiGHS 1.15.1,HiGHS model status kOptimal
90fc378,Darwin-arm64,Apple M4,10,none,,,2026-09-28T07:52:33,netlib,scagr25,471,500,1554,ps26119,auto,1,1e-8,60.0,Optimal,577,0.019867,-14753433.060768528,-14753433.060768528,HiGHS optimum (optima.csv),0.00e+00,PASS,3.64e-12,1.20e-15,6.31e-17,yes,ps26119 0.1.0 (git 90fc378),"auto: simplex (rows*nnz = 7.3e+05); phase-1 iters 374, bound flips 7, refactorizations 47, Bland episodes 0, Devex resets 4, tolerance tightenings 0; presolve removed 124 rows, 1 cols"
90fc378,Darwin-arm64,Apple M4,10,none,,,2026-09-28T07:52:33,netlib,scagr25,471,500,1554,ps26119,simplex,1,1e-8,60.0,Optimal,577,0.020346,-14753433.060768528,-14753433.060768528,HiGHS optimum (optima.csv),0.00e+00,PASS,3.64e-12,1.20e-15,6.31e-17,yes,ps26119 0.1.0 (git 90fc378),"phase-1 iters 374, bound flips 7, refactorizations 47, Bland episodes 0, Devex resets 4, tolerance tightenings 0; presolve removed 124 rows, 1 cols"
90fc378,Darwin-arm64,Apple M4,10,none,,,2026-09-28T07:52:33,netlib,scagr25,471,500,1554,ps26119,r2hpdhg,1,1e-8,60.0,Optimal,37888,0.130654,-14753433.106845129,-14753433.060768528,HiGHS optimum (optima.csv),3.12e-09,PASS,9.27e-07,6.99e-09,2.45e-09,yes,ps26119 0.1.0 (git 90fc378),"presolve removed 124 rows, 1 cols"
90fc378,Darwin-arm64,Apple M4,10,none,,,2026-09-28T07:52:33,netlib,scagr25,471,500,1554,ps26119,r2hpdhg,10,1e-8,60.0,Optimal,37888,0.129406,-14753433.106845129,-14753433.060768528,HiGHS optimum (optima.csv),3.12e-09,PASS,9.27e-07,6.99e-09,2.45e-09,yes,ps26119 0.1.0 (git 90fc378),"presolve removed 124 rows, 1 cols"
90fc378,Darwin-arm64,Apple M4,10,none,,,2026-09-28T07:52:33,netlib,scagr25,471,500,1554,highs,simplex,default,HiGHS defaults (1e-7 feasibility),60.0,Optimal,338,0.006188,-14753433.060768528,-14753433.060768528,HiGHS optimum (optima.csv),0.00e+00,PASS,1.36e-12,1.03e-15,1.26e-16,yes,HiGHS 1.15.1,HiGHS model status kOptimal
90fc378,Darwin-arm64,Apple M4,10,none,,,2026-09-28T07:52:33,netlib,scagr25,471,500,1554,highs,ipm,default,HiGHS defaults (1e-7 feasibility),60.0,Optimal,17,0.009163,-14753433.060768528,-14753433.060768528,HiGHS optimum (optima.csv),0.00e+00,PASS,1.36e-12,1.03e-15,1.26e-16,yes,HiGHS 1.15.1,HiGHS model status kOptimal
90fc378,Darwin-arm64,Apple M4,10,none,,,2026-09-28T07:52:33,netlib,scagr25,471,500,1554,highs,pdlp,default,1e-8 (pdlp_optimality_tolerance),60.0,Optimal,16200,0.086018,-14753433.231721705,-14753433.060768528,HiGHS optimum (optima.csv),1.16e-08,FAIL,2.80e-05,4.37e-09,5.31e-09,no,HiGHS 1.15.1,HiGHS model status kOptimal
90fc378,Darwin-arm64,Apple M4,10,none,,,2026-09-28T07:52:33,netlib,scagr7,129,140,420,ps26119,auto,1,1e-8,60.0,Optimal,139,0.002025,-2331389.8243309841,-2331389.8243309837,HiGHS optimum (optima.csv),2.00e-16,PASS,9.09e-13,4.61e-16,0.00e+00,yes,ps26119 0.1.0 (git 90fc378),"auto: simplex (rows*nnz = 5.4e+04); phase-1 iters 113, bound flips 4, refactorizations 10, Bland episodes 0, Devex resets 1, tolerance tightenings 0; presolve removed 34 rows, 1 cols"
90fc378,Darwin-arm64,Apple M4,10,none,,,2026-09-28T07:52:33,netlib,scagr7,129,140,420,ps26119,simplex,1,1e-8,60.0,Optimal,139,0.002019,-2331389.8243309841,-2331389.8243309837,HiGHS optimum (optima.csv),2.00e-16,PASS,9.09e-13,4.61e-16,0.00e+00,yes,ps26119 0.1.0 (git 90fc378),"phase-1 iters 113, bound flips 4, refactorizations 10, Bland episodes 0, Devex resets 1, tolerance tightenings 0; presolve removed 34 rows, 1 cols"
90fc378,Darwin-arm64,Apple M4,10,none,,,2026-09-28T07:52:33,netlib,scagr7,129,140,420,ps26119,r2hpdhg,1,1e-8,60.0,Optimal,30016,0.032130,-2331389.8053656877,-2331389.8243309837,HiGHS optimum (optima.csv),8.13e-09,PASS,8.40e-07,9.55e-10,3.87e-09,yes,ps26119 0.1.0 (git 90fc378),"presolve removed 34 rows, 1 cols"
90fc378,Darwin-arm64,Apple M4,10,none,,,2026-09-28T07:52:33,netlib,scagr7,129,140,420,ps26119,r2hpdhg,10,1e-8,60.0,Optimal,30016,0.031515,-2331389.8053656877,-2331389.8243309837,HiGHS optimum (optima.csv),8.13e-09,PASS,8.40e-07,9.55e-10,3.87e-09,yes,ps26119 0.1.0 (git 90fc378),"presolve removed 34 rows, 1 cols"
90fc378,Darwin-arm64,Apple M4,10,none,,,2026-09-28T07:52:33,netlib,scagr7,129,140,420,highs,simplex,default,HiGHS defaults (1e-7 feasibility),60.0,Optimal,104,0.001825,-2331389.8243309837,-2331389.8243309837,HiGHS optimum (optima.csv),0.00e+00,PASS,1.36e-12,4.61e-16,9.99e-17,yes,HiGHS 1.15.1,HiGHS model status kOptimal
90fc378,Darwin-arm64,Apple M4,10,none,,,2026-09-28T07:52:33,netlib,scagr7,129,140,420,highs,ipm,default,HiGHS defaults (1e-7 feasibility),60.0,Optimal,15,0.003024,-2331389.8243309837,-2331389.8243309837,HiGHS optimum (optima.csv),0.00e+00,PASS,1.36e-12,4.61e-16,9.99e-17,yes,HiGHS 1.15.1,HiGHS model status kOptimal
90fc378,Darwin-arm64,Apple M4,10,none,,,2026-09-28T07:52:33,netlib,scagr7,129,140,420,highs,pdlp,default,1e-8 (pdlp_optimality_tolerance),60.0,Optimal,19040,0.027994,-2331389.8799168775,-2331389.8243309837,HiGHS optimum (optima.csv),2.38e-08,FAIL,5.31e-06,4.60e-09,9.74e-09,no,HiGHS 1.15.1,HiGHS model status kOptimal
90fc378,Darwin-arm64,Apple M4,10,none,,,2026-09-28T07:52:33,netlib,scfxm1,330,457,2589,ps26119,auto,1,1e-8,60.0,Optimal,454,0.013355,18416.759028348937,18416.759028348944,HiGHS optimum (optima.csv),3.95e-16,PASS,9.92e-12,1.29e-15,0.00e+00,yes,ps26119 0.1.0 (git 90fc378),"auto: simplex (rows*nnz = 8.5e+05); phase-1 iters 288, bound flips 1, refactorizations 16, Bland episodes 0, Devex resets 7, tolerance tightenings 0; presolve removed 41 rows, 9 cols"
90fc378,Darwin-arm64,Apple M4,10,none,,,2026-09-28T07:52:33,netlib,scfxm1,330,457,2589,ps26119,simplex,1,1e-8,60.0,Optimal,454,0.013375,18416.759028348937,18416.759028348944,HiGHS optimum (optima.csv),3.95e-16,PASS,9.92e-12,1.29e-15,0.00e+00,yes,ps26119 0.1.0 (git 90fc378),"phase-1 iters 288, bound flips 1, refactorizations 16, Bland episodes 0, Devex resets 7, tolerance tightenings 0; presolve removed 41 rows, 9 cols"
90fc378,Darwin-arm64,Apple M4,10,none,,,2026-09-28T07:52:33,netlib,scfxm1,330,457,2589,ps26119,r2hpdhg,1,1e-8,60.0,Optimal,34944,0.179229,18416.759028298085,18416.759028348944,HiGHS optimum (optima.csv),2.76e-12,PASS,1.18e-07,5.20e-09,1.02e-10,yes,ps26119 0.1.0 (git 90fc378),"presolve removed 41 rows, 9 cols"
90fc378,Darwin-arm64,Apple M4,10,none,,,2026-09-28T07:52:33,netlib,scfxm1,330,457,2589,ps26119,r2hpdhg,10,1e-8,60.0,Optimal,34944,0.177817,18416.759028298085,18416.759028348944,HiGHS optimum (optima.csv),2.76e-12,PASS,1.18e-07,5.20e-09,1.02e-10,yes,ps26119 0.1.0 (git 90fc378),"presolve removed 41 rows, 9 cols"
90fc378,Darwin-arm64,Apple M4,10,none,,,2026-09-28T07:52:33,netlib,scfxm1,330,457,2589,highs,simplex,default,HiGHS defaults (1e-7 feasibility),60.0,Optimal,375,0.007490,18416.759028348944,18416.759028348944,HiGHS optimum (optima.csv),0.00e+00,PASS,1.06e-12,1.88e-16,0.00e+00,yes,HiGHS 1.15.1,HiGHS model status kOptimal
90fc378,Darwin-arm64,Apple M4,10,none,,,2026-09-28T07:52:33,netlib,scfxm1,330,457,2589,highs,ipm,default,HiGHS defaults (1e-7 feasibility),60.0,Optimal,22,0.015562,18416.759028348944,18416.759028348944,HiGHS optimum (optima.csv),0.00e+00,PASS,3.33e-12,1.29e-15,0.00e+00,yes,HiGHS 1.15.1,HiGHS model status kOptimal
90fc378,Darwin-arm64,Apple M4,10,none,,,2026-09-28T07:52:33,netlib,scfxm1,330,457,2589,highs,pdlp,default,1e-8 (pdlp_optimality_tolerance),60.0,Optimal,12320,0.082004,18416.759328525706,18416.759028348944,HiGHS optimum (optima.csv),1.63e-08,FAIL,2.18e-05,2.53e-07,8.95e-09,no,HiGHS 1.15.1,HiGHS model status kOptimal
90fc378,Darwin-arm64,Apple M4,10,none,,,2026-09-28T07:52:33,netlib,scfxm2,660,914,5183,ps26119,auto,1,1e-8,60.0,Optimal,940,0.042757,36660.261564998815,36660.26156499881,HiGHS optimum (optima.csv),1.98e-16,PASS,9.09e-13,9.63e-16,0.00e+00,yes,ps26119 0.1.0 (git 90fc378),"auto: simplex (rows*nnz = 3.4e+06); phase-1 iters 619, bound flips 1, refactorizations 21, Bland episodes 0, Devex resets 9, tolerance tightenings 0; presolve removed 82 rows, 18 cols"
90fc378,Darwin-arm64,Apple M4,10,none,,,2026-09-28T07:52:33,netlib,scfxm2,660,914,5183,ps26119,simplex,1,1e-8,60.0,Optimal,940,0.043397,36660.261564998815,36660.26156499881,HiGHS optimum (optima.csv),1.98e-16,PASS,9.09e-13,9.63e-16,0.00e+00,yes,ps26119 0.1.0 (git 90fc378),"phase-1 iters 619, bound flips 1, refactorizations 21, Bland episodes 0, Devex resets 9, tolerance tightenings 0; presolve removed 82 rows, 18 cols"
90fc378,Darwin-arm64,Apple M4,10,none,,,2026-09-28T07:52:33,netlib,scfxm2,660,914,5183,ps26119,r2hpdhg,1,1e-8,60.0,Optimal,33984,0.375014,36660.261584741733,36660.26156499881,HiGHS optimum (optima.csv),5.39e-10,PASS,7.95e-07,9.14e-09,2.52e-10,yes,ps26119 0.1.0 (git 90fc378),"presolve removed 82 rows, 18 cols"
90fc378,Darwin-arm64,Apple M4,10,none,,,2026-09-28T07:52:33,netlib,scfxm2,660,914,5183,ps26119,r2hpdhg,10,1e-8,60.0,Optimal,33984,0.376446,36660.261584741733,36660.26156499881,HiGHS optimum (optima.csv),5.39e-10,PASS,7.95e-07,9.14e-09,2.52e-10,yes,ps26119 0.1.0 (git 90fc378),"presolve removed 82 rows, 18 cols"
90fc378,Darwin-arm64,Apple M4,10,none,,,2026-09-28T07:52:33,netlib,scfxm2,660,914,5183,highs,simplex,default,HiGHS defaults (1e-7 feasibility),60.0,Optimal,791,0.016829,36660.26156499881,36660.26156499881,HiGHS optimum (optima.csv),0.00e+00,PASS,7.42e-12,2.83e-16,0.00e+00,yes,HiGHS 1.15.1,HiGHS model status kOptimal
90fc378,Darwin-arm64,Apple M4,10,none,,,2026-09-28T07:52:33,netlib,scfxm2,660,914,5183,highs,ipm,default,HiGHS defaults (1e-7 feasibility),60.0,Optimal,22,0.031232,36660.26156499881,36660.26156499881,HiGHS optimum (optima.csv),0.00e+00,PASS,7.42e-12,1.29e-15,0.00e+00,yes,HiGHS 1.15.1,HiGHS model status kOptimal
90fc378,Darwin-arm64,Apple M4,10,none,,,2026-09-28T07:52:33,netlib,scfxm2,660,914,5183,highs,pdlp,default,1e-8 (pdlp_optimality_tolerance),60.0,Optimal,41400,0.606842,36660.26208783901,36660.26156499881,HiGHS optimum (optima.csv),1.43e-08,FAIL,3.35e-05,4.27e-08,7.57e-09,no,HiGHS 1.15.1,HiGHS model status kOptimal
90fc378,Darwin-arm64,Apple M4,10,none,,,2026-09-28T07:52:33,netlib,scfxm3,990,1371,7777,ps26119,auto,1,1e-8,60.0,Optimal,1487,0.088693,54901.254549751444,54901.254549751444,HiGHS optimum (optima.csv),0.00e+00,PASS,6.17e-12,9.63e-16,6.63e-17,yes,ps26119 0.1.0 (git 90fc378),"auto: simplex (rows*nnz = 7.7e+06); phase-1 iters 972, bound flips 1, refactorizations 26, Bland episodes 0, Devex resets 16, tolerance tightenings 0; presolve removed 123 rows, 27 cols"
90fc378,Darwin-arm64,Apple M4,10,none,,,2026-09-28T07:52:33,netlib,scfxm3,990,1371,7777,ps26119,simplex,1,1e-8,60.0,Optimal,1487,0.090085,54901.254549751444,54901.254549751444,HiGHS optimum (optima.csv),0.00e+00,PASS,6.17e-12,9.63e-16,6.63e-17,yes,ps26119 0.1.0 (git 90fc378),"phase-1 iters 972, bound flips 1, refactorizations 26, Bland episodes 0, Devex resets 16, tolerance tightenings 0; presolve removed 123 rows, 27 cols"
90fc378,Darwin-arm64,Apple M4,10,none,,,2026-09-28T07:52:33,netlib,scfxm3,990,1371,7777,ps26119,r2hpdhg,1,1e-8,60.0,Optimal,37184,0.605086,54901.254578010812,54901.254549751444,HiGHS optimum (optima.csv),5.15e-10,PASS,9.54e-07,2.34e-09,2.50e-10,yes,ps26119 0.1.0 (git 90fc378),"presolve removed 123 rows, 27 cols"
90fc378,Darwin-arm64,Apple M4,10,none,,,2026-09-28T07:52:33,netlib,scfxm3,990,1371,7777,ps26119,r2hpdhg,10,1e-8,60.0,Optimal,37184,0.607415,54901.254578010812,54901.254549751444,HiGHS optimum (optima.csv),5.15e-10,PASS,9.54e-07,2.34e-09,2.50e-10,yes,ps26119 0.1.0 (git 90fc378),"presolve removed 123 rows, 27 cols"
90fc378,Darwin-arm64,Apple M4,10,none,,,2026-09-28T07:52:33,netlib,scfxm3,990,1371,7777,highs,simplex,default,HiGHS defaults (1e-7 feasibility),60.0,Optimal,1167,0.027757,54901.254549751444,54901.254549751444,HiGHS optimum (optima.csv),0.00e+00,PASS,1.82e-12,6.46e-16,0.00e+00,yes,HiGHS 1.15.1,HiGHS model status kOptimal
90fc378,Darwin-arm64,Apple M4,10,none,,,2026-09-28T07:52:33,netlib,scfxm3,990,1371,7777,highs,ipm,default,HiGHS defaults (1e-7 feasibility),60.0,Optimal,22,0.044754,54901.254549751444,54901.254549751444,HiGHS optimum (optima.csv),0.00e+00,PASS,3.33e-12,1.29e-15,0.00e+00,yes,HiGHS 1.15.1,HiGHS model status kOptimal
90fc378,Darwin-arm64,Apple M4,10,none,,,2026-09-28T07:52:33,netlib,scfxm3,990,1371,7777,highs,pdlp,default,1e-8 (pdlp_optimality_tolerance),60.0,Optimal,31120,0.669739,54901.2545715637,54901.254549751444,HiGHS optimum (optima.csv),3.97e-10,PASS,6.81e-07,4.28e-07,4.14e-09,yes,HiGHS 1.15.1,HiGHS model status kOptimal
90fc378,Darwin-arm64,Apple M4,10,none,,,2026-09-28T07:52:33,netlib,scorpion,388,358,1426,ps26119,auto,1,1e-8,60.0,Optimal,303,0.007106,1878.1248227381068,1878.1248227381068,HiGHS optimum (optima.csv),0.00e+00,PASS,3.33e-16,4.05e-16,1.21e-16,yes,ps26119 0.1.0 (git 90fc378),"auto: simplex (rows*nnz = 5.5e+05); phase-1 iters 247, bound flips 1, refactorizations 10, Bland episodes 0, Devex resets 1, tolerance tightenings 0; presolve removed 91 rows, 23 cols"
90fc378,Darwin-arm64,Apple M4,10,none,,,2026-09-28T07:52:33,netlib,scorpion,388,358,1426,ps26119,simplex,1,1e-8,60.0,Optimal,303,0.007221,1878.1248227381068,1878.1248227381068,HiGHS optimum (optima.csv),0.00e+00,PASS,3.33e-16,4.05e-16,1.21e-16,yes,ps26119 0.1.0 (git 90fc378),"phase-1 iters 247, bound flips 1, refactorizations 10, Bland episodes 0, Devex resets 1, tolerance tightenings 0; presolve removed 91 rows, 23 cols"
90fc378,Darwin-arm64,Apple M4,10,none,,,2026-09-28T07:52:33,netlib,scorpion,388,358,1426,ps26119,r2hpdhg,1,1e-8,60.0,Optimal,27200,0.081430,1878.1248268939648,1878.1248227381068,HiGHS optimum (optima.csv),2.21e-09,PASS,6.67e-09,2.61e-08,4.42e-09,yes,ps26119 0.1.0 (git 90fc378),"presolve removed 91 rows, 23 cols"
90fc378,Darwin-arm64,Apple M4,10,none,,,2026-09-28T07:52:33,netlib,scorpion,388,358,1426,ps26119,r2hpdhg,10,1e-8,60.0,Optimal,27200,0.080832,1878.1248268939648,1878.1248227381068,HiGHS optimum (optima.csv),2.21e-09,PASS,6.67e-09,2.61e-08,4.42e-09,yes,ps26119 0.1.0 (git 90fc378),"presolve removed 91 rows, 23 cols"
90fc378,Darwin-arm64,Apple M4,10,none,,,2026-09-28T07:52:33,netlib,scorpion,388,358,1426,highs,simplex,default,HiGHS defaults (1e-7 feasibility),60.0,Optimal,78,0.002551,1878.1248227381068,1878.1248227381068,HiGHS optimum (optima.csv),0.00e+00,PASS,3.33e-16,5.46e-16,1.82e-16,yes,HiGHS 1.15.1,HiGHS model status kOptimal
90fc378,Darwin-arm64,Apple M4,10,none,,,2026-09-28T07:52:33,netlib,scorpion,388,358,1426,highs,ipm,default,HiGHS defaults (1e-7 feasibility),60.0,Optimal,11,0.003504,1878.1248227381068,1878.1248227381068,HiGHS optimum (optima.csv),0.00e+00,PASS,3.33e-16,5.46e-16,1.82e-16,yes,HiGHS 1.15.1,HiGHS model status kOptimal
90fc378,Darwin-arm64,Apple M4,10,none,,,2026-09-28T07:52:33,netlib,scorpion,388,358,1426,highs,pdlp,default,1e-8 (pdlp_optimality_tolerance),60.0,Optimal,13360,0.021074,1878.1248068753823,1878.1248227381068,HiGHS optimum (optima.csv),8.44e-09,PASS,8.02e-08,1.87e-07,8.52e-10,yes,HiGHS 1.15.1,HiGHS model status kOptimal
90fc378,Darwin-arm64,Apple M4,10,none,,,2026-09-28T07:52:33,netlib,scrs8,490,1169,3182,ps26119,auto,1,1e-8,60.0,Optimal,622,0.025941,904.29695380079193,904.296953800792,HiGHS optimum (optima.csv),1.26e-16,PASS,1.24e-14,4.28e-16,1.26e-16,yes,ps26119 0.1.0 (git 90fc378),"auto: simplex (rows*nnz = 1.6e+06); phase-1 iters 409, bound flips 0, refactorizations 32, Bland episodes 0, Devex resets 2, tolerance tightenings 0; presolve removed 36 rows, 32 cols"
90fc378,Darwin-arm64,Apple M4,10,none,,,2026-09-28T07:52:33,netlib,scrs8,490,1169,3182,ps26119,simplex,1,1e-8,60.0,Optimal,622,0.025558,904.29695380079193,904.296953800792,HiGHS optimum (optima.csv),1.26e-16,PASS,1.24e-14,4.28e-16,1.26e-16,yes,ps26119 0.1.0 (git 90fc378),"phase-1 iters 409, bound flips 0, refactorizations 32, Bland episodes 0, Devex resets 2, tolerance tightenings 0; presolve removed 36 rows, 32 cols"
90fc378,Darwin-arm64,Apple M4,10,none,,,2026-09-28T07:52:33,netlib,scrs8,490,1169,3182,ps26119,r2hpdhg,1,1e-8,60.0,Optimal,25728,0.212252,904.29697080980543,904.296953800792,HiGHS optimum (optima.csv),1.88e-08,PASS,7.37e-07,1.14e-12,9.42e-09,yes,ps26119 0.1.0 (git 90fc378),"presolve removed 36 rows, 32 cols"
90fc378,Darwin-arm64,Apple M4,10,none,,,2026-09-28T07:52:33,netlib,scrs8,490,1169,3182,ps26119,r2hpdhg,10,1e-8,60.0,Optimal,25728,0.211356,904.29697080980543,904.296953800792,HiGHS optimum (optima.csv),1.88e-08,PASS,7.37e-07,1.14e-12,9.42e-09,yes,ps26119 0.1.0 (git 90fc378),"presolve removed 36 rows, 32 cols"
90fc378,Darwin-arm64,Apple M4,10,none,,,2026-09-28T07:52:33,netlib,scrs8,490,1169,3182,highs,simplex,default,HiGHS defaults (1e-7 feasibility),60.0,Optimal,361,0.007835,904.296953800792,904.296953800792,HiGHS optimum (optima.csv),0.00e+00,PASS,1.78e-15,2.14e-16,0.00e+00,yes,HiGHS 1.15.1,HiGHS model status kOptimal
90fc378,Darwin-arm64,Apple M4,10,none,,,2026-09-28T07:52:33,netlib,scrs8,490,1169,3182,highs,ipm,default,HiGHS defaults (1e-7 feasibility),60.0,Optimal,21,0.015986,904.296953800792,904.296953800792,HiGHS optimum (optima.csv),0.00e+00,PASS,1.78e-15,2.14e-16,0.00e+00,yes,HiGHS 1.15.1,HiGHS model status kOptimal
90fc378,Darwin-arm64,Apple M4,10,none,,,2026-09-28T07:52:33,netlib,scrs8,490,1169,3182,highs,pdlp,default,1e-8 (pdlp_optimality_tolerance),60.0,Optimal,24200,0.253167,904.2969893920496,904.296953800792,HiGHS optimum (optima.csv),3.93e-08,FAIL,3.84e-06,7.67e-10,7.60e-09,no,HiGHS 1.15.1,HiGHS model status kOptimal
90fc378,Darwin-arm64,Apple M4,10,none,,,2026-09-28T07:52:33,netlib,scsd1,77,760,2388,ps26119,auto,1,1e-8,60.0,Optimal,334,0.007664,8.6666666743333636,8.666666674333367,HiGHS optimum (optima.csv),3.68e-16,PASS,4.44e-17,2.50e-09,0.00e+00,yes,ps26119 0.1.0 (git 90fc378),"auto: simplex (rows*nnz = 1.8e+05); phase-1 iters 92, bound flips 0, refactorizations 26, Bland episodes 0, Devex resets 1, tolerance tightenings 0"
90fc378,Darwin-arm64,Apple M4,10,none,,,2026-09-28T07:52:33,netlib,scsd1,77,760,2388,ps26119,simplex,1,1e-8,60.0,Optimal,334,0.007697,8.6666666743333636,8.666666674333367,HiGHS optimum (optima.csv),3.68e-16,PASS,4.44e-17,2.50e-09,0.00e+00,yes,ps26119 0.1.0 (git 90fc378),"phase-1 iters 92, bound flips 0, refactorizations 26, Bland episodes 0, Devex resets 1, tolerance tightenings 0"
90fc378,Darwin-arm64,Apple M4,10,none,,,2026-09-28T07:52:33,netlib,scsd1,77,760,2388,ps26119,r2hpdhg,1,1e-8,60.0,Optimal,1280,0.007170,8.6666665690716993,8.666666674333367,HiGHS optimum (optima.csv),1.09e-08,PASS,7.33e-09,9.05e-10,4.39e-09,yes,ps26119 0.1.0 (git 90fc378),
90fc378,Darwin-arm64,Apple M4,10,none,,,2026-09-28T07:52:33,netlib,scsd1,77,760,2388,ps26119,r2hpdhg,10,1e-8,60.0,Optimal,1280,0.007287,8.6666665690716993,8.666666674333367,HiGHS optimum (optima.csv),1.09e-08,PASS,7.33e-09,9.05e-10,4.39e-09,yes,ps26119 0.1.0 (git 90fc378),
90fc378,Darwin-arm64,Apple M4,10,none,,,2026-09-28T07:52:33,netlib,scsd1,77,760,2388,highs,simplex,default,HiGHS defaults (1e-7 feasibility),60.0,Optimal,97,0.002410,8.666666674333367,8.666666674333367,HiGHS optimum (optima.csv),0.00e+00,PASS,3.89e-16,2.90e-09,5.81e-16,yes,HiGHS 1.15.1,HiGHS model status kOptimal
90fc378,Darwin-arm64,Apple M4,10,none,,,2026-09-28T07:52:33,netlib,scsd1,77,760,2388,highs,ipm,default,HiGHS defaults (1e-7 feasibility),60.0,Optimal,14,0.006255,8.666666674333367,8.666666674333367,HiGHS optimum (optima.csv),0.00e+00,PASS,1.67e-16,4.74e-09,0.00e+00,yes,HiGHS 1.15.1,HiGHS model status kOptimal
90fc378,Darwin-arm64,Apple M4,10,none,,,2026-09-28T07:52:33,netlib,scsd1,77,760,2388,highs,pdlp,default,1e-8 (pdlp_optimality_tolerance),60.0,Optimal,1560,0.016379,8.666666520271509,8.666666674333367,HiGHS optimum (optima.csv),1.59e-08,PASS,1.85e-08,1.57e-08,7.71e-09,yes,HiGHS 1.15.1,HiGHS model status kOptimal
90fc378,Darwin-arm64,Apple M4,10,none,,,2026-09-28T07:52:33,netlib,scsd6,147,1350,4316,ps26119,auto,1,1e-8,60.0,Optimal,710,0.024669,50.500000078262374,50.50000007826242,HiGHS optimum (optima.csv),8.28e-16,PASS,1.67e-16,4.09e-09,0.00e+00,yes,ps26119 0.1.0 (git 90fc378),"auto: simplex (rows*nnz = 6.3e+05); phase-1 iters 205, bound flips 0, refactorizations 45, Bland episodes 0, Devex resets 2, tolerance tightenings 1"
90fc378,Darwin-arm64,Apple M4,10,none,,,2026-09-28T07:52:33,netlib,scsd6,147,1350,4316,ps26119,simplex,1,1e-8,60.0,Optimal,710,0.024173,50.500000078262374,50.50000007826242,HiGHS optimum (optima.csv),8.28e-16,PASS,1.67e-16,4.09e-09,0.00e+00,yes,ps26119 0.1.0 (git 90fc378),"phase-1 iters 205, bound flips 0, refactorizations 45, Bland episodes 0, Devex resets 2, tolerance tightenings 1"
90fc378,Darwin-arm64,Apple M4,10,none,,,2026-09-28T07:52:33,netlib,scsd6,147,1350,4316,ps26119,r2hpdhg,1,1e-8,60.0,Optimal,3648,0.038127,50.500000246284202,50.50000007826242,HiGHS optimum (optima.csv),3.26e-09,PASS,2.19e-09,4.73e-08,7.14e-09,yes,ps26119 0.1.0 (git 90fc378),
90fc378,Darwin-arm64,Apple M4,10,none,,,2026-09-28T07:52:33,netlib,scsd6,147,1350,4316,ps26119,r2hpdhg,10,1e-8,60.0,Optimal,3648,0.038503,50.500000246284202,50.50000007826242,HiGHS optimum (optima.csv),3.26e-09,PASS,2.19e-09,4.73e-08,7.14e-09,yes,ps26119 0.1.0 (git 90fc378),
90fc378,Darwin-arm64,Apple M4,10,none,,,2026-09-28T07:52:33,netlib,scsd6,147,1350,4316,highs,simplex,default,HiGHS defaults (1e-7 feasibility),60.0,Optimal,269,0.006806,50.50000007826242,50.50000007826242,HiGHS optimum (optima.csv),0.00e+00,PASS,2.78e-15,3.65e-09,4.18e-16,yes,HiGHS 1.15.1,HiGHS model status kOptimal
90fc378,Darwin-arm64,Apple M4,10,none,,,2026-09-28T07:52:33,netlib,scsd6,147,1350,4316,highs,ipm,default,HiGHS defaults (1e-7 feasibility),60.0,Optimal,24,0.016572,50.50000007714436,50.50000007826242,HiGHS optimum (optima.csv),2.17e-11,PASS,1.67e-16,1.39e-08,6.97e-17,yes,HiGHS 1.15.1,HiGHS model status kOptimal
90fc378,Darwin-arm64,Apple M4,10,none,,,2026-09-28T07:52:33,netlib,scsd6,147,1350,4316,highs,pdlp,default,1e-8 (pdlp_optimality_tolerance),60.0,Optimal,2480,0.048629,50.50000032439576,50.50000007826242,HiGHS optimum (optima.csv),4.78e-09,PASS,8.35e-08,3.78e-07,4.43e-09,yes,HiGHS 1.15.1,HiGHS model status kOptimal
90fc378,Darwin-arm64,Apple M4,10,none,,,2026-09-28T07:52:33,netlib,scsd8,397,2750,8584,ps26119,auto,1,1e-8,60.0,Optimal,1994,0.132850,904.99999992546418,904.9999999254641,HiGHS optimum (optima.csv),1.25e-16,PASS,2.44e-15,8.36e-15,0.00e+00,yes,ps26119 0.1.0 (git 90fc378),"auto: simplex (rows*nnz = 3.4e+06); phase-1 iters 505, bound flips 0, refactorizations 103, Bland episodes 0, Devex resets 4, tolerance tightenings 0"
90fc378,Darwin-arm64,Apple M4,10,none,,,2026-09-28T07:52:33,netlib,scsd8,397,2750,8584,ps26119,simplex,1,1e-8,60.0,Optimal,1994,0.133508,904.99999992546418,904.9999999254641,HiGHS optimum (optima.csv),1.25e-16,PASS,2.44e-15,8.36e-15,0.00e+00,yes,ps26119 0.1.0 (git 90fc378),"phase-1 iters 505, bound flips 0, refactorizations 103, Bland episodes 0, Devex resets 4, tolerance tightenings 0"
90fc378,Darwin-arm64,Apple M4,10,none,,,2026-09-28T07:52:33,netlib,scsd8,397,2750,8584,ps26119,r2hpdhg,1,1e-8,60.0,Optimal,23616,0.446651,904.99999992545747,904.9999999254641,HiGHS optimum (optima.csv),7.28e-15,PASS,1.87e-08,1.05e-08,3.32e-14,yes,ps26119 0.1.0 (git 90fc378),
90fc378,Darwin-arm64,Apple M4,10,none,,,2026-09-28T07:52:33,netlib,scsd8,397,2750,8584,ps26119,r2hpdhg,10,1e-8,60.0,Optimal,23616,0.449049,904.99999992545747,904.9999999254641,HiGHS optimum (optima.csv),7.28e-15,PASS,1.87e-08,1.05e-08,3.32e-14,yes,ps26119 0.1.0 (git 90fc378),
90fc378,Darwin-arm64,Apple M4,10,none,,,2026-09-28T07:52:33,netlib,scsd8,397,2750,8584,highs,simplex,default,HiGHS defaults (1e-7 feasibility),60.0,Optimal,1054,0.039819,904.9999999254641,904.9999999254641,HiGHS optimum (optima.csv),0.00e+00,PASS,2.00e-15,2.25e-14,6.28e-17,yes,HiGHS 1.15.1,HiGHS model status kOptimal
90fc378,Darwin-arm64,Apple M4,10,none,,,2026-09-28T07:52:33,netlib,scsd8,397,2750,8584,highs,ipm,default,HiGHS defaults (1e-7 feasibility),60.0,Optimal,18,0.040368,904.9999999254636,904.9999999254641,HiGHS optimum (optima.csv),5.02e-16,PASS,1.07e-14,1.13e-13,0.00e+00,yes,HiGHS 1.15.1,HiGHS model status kOptimal
90fc378,Darwin-arm64,Apple M4,10,none,,,2026-09-28T07:52:33,netlib,scsd8,397,2750,8584,highs,pdlp,default,1e-8 (pdlp_optimality_tolerance),60.0,Optimal,20880,0.801762,904.9999999091254,904.9999999254641,HiGHS optimum (optima.csv),1.80e-11,PASS,1.17e-07,5.68e-07,2.82e-10,yes,HiGHS 1.15.1,HiGHS model status kOptimal
90fc378,Darwin-arm64,Apple M4,10,none,,,2026-09-28T07:52:33,netlib,sctap1,300,480,1692,ps26119,auto,1,1e-8,60.0,Optimal,361,0.008177,1412.25,1412.25,HiGHS optimum (optima.csv),0.00e+00,PASS,1.78e-15,3.51e-16,0.00e+00,yes,ps26119 0.1.0 (git 90fc378),"auto: simplex (rows*nnz = 5.1e+05); phase-1 iters 215, bound flips 0, refactorizations 12, Bland episodes 0, Devex resets 0, tolerance tightenings 0"
90fc378,Darwin-arm64,Apple M4,10,none,,,2026-09-28T07:52:33,netlib,sctap1,300,480,1692,ps26119,simplex,1,1e-8,60.0,Optimal,361,0.008208,1412.25,1412.25,HiGHS optimum (optima.csv),0.00e+00,PASS,1.78e-15,3.51e-16,0.00e+00,yes,ps26119 0.1.0 (git 90fc378),"phase-1 iters 215, bound flips 0, refactorizations 12, Bland episodes 0, Devex resets 0, tolerance tightenings 0"
90fc378,Darwin-arm64,Apple M4,10,none,,,2026-09-28T07:52:33,netlib,sctap1,300,480,1692,ps26119,r2hpdhg,1,1e-8,60.0,Optimal,2432,0.009774,1412.2500232090474,1412.25,HiGHS optimum (optima.csv),1.64e-08,PASS,7.93e-09,2.13e-08,8.41e-09,yes,ps26119 0.1.0 (git 90fc378),
90fc378,Darwin-arm64,Apple M4,10,none,,,2026-09-28T07:52:33,netlib,sctap1,300,480,1692,ps26119,r2hpdhg,10,1e-8,60.0,Optimal,2432,0.009903,1412.2500232090474,1412.25,HiGHS optimum (optima.csv),1.64e-08,PASS,7.93e-09,2.13e-08,8.41e-09,yes,ps26119 0.1.0 (git 90fc378),
90fc378,Darwin-arm64,Apple M4,10,none,,,2026-09-28T07:52:33,netlib,sctap1,300,480,1692,highs,simplex,default,HiGHS defaults (1e-7 feasibility),60.0,Optimal,323,0.005412,1412.25,1412.25,HiGHS optimum (optima.csv),0.00e+00,PASS,3.55e-15,3.51e-16,0.00e+00,yes,HiGHS 1.15.1,HiGHS model status kOptimal
90fc378,Darwin-arm64,Apple M4,10,none,,,2026-09-28T07:52:33,netlib,sctap1,300,480,1692,highs,ipm,default,HiGHS defaults (1e-7 feasibility),60.0,Optimal,21,0.012051,1412.2499999999998,1412.25,HiGHS optimum (optima.csv),1.61e-16,PASS,3.55e-15,1.40e-15,0.00e+00,yes,HiGHS 1.15.1,HiGHS model status kOptimal
90fc378,Darwin-arm64,Apple M4,10,none,,,2026-09-28T07:52:33,netlib,sctap1,300,480,1692,highs,pdlp,default,1e-8 (pdlp_optimality_tolerance),60.0,Optimal,3000,0.020478,1412.2499662906312,1412.25,HiGHS optimum (optima.csv),2.39e-08,PASS,2.12e-07,3.35e-07,6.35e-09,yes,HiGHS 1.15.1,HiGHS model status kOptimal
90fc378,Darwin-arm64,Apple M4,10,none,,,2026-09-28T07:52:33,netlib,sctap2,1090,1880,6714,ps26119,auto,1,1e-8,60.0,Optimal,1178,0.063531,1724.8071428571429,1724.807142857143,HiGHS optimum (optima.csv),0.00e+00,PASS,3.55e-15,8.77e-17,6.59e-17,yes,ps26119 0.1.0 (git 90fc378),"auto: simplex (rows*nnz = 7.3e+06); phase-1 iters 654, bound flips 0, refactorizations 21, Bland episodes 0, Devex resets 1, tolerance tightenings 0"
90fc378,Darwin-arm64,Apple M4,10,none,,,2026-09-28T07:52:33,netlib,sctap2,1090,1880,6714,ps26119,simplex,1,1e-8,60.0,Optimal,1178,0.064428,1724.8071428571429,1724.807142857143,HiGHS optimum (optima.csv),0.00e+00,PASS,3.55e-15,8.77e-17,6.59e-17,yes,ps26119 0.1.0 (git 90fc378),"phase-1 iters 654, bound flips 0, refactorizations 21, Bland episodes 0, Devex resets 1, tolerance tightenings 0"
90fc378,Darwin-arm64,Apple M4,10,none,,,2026-09-28T07:52:33,netlib,sctap2,1090,1880,6714,ps26119,r2hpdhg,1,1e-8,60.0,Optimal,1536,0.027252,1724.8071545081093,1724.807142857143,HiGHS optimum (optima.csv),6.75e-09,PASS,5.96e-08,3.57e-08,3.64e-09,yes,ps26119 0.1.0 (git 90fc378),
90fc378,Darwin-arm64,Apple M4,10,none,,,2026-09-28T07:52:33,netlib,sctap2,1090,1880,6714,ps26119,r2hpdhg,10,1e-8,60.0,Optimal,1536,0.027516,1724.8071545081093,1724.807142857143,HiGHS optimum (optima.csv),6.75e-09,PASS,5.96e-08,3.57e-08,3.64e-09,yes,ps26119 0.1.0 (git 90fc378),
90fc378,Darwin-arm64,Apple M4,10,none,,,2026-09-28T07:52:33,netlib,sctap2,1090,1880,6714,highs,simplex,default,HiGHS defaults (1e-7 feasibility),60.0,Optimal,746,0.010611,1724.807142857143,1724.807142857143,HiGHS optimum (optima.csv),0.00e+00,PASS,1.48e-16,1.75e-16,0.00e+00,yes,HiGHS 1.15.1,HiGHS model status kOptimal
90fc378,Darwin-arm64,Apple M4,10,none,,,2026-09-28T07:52:33,netlib,sctap2,1090,1880,6714,highs,ipm,default,HiGHS defaults (1e-7 feasibility),60.0,Optimal,19,0.029077,1724.807142857143,1724.807142857143,HiGHS optimum (optima.csv),0.00e+00,PASS,0.00e+00,1.75e-16,6.59e-17,yes,HiGHS 1.15.1,HiGHS model status kOptimal
90fc378,Darwin-arm64,Apple M4,10,none,,,2026-09-28T07:52:33,netlib,sctap2,1090,1880,6714,highs,pdlp,default,1e-8 (pdlp_optimality_tolerance),60.0,Optimal,1480,0.046549,1724.8071064475878,1724.807142857143,HiGHS optimum (optima.csv),2.11e-08,PASS,7.54e-07,8.36e-08,4.93e-09,yes,HiGHS 1.15.1,HiGHS model status kOptimal
90fc378,Darwin-arm64,Apple M4,10,none,,,2026-09-28T07:52:33,netlib,sctap3,1480,2480,8874,ps26119,auto,1,1e-8,60.0,Optimal,1819,0.130751,1424,1424.0,HiGHS optimum (optima.csv),0.00e+00,PASS,0.00e+00,4.39e-17,0.00e+00,yes,ps26119 0.1.0 (git 90fc378),"auto: simplex (rows*nnz = 1.3e+07); phase-1 iters 954, bound flips 0, refactorizations 30, Bland episodes 0, Devex resets 2, tolerance tightenings 0"
90fc378,Darwin-arm64,Apple M4,10,none,,,2026-09-28T07:52:33,netlib,sctap3,1480,2480,8874,ps26119,simplex,1,1e-8,60.0,Optimal,1819,0.131775,1424,1424.0,HiGHS optimum (optima.csv),0.00e+00,PASS,0.00e+00,4.39e-17,0.00e+00,yes,ps26119 0.1.0 (git 90fc378),"phase-1 iters 954, bound flips 0, refactorizations 30, Bland episodes 0, Devex resets 2, tolerance tightenings 0"
90fc378,Darwin-arm64,Apple M4,10,none,,,2026-09-28T07:52:33,netlib,sctap3,1480,2480,8874,ps26119,r2hpdhg,1,1e-8,60.0,Optimal,1088,0.027466,1424.0000077673649,1424.0,HiGHS optimum (optima.csv),5.45e-09,PASS,1.35e-07,4.17e-08,1.06e-09,yes,ps26119 0.1.0 (git 90fc378),
90fc378,Darwin-arm64,Apple M4,10,none,,,2026-09-28T07:52:33,netlib,sctap3,1480,2480,8874,ps26119,r2hpdhg,10,1e-8,60.0,Optimal,1088,0.027181,1424.0000077673649,1424.0,HiGHS optimum (optima.csv),5.45e-09,PASS,1.35e-07,4.17e-08,1.06e-09,yes,ps26119 0.1.0 (git 90fc378),
90fc378,Darwin-arm64,Apple M4,10,none,,,2026-09-28T07:52:33,netlib,sctap3,1480,2480,8874,highs,simplex,default,HiGHS defaults (1e-7 feasibility),60.0,Optimal,974,0.014171,1424.0,1424.0,HiGHS optimum (optima.csv),0.00e+00,PASS,1.78e-15,1.75e-16,0.00e+00,yes,HiGHS 1.15.1,HiGHS model status kOptimal
90fc378,Darwin-arm64,Apple M4,10,none,,,2026-09-28T07:52:33,netlib,sctap3,1480,2480,8874,highs,ipm,default,HiGHS defaults (1e-7 feasibility),60.0,Optimal,20,0.044498,1424.0,1424.0,HiGHS optimum (optima.csv),0.00e+00,PASS,0.00e+00,1.75e-16,0.00e+00,yes,HiGHS 1.15.1,HiGHS model status kOptimal
90fc378,Darwin-arm64,Apple M4,10,none,,,2026-09-28T07:52:33,netlib,sctap3,1480,2480,8874,highs,pdlp,default,1e-8 (pdlp_optimality_tolerance),60.0,Optimal,960,0.044182,1424.000043486476,1424.0,HiGHS optimum (optima.csv),3.05e-08,PASS,6.31e-07,1.33e-07,3.46e-09,yes,HiGHS 1.15.1,HiGHS model status kOptimal
90fc378,Darwin-arm64,Apple M4,10,none,,,2026-09-28T07:52:33,netlib,seba,515,1028,4352,ps26119,auto,1,1e-8,60.0,Optimal,524,0.023517,15711.599999999999,15711.599999999999,HiGHS optimum (optima.csv),0.00e+00,PASS,0.00e+00,0.00e+00,5.79e-17,yes,ps26119 0.1.0 (git 90fc378),"auto: simplex (rows*nnz = 2.2e+06); phase-1 iters 481, bound flips 24, refactorizations 24, Bland episodes 0, Devex resets 0, tolerance tightenings 0"
90fc378,Darwin-arm64,Apple M4,10,none,,,2026-09-28T07:52:33,netlib,seba,515,1028,4352,ps26119,simplex,1,1e-8,60.0,Optimal,524,0.023628,15711.599999999999,15711.599999999999,HiGHS optimum (optima.csv),0.00e+00,PASS,0.00e+00,0.00e+00,5.79e-17,yes,ps26119 0.1.0 (git 90fc378),"phase-1 iters 481, bound flips 24, refactorizations 24, Bland episodes 0, Devex resets 0, tolerance tightenings 0"
90fc378,Darwin-arm64,Apple M4,10,none,,,2026-09-28T07:52:33,netlib,seba,515,1028,4352,ps26119,r2hpdhg,1,1e-8,60.0,Optimal,4864,0.059699,15711.599985531077,15711.599999999999,HiGHS optimum (optima.csv),9.21e-10,PASS,5.51e-07,3.46e-12,4.98e-10,yes,ps26119 0.1.0 (git 90fc378),
90fc378,Darwin-arm64,Apple M4,10,none,,,2026-09-28T07:52:33,netlib,seba,515,1028,4352,ps26119,r2hpdhg,10,1e-8,60.0,Optimal,4864,0.060096,15711.599985531077,15711.599999999999,HiGHS optimum (optima.csv),9.21e-10,PASS,5.51e-07,3.46e-12,4.98e-10,yes,ps26119 0.1.0 (git 90fc378),
90fc378,Darwin-arm64,Apple M4,10,none,,,2026-09-28T07:52:33,netlib,seba,515,1028,4352,highs,simplex,default,HiGHS defaults (1e-7 feasibility),60.0,Optimal,1,0.003347,15711.599999999999,15711.599999999999,HiGHS optimum (optima.csv),0.00e+00,PASS,0.00e+00,0.00e+00,5.79e-17,yes,HiGHS 1.15.1,HiGHS model status kOptimal
90fc378,Darwin-arm64,Apple M4,10,none,,,2026-09-28T07:52:33,netlib,seba,515,1028,4352,highs,ipm,default,HiGHS defaults (1e-7 feasibility),60.0,Optimal,7,0.003262,15711.599999999999,15711.599999999999,HiGHS optimum (optima.csv),0.00e+00,PASS,0.00e+00,0.00e+00,5.79e-17,yes,HiGHS 1.15.1,HiGHS model status kOptimal
90fc378,Darwin-arm64,Apple M4,10,none,,,2026-09-28T07:52:33,netlib,seba,515,1028,4352,highs,pdlp,default,1e-8 (pdlp_optimality_tolerance),60.0,Optimal,40,0.002503,15711.599999999999,15711.599999999999,HiGHS optimum (optima.csv),0.00e+00,PASS,0.00e+00,0.00e+00,0.00e+00,yes,HiGHS 1.15.1,HiGHS model status kOptimal
90fc378,Darwin-arm64,Apple M4,10,none,,,2026-09-28T07:52:33,netlib,share1b,117,225,1151,ps26119,auto,1,1e-8,60.0,Optimal,191,0.003411,-76589.318579185725,-76589.31857918571,HiGHS optimum (optima.csv),1.90e-16,PASS,1.79e-10,2.53e-16,9.50e-17,yes,ps26119 0.1.0 (git 90fc378),"auto: simplex (rows*nnz = 1.3e+05); phase-1 iters 155, bound flips 0, refactorizations 8, Bland episodes 0, Devex resets 2, tolerance tightenings 0; presolve removed 7 rows, 5 cols"
90fc378,Darwin-arm64,Apple M4,10,none,,,2026-09-28T07:52:33,netlib,share1b,117,225,1151,ps26119,simplex,1,1e-8,60.0,Optimal,191,0.003360,-76589.318579185725,-76589.31857918571,HiGHS optimum (optima.csv),1.90e-16,PASS,1.79e-10,2.53e-16,9.50e-17,yes,ps26119 0.1.0 (git 90fc378),"phase-1 iters 155, bound flips 0, refactorizations 8, Bland episodes 0, Devex resets 2, tolerance tightenings 0; presolve removed 7 rows, 5 cols"
90fc378,Darwin-arm64,Apple M4,10,none,,,2026-09-28T07:52:33,netlib,share1b,117,225,1151,ps26119,r2hpdhg,1,1e-8,60.0,Optimal,50368,0.110854,-76589.318583425716,-76589.31857918571,HiGHS optimum (optima.csv),5.54e-11,PASS,9.03e-07,1.75e-14,2.68e-11,yes,ps26119 0.1.0 (git 90fc378),"presolve removed 7 rows, 5 cols"
90fc378,Darwin-arm64,Apple M4,10,none,,,2026-09-28T07:52:33,netlib,share1b,117,225,1151,ps26119,r2hpdhg,10,1e-8,60.0,Optimal,50368,0.110065,-76589.318583425716,-76589.31857918571,HiGHS optimum (optima.csv),5.54e-11,PASS,9.03e-07,1.75e-14,2.68e-11,yes,ps26119 0.1.0 (git 90fc378),"presolve removed 7 rows, 5 cols"
90fc378,Darwin-arm64,Apple M4,10,none,,,2026-09-28T07:52:33,netlib,share1b,117,225,1151,highs,simplex,default,HiGHS defaults (1e-7 feasibility),60.0,Optimal,160,0.003241,-76589.31857918571,-76589.31857918571,HiGHS optimum (optima.csv),0.00e+00,PASS,1.41e-10,2.53e-16,5.70e-16,yes,HiGHS 1.15.1,HiGHS model status kOptimal
90fc378,Darwin-arm64,Apple M4,10,none,,,2026-09-28T07:52:33,netlib,share1b,117,225,1151,highs,ipm,default,HiGHS defaults (1e-7 feasibility),60.0,Optimal,22,0.007881,-76589.31857918571,-76589.31857918571,HiGHS optimum (optima.csv),0.00e+00,PASS,1.41e-10,2.53e-16,5.70e-16,yes,HiGHS 1.15.1,HiGHS model status kOptimal
90fc378,Darwin-arm64,Apple M4,10,none,,,2026-09-28T07:52:33,netlib,share1b,117,225,1151,highs,pdlp,default,1e-8 (pdlp_optimality_tolerance),60.0,Optimal,22760,0.078404,-76589.31561010932,-76589.31857918571,HiGHS optimum (optima.csv),3.88e-08,FAIL,1.85e-02,7.00e-10,4.93e-09,no,HiGHS 1.15.1,HiGHS model status kOptimal
90fc378,Darwin-arm64,Apple M4,10,none,,,2026-09-28T07:52:33,netlib,share2b,96,79,694,ps26119,auto,1,1e-8,60.0,Optimal,102,0.001694,-415.73224074142001,-415.7322407414195,HiGHS optimum (optima.csv),1.23e-15,PASS,2.27e-13,1.18e-14,8.88e-16,yes,ps26119 0.1.0 (git 90fc378),"auto: simplex (rows*nnz = 6.7e+04); phase-1 iters 60, bound flips 0, refactorizations 6, Bland episodes 0, Devex resets 2, tolerance tightenings 0; presolve removed 3 rows, 0 cols"
90fc378,Darwin-arm64,Apple M4,10,none,,,2026-09-28T07:52:33,netlib,share2b,96,79,694,ps26119,simplex,1,1e-8,60.0,Optimal,102,0.001670,-415.73224074142001,-415.7322407414195,HiGHS optimum (optima.csv),1.23e-15,PASS,2.27e-13,1.18e-14,8.88e-16,yes,ps26119 0.1.0 (git 90fc378),"phase-1 iters 60, bound flips 0, refactorizations 6, Bland episodes 0, Devex resets 2, tolerance tightenings 0; presolve removed 3 rows, 0 cols"
90fc378,Darwin-arm64,Apple M4,10,none,,,2026-09-28T07:52:33,netlib,share2b,96,79,694,ps26119,r2hpdhg,1,1e-8,60.0,Optimal,49344,0.063362,-415.7322330469845,-415.7322407414195,HiGHS optimum (optima.csv),1.85e-08,PASS,1.41e-08,7.01e-09,8.34e-09,yes,ps26119 0.1.0 (git 90fc378),"presolve removed 3 rows, 0 cols"
90fc378,Darwin-arm64,Apple M4,10,none,,,2026-09-28T07:52:33,netlib,share2b,96,79,694,ps26119,r2hpdhg,10,1e-8,60.0,Optimal,49344,0.062766,-415.7322330469845,-415.7322407414195,HiGHS optimum (optima.csv),1.85e-08,PASS,1.41e-08,7.01e-09,8.34e-09,yes,ps26119 0.1.0 (git 90fc378),"presolve removed 3 rows, 0 cols"
90fc378,Darwin-arm64,Apple M4,10,none,,,2026-09-28T07:52:33,netlib,share2b,96,79,694,highs,simplex,default,HiGHS defaults (1e-7 feasibility),60.0,Optimal,99,0.001758,-415.7322407414195,-415.7322407414195,HiGHS optimum (optima.csv),0.00e+00,PASS,6.82e-13,2.37e-14,2.05e-15,yes,HiGHS 1.15.1,HiGHS model status kOptimal
90fc378,Darwin-arm64,Apple M4,10,none,,,2026-09-28T07:52:33,netlib,share2b,96,79,694,highs,ipm,default,HiGHS defaults (1e-7 feasibility),60.0,Optimal,15,0.004227,-415.73224074141933,-415.7322407414195,HiGHS optimum (optima.csv),4.09e-16,PASS,4.55e-13,5.92e-14,1.02e-15,yes,HiGHS 1.15.1,HiGHS model status kOptimal
90fc378,Darwin-arm64,Apple M4,10,none,,,2026-09-28T07:52:33,netlib,share2b,96,79,694,highs,pdlp,default,1e-8 (pdlp_optimality_tolerance),60.0,Optimal,2280,0.005207,-415.73223456357493,-415.7322407414195,HiGHS optimum (optima.csv),1.48e-08,FAIL,1.41e-06,9.40e-08,3.20e-09,no,HiGHS 1.15.1,HiGHS model status kOptimal
90fc378,Darwin-arm64,Apple M4,10,none,,,2026-09-28T07:52:33,netlib,shell,536,1775,3556,ps26119,auto,1,1e-8,60.0,Optimal,699,0.017068,1208825346,1208825346.0,HiGHS optimum (optima.csv),0.00e+00,PASS,0.00e+00,0.00e+00,0.00e+00,yes,ps26119 0.1.0 (git 90fc378),"auto: simplex (rows*nnz = 1.9e+06); phase-1 iters 550, bound flips 2, refactorizations 8, Bland episodes 0, Devex resets 0, tolerance tightenings 0; presolve removed 49 rows, 299 cols"
90fc378,Darwin-arm64,Apple M4,10,none,,,2026-09-28T07:52:33,netlib,shell,536,1775,3556,ps26119,simplex,1,1e-8,60.0,Optimal,699,0.017423,1208825346,1208825346.0,HiGHS optimum (optima.csv),0.00e+00,PASS,0.00e+00,0.00e+00,0.00e+00,yes,ps26119 0.1.0 (git 90fc378),"phase-1 iters 550, bound flips 2, refactorizations 8, Bland episodes 0, Devex resets 0, tolerance tightenings 0; presolve removed 49 rows, 299 cols"
90fc378,Darwin-arm64,Apple M4,10,none,,,2026-09-28T07:52:33,netlib,shell,536,1775,3556,ps26119,r2hpdhg,1,1e-8,60.0,Optimal,27712,0.276432,1208825346.0026531,1208825346.0,HiGHS optimum (optima.csv),2.19e-12,PASS,7.97e-07,4.42e-13,1.07e-12,yes,ps26119 0.1.0 (git 90fc378),"presolve removed 49 rows, 299 cols; postsolved point missed the tolerance, fell back to solving the original"
90fc378,Darwin-arm64,Apple M4,10,none,,,2026-09-28T07:52:33,netlib,shell,536,1775,3556,ps26119,r2hpdhg,10,1e-8,60.0,Optimal,27712,0.277049,1208825346.0026531,1208825346.0,HiGHS optimum (optima.csv),2.19e-12,PASS,7.97e-07,4.42e-13,1.07e-12,yes,ps26119 0.1.0 (git 90fc378),"presolve removed 49 rows, 299 cols; postsolved point missed the tolerance, fell back to solving the original"
90fc378,Darwin-arm64,Apple M4,10,none,,,2026-09-28T07:52:33,netlib,shell,536,1775,3556,highs,simplex,default,HiGHS defaults (1e-7 feasibility),60.0,Optimal,325,0.011915,1208825346.0,1208825346.0,HiGHS optimum (optima.csv),0.00e+00,PASS,0.00e+00,0.00e+00,0.00e+00,yes,HiGHS 1.15.1,HiGHS model status kOptimal
90fc378,Darwin-arm64,Apple M4,10,none,,,2026-09-28T07:52:33,netlib,shell,536,1775,3556,highs,ipm,default,HiGHS defaults (1e-7 feasibility),60.0,Optimal,20,0.019449,1208825346.0,1208825346.0,HiGHS optimum (optima.csv),0.00e+00,PASS,0.00e+00,0.00e+00,0.00e+00,yes,HiGHS 1.15.1,HiGHS model status kOptimal
90fc378,Darwin-arm64,Apple M4,10,none,,,2026-09-28T07:52:33,netlib,shell,536,1775,3556,highs,pdlp,default,1e-8 (pdlp_optimality_tolerance),60.0,Optimal,8800,0.129367,1208825345.6872342,1208825346.0,HiGHS optimum (optima.csv),2.59e-10,FAIL,1.97e-03,9.73e-08,4.47e-10,no,HiGHS 1.15.1,HiGHS model status kOptimal
90fc378,Darwin-arm64,Apple M4,10,none,,,2026-09-28T07:52:33,netlib,ship04l,402,2118,6332,ps26119,auto,1,1e-8,60.0,Optimal,480,0.016152,1793324.5379703559,1793324.5379703562,HiGHS optimum (optima.csv),1.30e-16,PASS,4.09e-14,6.17e-17,0.00e+00,yes,ps26119 0.1.0 (git 90fc378),"auto: simplex (rows*nnz = 2.5e+06); phase-1 iters 313, bound flips 0, refactorizations 6, Bland episodes 0, Devex resets 0, tolerance tightenings 0; presolve removed 46 rows, 4 cols"
90fc378,Darwin-arm64,Apple M4,10,none,,,2026-09-28T07:52:33,netlib,ship04l,402,2118,6332,ps26119,simplex,1,1e-8,60.0,Optimal,480,0.016083,1793324.5379703559,1793324.5379703562,HiGHS optimum (optima.csv),1.30e-16,PASS,4.09e-14,6.17e-17,0.00e+00,yes,ps26119 0.1.0 (git 90fc378),"phase-1 iters 313, bound flips 0, refactorizations 6, Bland episodes 0, Devex resets 0, tolerance tightenings 0; presolve removed 46 rows, 4 cols"
90fc378,Darwin-arm64,Apple M4,10,none,,,2026-09-28T07:52:33,netlib,ship04l,402,2118,6332,ps26119,r2hpdhg,1,1e-8,60.0,Optimal,5760,0.094344,1793324.5236307965,1793324.5379703562,HiGHS optimum (optima.csv),8.00e-09,PASS,1.47e-07,2.88e-09,4.34e-09,yes,ps26119 0.1.0 (git 90fc378),"presolve removed 46 rows, 4 cols"
90fc378,Darwin-arm64,Apple M4,10,none,,,2026-09-28T07:52:33,netlib,ship04l,402,2118,6332,ps26119,r2hpdhg,10,1e-8,60.0,Optimal,5760,0.094393,1793324.5236307965,1793324.5379703562,HiGHS optimum (optima.csv),8.00e-09,PASS,1.47e-07,2.88e-09,4.34e-09,yes,ps26119 0.1.0 (git 90fc378),"presolve removed 46 rows, 4 cols"
90fc378,Darwin-arm64,Apple M4,10,none,,,2026-09-28T07:52:33,netlib,ship04l,402,2118,6332,highs,simplex,default,HiGHS defaults (1e-7 feasibility),60.0,Optimal,380,0.006937,1793324.5379703562,1793324.5379703562,HiGHS optimum (optima.csv),0.00e+00,PASS,1.66e-14,6.17e-17,0.00e+00,yes,HiGHS 1.15.1,HiGHS model status kOptimal
90fc378,Darwin-arm64,Apple M4,10,none,,,2026-09-28T07:52:33,netlib,ship04l,402,2118,6332,highs,ipm,default,HiGHS defaults (1e-7 feasibility),60.0,Optimal,16,0.016007,1793324.537970356,1793324.5379703562,HiGHS optimum (optima.csv),1.30e-16,PASS,4.09e-14,6.17e-17,6.49e-17,yes,HiGHS 1.15.1,HiGHS model status kOptimal
90fc378,Darwin-arm64,Apple M4,10,none,,,2026-09-28T07:52:33,netlib,ship04l,402,2118,6332,highs,pdlp,default,1e-8 (pdlp_optimality_tolerance),60.0,Optimal,14120,0.314697,1793324.5528645192,1793324.5379703562,HiGHS optimum (optima.csv),8.31e-09,PASS,3.84e-07,4.59e-09,3.35e-09,yes,HiGHS 1.15.1,HiGHS model status kOptimal
90fc378,Darwin-arm64,Apple M4,10,none,,,2026-09-28T07:52:33,netlib,ship04s,402,1458,4352,ps26119,auto,1,1e-8,60.0,Optimal,338,0.008205,1798714.7004453919,1798714.7004453917,HiGHS optimum (optima.csv),1.29e-16,PASS,2.93e-14,1.23e-16,0.00e+00,yes,ps26119 0.1.0 (git 90fc378),"auto: simplex (rows*nnz = 1.7e+06); phase-1 iters 220, bound flips 0, refactorizations 5, Bland episodes 0, Devex resets 0, tolerance tightenings 0; presolve removed 134 rows, 92 cols"
90fc378,Darwin-arm64,Apple M4,10,none,,,2026-09-28T07:52:33,netlib,ship04s,402,1458,4352,ps26119,simplex,1,1e-8,60.0,Optimal,338,0.008294,1798714.7004453919,1798714.7004453917,HiGHS optimum (optima.csv),1.29e-16,PASS,2.93e-14,1.23e-16,0.00e+00,yes,ps26119 0.1.0 (git 90fc378),"phase-1 iters 220, bound flips 0, refactorizations 5, Bland episodes 0, Devex resets 0, tolerance tightenings 0; presolve removed 134 rows, 92 cols"
90fc378,Darwin-arm64,Apple M4,10,none,,,2026-09-28T07:52:33,netlib,ship04s,402,1458,4352,ps26119,r2hpdhg,1,1e-8,60.0,Optimal,17280,0.171605,1798714.6753530456,1798714.7004453917,HiGHS optimum (optima.csv),1.40e-08,PASS,2.92e-07,2.10e-08,7.19e-09,yes,ps26119 0.1.0 (git 90fc378),"presolve removed 134 rows, 92 cols"
90fc378,Darwin-arm64,Apple M4,10,none,,,2026-09-28T07:52:33,netlib,ship04s,402,1458,4352,ps26119,r2hpdhg,10,1e-8,60.0,Optimal,17280,0.171880,1798714.6753530456,1798714.7004453917,HiGHS optimum (optima.csv),1.40e-08,PASS,2.92e-07,2.10e-08,7.19e-09,yes,ps26119 0.1.0 (git 90fc378),"presolve removed 134 rows, 92 cols"
90fc378,Darwin-arm64,Apple M4,10,none,,,2026-09-28T07:52:33,netlib,ship04s,402,1458,4352,highs,simplex,default,HiGHS defaults (1e-7 feasibility),60.0,Optimal,264,0.004852,1798714.7004453917,1798714.7004453917,HiGHS optimum (optima.csv),0.00e+00,PASS,2.93e-14,6.17e-17,1.29e-16,yes,HiGHS 1.15.1,HiGHS model status kOptimal
90fc378,Darwin-arm64,Apple M4,10,none,,,2026-09-28T07:52:33,netlib,ship04s,402,1458,4352,highs,ipm,default,HiGHS defaults (1e-7 feasibility),60.0,Optimal,18,0.012119,1798714.7004453917,1798714.7004453917,HiGHS optimum (optima.csv),0.00e+00,PASS,5.77e-14,6.17e-17,0.00e+00,yes,HiGHS 1.15.1,HiGHS model status kOptimal
90fc378,Darwin-arm64,Apple M4,10,none,,,2026-09-28T07:52:33,netlib,ship04s,402,1458,4352,highs,pdlp,default,1e-8 (pdlp_optimality_tolerance),60.0,Optimal,12400,0.180034,1798714.7058538215,1798714.7004453917,HiGHS optimum (optima.csv),3.01e-09,PASS,5.88e-08,2.36e-07,4.45e-09,yes,HiGHS 1.15.1,HiGHS model status kOptimal
90fc378,Darwin-arm64,Apple M4,10,none,,,2026-09-28T07:52:33,netlib,ship08l,778,4283,12802,ps26119,auto,1,1e-8,60.0,Optimal,881,0.049789,1909055.2113891309,1909055.211389131,HiGHS optimum (optima.csv),0.00e+00,PASS,8.01e-15,1.12e-16,0.00e+00,yes,ps26119 0.1.0 (git 90fc378),"auto: simplex (rows*nnz = 1e+07); phase-1 iters 594, bound flips 0, refactorizations 10, Bland episodes 0, Devex resets 0, tolerance tightenings 0; presolve removed 90 rows, 24 cols"
90fc378,Darwin-arm64,Apple M4,10,none,,,2026-09-28T07:52:33,netlib,ship08l,778,4283,12802,ps26119,simplex,1,1e-8,60.0,Optimal,881,0.050102,1909055.2113891309,1909055.211389131,HiGHS optimum (optima.csv),0.00e+00,PASS,8.01e-15,1.12e-16,0.00e+00,yes,ps26119 0.1.0 (git 90fc378),"phase-1 iters 594, bound flips 0, refactorizations 10, Bland episodes 0, Devex resets 0, tolerance tightenings 0; presolve removed 90 rows, 24 cols"
90fc378,Darwin-arm64,Apple M4,10,none,,,2026-09-28T07:52:33,netlib,ship08l,778,4283,12802,ps26119,r2hpdhg,1,1e-8,60.0,Optimal,14656,0.469606,1909055.2379567116,1909055.211389131,HiGHS optimum (optima.csv),1.39e-08,PASS,2.08e-07,2.03e-08,7.23e-09,yes,ps26119 0.1.0 (git 90fc378),"presolve removed 90 rows, 24 cols"
90fc378,Darwin-arm64,Apple M4,10,none,,,2026-09-28T07:52:33,netlib,ship08l,778,4283,12802,ps26119,r2hpdhg,10,1e-8,60.0,Optimal,14656,0.469729,1909055.2379567116,1909055.211389131,HiGHS optimum (optima.csv),1.39e-08,PASS,2.08e-07,2.03e-08,7.23e-09,yes,ps26119 0.1.0 (git 90fc378),"presolve removed 90 rows, 24 cols"
90fc378,Darwin-arm64,Apple M4,10,none,,,2026-09-28T07:52:33,netlib,ship08l,778,4283,12802,highs,simplex,default,HiGHS defaults (1e-7 feasibility),60.0,Optimal,670,0.015747,1909055.211389131,1909055.211389131,HiGHS optimum (optima.csv),0.00e+00,PASS,1.37e-14,5.61e-17,0.00e+00,yes,HiGHS 1.15.1,HiGHS model status kOptimal
90fc378,Darwin-arm64,Apple M4,10,none,,,2026-09-28T07:52:33,netlib,ship08l,778,4283,12802,highs,ipm,default,HiGHS defaults (1e-7 feasibility),60.0,Optimal,16,0.029759,1909055.2113891314,1909055.211389131,HiGHS optimum (optima.csv),2.44e-16,PASS,3.87e-14,5.61e-17,0.00e+00,yes,HiGHS 1.15.1,HiGHS model status kOptimal
90fc378,Darwin-arm64,Apple M4,10,none,,,2026-09-28T07:52:33,netlib,ship08l,778,4283,12802,highs,pdlp,default,1e-8 (pdlp_optimality_tolerance),60.0,Optimal,16000,0.582871,1909055.2366974917,1909055.211389131,HiGHS optimum (optima.csv),1.33e-08,PASS,5.88e-07,6.12e-08,9.89e-09,yes,HiGHS 1.15.1,HiGHS model status kOptimal
90fc378,Darwin-arm64,Apple M4,10,none,,,2026-09-28T07:52:33,netlib,ship08s,778,2387,7114,ps26119,auto,1,1e-8,60.0,Optimal,453,0.015891,1920098.210534618,1920098.2105346182,HiGHS optimum (optima.csv),1.21e-16,PASS,1.29e-14,1.12e-16,0.00e+00,yes,ps26119 0.1.0 (git 90fc378),"auto: simplex (rows*nnz = 5.5e+06); phase-1 iters 280, bound flips 0, refactorizations 6, Bland episodes 0, Devex resets 0, tolerance tightenings 0; presolve removed 362 rows, 296 cols"
90fc378,Darwin-arm64,Apple M4,10,none,,,2026-09-28T07:52:33,netlib,ship08s,778,2387,7114,ps26119,simplex,1,1e-8,60.0,Optimal,453,0.016160,1920098.210534618,1920098.2105346182,HiGHS optimum (optima.csv),1.21e-16,PASS,1.29e-14,1.12e-16,0.00e+00,yes,ps26119 0.1.0 (git 90fc378),"phase-1 iters 280, bound flips 0, refactorizations 6, Bland episodes 0, Devex resets 0, tolerance tightenings 0; presolve removed 362 rows, 296 cols"
90fc378,Darwin-arm64,Apple M4,10,none,,,2026-09-28T07:52:33,netlib,ship08s,778,2387,7114,ps26119,r2hpdhg,1,1e-8,60.0,Optimal,7744,0.122813,1920098.2456393242,1920098.2105346182,HiGHS optimum (optima.csv),1.83e-08,PASS,2.27e-07,1.55e-09,9.25e-09,yes,ps26119 0.1.0 (git 90fc378),"presolve removed 362 rows, 296 cols"
90fc378,Darwin-arm64,Apple M4,10,none,,,2026-09-28T07:52:33,netlib,ship08s,778,2387,7114,ps26119,r2hpdhg,10,1e-8,60.0,Optimal,7744,0.123187,1920098.2456393242,1920098.2105346182,HiGHS optimum (optima.csv),1.83e-08,PASS,2.27e-07,1.55e-09,9.25e-09,yes,ps26119 0.1.0 (git 90fc378),"presolve removed 362 rows, 296 cols"
90fc378,Darwin-arm64,Apple M4,10,none,,,2026-09-28T07:52:33,netlib,ship08s,778,2387,7114,highs,simplex,default,HiGHS defaults (1e-7 feasibility),60.0,Optimal,366,0.008216,1920098.2105346182,1920098.2105346182,HiGHS optimum (optima.csv),0.00e+00,PASS,2.46e-14,1.12e-16,1.21e-16,yes,HiGHS 1.15.1,HiGHS model status kOptimal
90fc378,Darwin-arm64,Apple M4,10,none,,,2026-09-28T07:52:33,netlib,ship08s,778,2387,7114,highs,ipm,default,HiGHS defaults (1e-7 feasibility),60.0,Optimal,14,0.015040,1920098.2105346185,1920098.2105346182,HiGHS optimum (optima.csv),1.21e-16,PASS,3.71e-14,1.12e-16,1.21e-16,yes,HiGHS 1.15.1,HiGHS model status kOptimal
90fc378,Darwin-arm64,Apple M4,10,none,,,2026-09-28T07:52:33,netlib,ship08s,778,2387,7114,highs,pdlp,default,1e-8 (pdlp_optimality_tolerance),60.0,Optimal,20920,0.375630,1920098.2119139982,1920098.2105346182,HiGHS optimum (optima.csv),7.18e-10,PASS,7.70e-09,4.82e-08,4.26e-09,yes,HiGHS 1.15.1,HiGHS model status kOptimal
90fc378,Darwin-arm64,Apple M4,10,none,,,2026-09-28T07:52:33,netlib,ship12l,1151,5427,16170,ps26119,auto,1,1e-8,60.0,Optimal,1602,0.104516,1470187.9193292661,1470187.9193292665,HiGHS optimum (optima.csv),3.17e-16,PASS,1.07e-14,6.56e-17,0.00e+00,yes,ps26119 0.1.0 (git 90fc378),"auto: simplex (rows*nnz = 1.9e+07); phase-1 iters 1259, bound flips 0, refactorizations 18, Bland episodes 0, Devex resets 0, tolerance tightenings 0; presolve removed 313 rows, 204 cols"
90fc378,Darwin-arm64,Apple M4,10,none,,,2026-09-28T07:52:33,netlib,ship12l,1151,5427,16170,ps26119,simplex,1,1e-8,60.0,Optimal,1602,0.105263,1470187.9193292661,1470187.9193292665,HiGHS optimum (optima.csv),3.17e-16,PASS,1.07e-14,6.56e-17,0.00e+00,yes,ps26119 0.1.0 (git 90fc378),"phase-1 iters 1259, bound flips 0, refactorizations 18, Bland episodes 0, Devex resets 0, tolerance tightenings 0; presolve removed 313 rows, 204 cols"
90fc378,Darwin-arm64,Apple M4,10,none,,,2026-09-28T07:52:33,netlib,ship12l,1151,5427,16170,ps26119,r2hpdhg,1,1e-8,60.0,Optimal,11840,0.456892,1470187.8986844565,1470187.9193292665,HiGHS optimum (optima.csv),1.40e-08,PASS,1.56e-07,7.19e-10,7.10e-09,yes,ps26119 0.1.0 (git 90fc378),"presolve removed 313 rows, 204 cols"
90fc378,Darwin-arm64,Apple M4,10,none,,,2026-09-28T07:52:33,netlib,ship12l,1151,5427,16170,ps26119,r2hpdhg,10,1e-8,60.0,Optimal,11840,0.456800,1470187.8986844565,1470187.9193292665,HiGHS optimum (optima.csv),1.40e-08,PASS,1.56e-07,7.19e-10,7.10e-09,yes,ps26119 0.1.0 (git 90fc378),"presolve removed 313 rows, 204 cols"
90fc378,Darwin-arm64,Apple M4,10,none,,,2026-09-28T07:52:33,netlib,ship12l,1151,5427,16170,highs,simplex,default,HiGHS defaults (1e-7 feasibility),60.0,Optimal,951,0.025641,1470187.9193292665,1470187.9193292665,HiGHS optimum (optima.csv),0.00e+00,PASS,3.04e-14,8.08e-17,1.58e-16,yes,HiGHS 1.15.1,HiGHS model status kOptimal
90fc378,Darwin-arm64,Apple M4,10,none,,,2026-09-28T07:52:33,netlib,ship12l,1151,5427,16170,highs,ipm,default,HiGHS defaults (1e-7 feasibility),60.0,Optimal,18,0.052206,1470187.9193292663,1470187.9193292665,HiGHS optimum (optima.csv),1.58e-16,PASS,3.04e-14,8.08e-17,0.00e+00,yes,HiGHS 1.15.1,HiGHS model status kOptimal
90fc378,Darwin-arm64,Apple M4,10,none,,,2026-09-28T07:52:33,netlib,ship12l,1151,5427,16170,highs,pdlp,default,1e-8 (pdlp_optimality_tolerance),60.0,Optimal,16040,0.796409,1470187.9245359316,1470187.9193292665,HiGHS optimum (optima.csv),3.54e-09,PASS,3.93e-07,4.97e-09,1.12e-09,yes,HiGHS 1.15.1,HiGHS model status kOptimal
90fc378,Darwin-arm64,Apple M4,10,none,,,2026-09-28T07:52:33,netlib,ship12s,1151,2763,8178,ps26119,auto,1,1e-8,60.0,Optimal,760,0.026414,1489236.1344061326,1489236.1344061329,HiGHS optimum (optima.csv),1.56e-16,PASS,1.86e-14,6.56e-17,7.82e-17,yes,ps26119 0.1.0 (git 90fc378),"auto: simplex (rows*nnz = 9.4e+06); phase-1 iters 553, bound flips 0, refactorizations 9, Bland episodes 0, Devex resets 0, tolerance tightenings 0; presolve removed 685 rows, 576 cols"
90fc378,Darwin-arm64,Apple M4,10,none,,,2026-09-28T07:52:33,netlib,ship12s,1151,2763,8178,ps26119,simplex,1,1e-8,60.0,Optimal,760,0.026545,1489236.1344061326,1489236.1344061329,HiGHS optimum (optima.csv),1.56e-16,PASS,1.86e-14,6.56e-17,7.82e-17,yes,ps26119 0.1.0 (git 90fc378),"phase-1 iters 553, bound flips 0, refactorizations 9, Bland episodes 0, Devex resets 0, tolerance tightenings 0; presolve removed 685 rows, 576 cols"
90fc378,Darwin-arm64,Apple M4,10,none,,,2026-09-28T07:52:33,netlib,ship12s,1151,2763,8178,ps26119,r2hpdhg,1,1e-8,60.0,Optimal,14784,0.232543,1489236.1536639766,1489236.1344061329,HiGHS optimum (optima.csv),1.29e-08,PASS,1.90e-07,7.59e-09,5.62e-09,yes,ps26119 0.1.0 (git 90fc378),"presolve removed 685 rows, 576 cols"
90fc378,Darwin-arm64,Apple M4,10,none,,,2026-09-28T07:52:33,netlib,ship12s,1151,2763,8178,ps26119,r2hpdhg,10,1e-8,60.0,Optimal,14784,0.232532,1489236.1536639766,1489236.1344061329,HiGHS optimum (optima.csv),1.29e-08,PASS,1.90e-07,7.59e-09,5.62e-09,yes,ps26119 0.1.0 (git 90fc378),"presolve removed 685 rows, 576 cols"
90fc378,Darwin-arm64,Apple M4,10,none,,,2026-09-28T07:52:33,netlib,ship12s,1151,2763,8178,highs,simplex,default,HiGHS defaults (1e-7 feasibility),60.0,Optimal,480,0.009575,1489236.1344061329,1489236.1344061329,HiGHS optimum (optima.csv),0.00e+00,PASS,1.37e-14,8.08e-17,0.00e+00,yes,HiGHS 1.15.1,HiGHS model status kOptimal
90fc378,Darwin-arm64,Apple M4,10,none,,,2026-09-28T07:52:33,netlib,ship12s,1151,2763,8178,highs,ipm,default,HiGHS defaults (1e-7 feasibility),60.0,Optimal,16,0.018129,1489236.134406133,1489236.1344061329,HiGHS optimum (optima.csv),1.56e-16,PASS,1.86e-14,8.08e-17,7.82e-17,yes,HiGHS 1.15.1,HiGHS model status kOptimal
90fc378,Darwin-arm64,Apple M4,10,none,,,2026-09-28T07:52:33,netlib,ship12s,1151,2763,8178,highs,pdlp,default,1e-8 (pdlp_optimality_tolerance),60.0,Optimal,12560,0.278125,1489236.182401765,1489236.1344061329,HiGHS optimum (optima.csv),3.22e-08,FAIL,1.26e-06,7.98e-08,2.59e-09,no,HiGHS 1.15.1,HiGHS model status kOptimal
90fc378,Darwin-arm64,Apple M4,10,none,,,2026-09-28T07:52:33,netlib,sierra,1227,2036,7302,ps26119,auto,1,1e-8,60.0,Optimal,840,0.038505,15394362.183631925,15394362.183631929,HiGHS optimum (optima.csv),2.42e-16,PASS,2.27e-13,0.00e+00,2.84e-15,yes,ps26119 0.1.0 (git 90fc378),"auto: simplex (rows*nnz = 9e+06); phase-1 iters 531, bound flips 46, refactorizations 9, Bland episodes 0, Devex resets 0, tolerance tightenings 0; presolve removed 15 rows, 20 cols"
90fc378,Darwin-arm64,Apple M4,10,none,,,2026-09-28T07:52:33,netlib,sierra,1227,2036,7302,ps26119,simplex,1,1e-8,60.0,Optimal,840,0.037873,15394362.183631925,15394362.183631929,HiGHS optimum (optima.csv),2.42e-16,PASS,2.27e-13,0.00e+00,2.84e-15,yes,ps26119 0.1.0 (git 90fc378),"phase-1 iters 531, bound flips 46, refactorizations 9, Bland episodes 0, Devex resets 0, tolerance tightenings 0; presolve removed 15 rows, 20 cols"
90fc378,Darwin-arm64,Apple M4,10,none,,,2026-09-28T07:52:33,netlib,sierra,1227,2036,7302,ps26119,r2hpdhg,1,1e-8,60.0,Optimal,464704,7.728160,15394362.182864552,15394362.183631929,HiGHS optimum (optima.csv),4.98e-11,PASS,5.57e-07,2.07e-15,4.10e-09,yes,ps26119 0.1.0 (git 90fc378),"presolve removed 15 rows, 20 cols"
90fc378,Darwin-arm64,Apple M4,10,none,,,2026-09-28T07:52:33,netlib,sierra,1227,2036,7302,ps26119,r2hpdhg,10,1e-8,60.0,Optimal,464704,7.822749,15394362.182864552,15394362.183631929,HiGHS optimum (optima.csv),4.98e-11,PASS,5.57e-07,2.07e-15,4.10e-09,yes,ps26119 0.1.0 (git 90fc378),"presolve removed 15 rows, 20 cols"
90fc378,Darwin-arm64,Apple M4,10,none,,,2026-09-28T07:52:33,netlib,sierra,1227,2036,7302,highs,simplex,default,HiGHS defaults (1e-7 feasibility),60.0,Optimal,352,0.012135,15394362.183631929,15394362.183631929,HiGHS optimum (optima.csv),0.00e+00,PASS,1.99e-13,0.00e+00,3.45e-15,yes,HiGHS 1.15.1,HiGHS model status kOptimal
90fc378,Darwin-arm64,Apple M4,10,none,,,2026-09-28T07:52:33,netlib,sierra,1227,2036,7302,highs,ipm,default,HiGHS defaults (1e-7 feasibility),60.0,Optimal,22,0.035187,15394362.183631927,15394362.183631929,HiGHS optimum (optima.csv),1.21e-16,PASS,1.99e-13,0.00e+00,2.84e-15,yes,HiGHS 1.15.1,HiGHS model status kOptimal
90fc378,Darwin-arm64,Apple M4,10,none,,,2026-09-28T07:52:33,netlib,sierra,1227,2036,7302,highs,pdlp,default,1e-8 (pdlp_optimality_tolerance),60.0,Optimal,26400,0.638610,15394362.133471575,15394362.183631929,HiGHS optimum (optima.csv),3.26e-09,FAIL,1.00e-04,0.00e+00,1.32e-09,no,HiGHS 1.15.1,HiGHS model status kOptimal
90fc378,Darwin-arm64,Apple M4,10,none,,,2026-09-28T07:52:33,netlib,stair,356,467,3856,ps26119,auto,1,1e-8,60.0,Optimal,609,0.043833,-251.26695119296392,-251.26695119296335,HiGHS optimum (optima.csv),2.25e-15,PASS,5.68e-12,2.65e-15,3.95e-16,yes,ps26119 0.1.0 (git 90fc378),"auto: simplex (rows*nnz = 1.4e+06); phase-1 iters 471, bound flips 1, refactorizations 31, Bland episodes 0, Devex resets 20, tolerance tightenings 0; presolve removed 0 rows, 82 cols"
90fc378,Darwin-arm64,Apple M4,10,none,,,2026-09-28T07:52:33,netlib,stair,356,467,3856,ps26119,simplex,1,1e-8,60.0,Optimal,609,0.044399,-251.26695119296392,-251.26695119296335,HiGHS optimum (optima.csv),2.25e-15,PASS,5.68e-12,2.65e-15,3.95e-16,yes,ps26119 0.1.0 (git 90fc378),"phase-1 iters 471, bound flips 1, refactorizations 31, Bland episodes 0, Devex resets 20, tolerance tightenings 0; presolve removed 0 rows, 82 cols"
90fc378,Darwin-arm64,Apple M4,10,none,,,2026-09-28T07:52:33,netlib,stair,356,467,3856,ps26119,r2hpdhg,1,1e-8,60.0,Optimal,15040,0.104578,-251.26695070425549,-251.26695119296335,HiGHS optimum (optima.csv),1.94e-09,PASS,4.55e-07,4.04e-09,3.63e-10,yes,ps26119 0.1.0 (git 90fc378),"presolve removed 0 rows, 82 cols"
90fc378,Darwin-arm64,Apple M4,10,none,,,2026-09-28T07:52:33,netlib,stair,356,467,3856,ps26119,r2hpdhg,10,1e-8,60.0,Optimal,15040,0.107069,-251.26695070425549,-251.26695119296335,HiGHS optimum (optima.csv),1.94e-09,PASS,4.55e-07,4.04e-09,3.63e-10,yes,ps26119 0.1.0 (git 90fc378),"presolve removed 0 rows, 82 cols"
90fc378,Darwin-arm64,Apple M4,10,none,,,2026-09-28T07:52:33,netlib,stair,356,467,3856,highs,simplex,default,HiGHS defaults (1e-7 feasibility),60.0,Optimal,291,0.013137,-251.26695119296335,-251.26695119296335,HiGHS optimum (optima.csv),0.00e+00,PASS,1.71e-11,3.81e-15,1.13e-16,yes,HiGHS 1.15.1,HiGHS model status kOptimal
90fc378,Darwin-arm64,Apple M4,10,none,,,2026-09-28T07:52:33,netlib,stair,356,467,3856,highs,ipm,default,HiGHS defaults (1e-7 feasibility),60.0,Optimal,15,0.025131,-251.26695119296335,-251.26695119296335,HiGHS optimum (optima.csv),0.00e+00,PASS,1.71e-11,3.81e-15,1.13e-16,yes,HiGHS 1.15.1,HiGHS model status kOptimal
90fc378,Darwin-arm64,Apple M4,10,none,,,2026-09-28T07:52:33,netlib,stair,356,467,3856,highs,pdlp,default,1e-8 (pdlp_optimality_tolerance),60.0,Optimal,31160,0.254165,-251.26695052128696,-251.26695119296335,HiGHS optimum (optima.csv),2.66e-09,PASS,4.85e-07,1.28e-08,9.52e-09,yes,HiGHS 1.15.1,HiGHS model status kOptimal
90fc378,Darwin-arm64,Apple M4,10,none,,,2026-09-28T07:52:33,netlib,standata,359,1075,3031,ps26119,auto,1,1e-8,60.0,Optimal,90,0.002887,1257.6994999999999,1257.6995,HiGHS optimum (optima.csv),0.00e+00,PASS,2.66e-14,0.00e+00,0.00e+00,yes,ps26119 0.1.0 (git 90fc378),"auto: simplex (rows*nnz = 1.1e+06); phase-1 iters 64, bound flips 1, refactorizations 3, Bland episodes 0, Devex resets 0, tolerance tightenings 0; presolve removed 48 rows, 29 cols"
90fc378,Darwin-arm64,Apple M4,10,none,,,2026-09-28T07:52:33,netlib,standata,359,1075,3031,ps26119,simplex,1,1e-8,60.0,Optimal,90,0.002857,1257.6994999999999,1257.6995,HiGHS optimum (optima.csv),0.00e+00,PASS,2.66e-14,0.00e+00,0.00e+00,yes,ps26119 0.1.0 (git 90fc378),"phase-1 iters 64, bound flips 1, refactorizations 3, Bland episodes 0, Devex resets 0, tolerance tightenings 0; presolve removed 48 rows, 29 cols"
90fc378,Darwin-arm64,Apple M4,10,none,,,2026-09-28T07:52:33,netlib,standata,359,1075,3031,ps26119,r2hpdhg,1,1e-8,60.0,Optimal,1600,0.015004,1257.6994992387333,1257.6995,HiGHS optimum (optima.csv),6.05e-10,PASS,6.30e-07,1.80e-14,1.69e-10,yes,ps26119 0.1.0 (git 90fc378),"presolve removed 48 rows, 29 cols"
90fc378,Darwin-arm64,Apple M4,10,none,,,2026-09-28T07:52:33,netlib,standata,359,1075,3031,ps26119,r2hpdhg,10,1e-8,60.0,Optimal,1600,0.015231,1257.6994992387333,1257.6995,HiGHS optimum (optima.csv),6.05e-10,PASS,6.30e-07,1.80e-14,1.69e-10,yes,ps26119 0.1.0 (git 90fc378),"presolve removed 48 rows, 29 cols"
90fc378,Darwin-arm64,Apple M4,10,none,,,2026-09-28T07:52:33,netlib,standata,359,1075,3031,highs,simplex,default,HiGHS defaults (1e-7 feasibility),60.0,Optimal,34,0.003863,1257.6995,1257.6995,HiGHS optimum (optima.csv),0.00e+00,PASS,2.66e-14,0.00e+00,0.00e+00,yes,HiGHS 1.15.1,HiGHS model status kOptimal
90fc378,Darwin-arm64,Apple M4,10,none,,,2026-09-28T07:52:33,netlib,standata,359,1075,3031,highs,ipm,default,HiGHS defaults (1e-7 feasibility),60.0,Optimal,13,0.007508,1257.6995,1257.6995,HiGHS optimum (optima.csv),0.00e+00,PASS,2.66e-14,5.28e-17,9.04e-17,yes,HiGHS 1.15.1,HiGHS model status kOptimal
90fc378,Darwin-arm64,Apple M4,10,none,,,2026-09-28T07:52:33,netlib,standata,359,1075,3031,highs,pdlp,default,1e-8 (pdlp_optimality_tolerance),60.0,Optimal,720,0.006344,1257.6994300583247,1257.6995,HiGHS optimum (optima.csv),5.56e-08,FAIL,5.06e-06,3.37e-08,8.18e-10,no,HiGHS 1.15.1,HiGHS model status kOptimal
90fc378,Darwin-arm64,Apple M4,10,none,,,2026-09-28T07:52:33,netlib,standgub,361,1184,3139,ps26119,auto,1,1e-8,60.0,Optimal,91,0.002994,1257.6994999999999,1257.6995,HiGHS optimum (optima.csv),0.00e+00,PASS,2.66e-14,0.00e+00,0.00e+00,yes,ps26119 0.1.0 (git 90fc378),"auto: simplex (rows*nnz = 1.1e+06); phase-1 iters 64, bound flips 1, refactorizations 3, Bland episodes 0, Devex resets 0, tolerance tightenings 0; presolve removed 49 rows, 30 cols"
90fc378,Darwin-arm64,Apple M4,10,none,,,2026-09-28T07:52:33,netlib,standgub,361,1184,3139,ps26119,simplex,1,1e-8,60.0,Optimal,91,0.003025,1257.6994999999999,1257.6995,HiGHS optimum (optima.csv),0.00e+00,PASS,2.66e-14,0.00e+00,0.00e+00,yes,ps26119 0.1.0 (git 90fc378),"phase-1 iters 64, bound flips 1, refactorizations 3, Bland episodes 0, Devex resets 0, tolerance tightenings 0; presolve removed 49 rows, 30 cols"
90fc378,Darwin-arm64,Apple M4,10,none,,,2026-09-28T07:52:33,netlib,standgub,361,1184,3139,ps26119,r2hpdhg,1,1e-8,60.0,Optimal,1536,0.014789,1257.6994994540796,1257.6995,HiGHS optimum (optima.csv),4.34e-10,PASS,4.49e-07,1.72e-12,2.83e-10,yes,ps26119 0.1.0 (git 90fc378),"presolve removed 49 rows, 30 cols"
90fc378,Darwin-arm64,Apple M4,10,none,,,2026-09-28T07:52:33,netlib,standgub,361,1184,3139,ps26119,r2hpdhg,10,1e-8,60.0,Optimal,1536,0.014806,1257.6994994540796,1257.6995,HiGHS optimum (optima.csv),4.34e-10,PASS,4.49e-07,1.72e-12,2.83e-10,yes,ps26119 0.1.0 (git 90fc378),"presolve removed 49 rows, 30 cols"
90fc378,Darwin-arm64,Apple M4,10,none,,,2026-09-28T07:52:33,netlib,standgub,361,1184,3139,highs,simplex,default,HiGHS defaults (1e-7 feasibility),60.0,Optimal,34,0.003855,1257.6995,1257.6995,HiGHS optimum (optima.csv),0.00e+00,PASS,2.66e-14,0.00e+00,0.00e+00,yes,HiGHS 1.15.1,HiGHS model status kOptimal
90fc378,Darwin-arm64,Apple M4,10,none,,,2026-09-28T07:52:33,netlib,standgub,361,1184,3139,highs,ipm,default,HiGHS defaults (1e-7 feasibility),60.0,Optimal,13,0.007512,1257.6995,1257.6995,HiGHS optimum (optima.csv),0.00e+00,PASS,2.66e-14,5.28e-17,9.04e-17,yes,HiGHS 1.15.1,HiGHS model status kOptimal
90fc378,Darwin-arm64,Apple M4,10,none,,,2026-09-28T07:52:33,netlib,standgub,361,1184,3139,highs,pdlp,default,1e-8 (pdlp_optimality_tolerance),60.0,Optimal,720,0.006360,1257.6994300583247,1257.6995,HiGHS optimum (optima.csv),5.56e-08,FAIL,5.06e-06,3.37e-08,8.18e-10,no,HiGHS 1.15.1,HiGHS model status kOptimal
90fc378,Darwin-arm64,Apple M4,10,none,,,2026-09-28T07:52:33,netlib,standmps,467,1075,3679,ps26119,auto,1,1e-8,60.0,Optimal,337,0.010024,1406.0174999999995,1406.0175,HiGHS optimum (optima.csv),3.23e-16,PASS,5.80e-13,1.76e-17,1.62e-16,yes,ps26119 0.1.0 (git 90fc378),"auto: simplex (rows*nnz = 1.7e+06); phase-1 iters 167, bound flips 0, refactorizations 6, Bland episodes 0, Devex resets 0, tolerance tightenings 0; presolve removed 48 rows, 29 cols"
90fc378,Darwin-arm64,Apple M4,10,none,,,2026-09-28T07:52:33,netlib,standmps,467,1075,3679,ps26119,simplex,1,1e-8,60.0,Optimal,337,0.010067,1406.0174999999995,1406.0175,HiGHS optimum (optima.csv),3.23e-16,PASS,5.80e-13,1.76e-17,1.62e-16,yes,ps26119 0.1.0 (git 90fc378),"phase-1 iters 167, bound flips 0, refactorizations 6, Bland episodes 0, Devex resets 0, tolerance tightenings 0; presolve removed 48 rows, 29 cols"
90fc378,Darwin-arm64,Apple M4,10,none,,,2026-09-28T07:52:33,netlib,standmps,467,1075,3679,ps26119,r2hpdhg,1,1e-8,60.0,Optimal,3008,0.030081,1406.0175097130825,1406.0175,HiGHS optimum (optima.csv),6.90e-09,PASS,7.87e-07,7.05e-11,1.56e-09,yes,ps26119 0.1.0 (git 90fc378),"presolve removed 48 rows, 29 cols"
90fc378,Darwin-arm64,Apple M4,10,none,,,2026-09-28T07:52:33,netlib,standmps,467,1075,3679,ps26119,r2hpdhg,10,1e-8,60.0,Optimal,3008,0.029881,1406.0175097130825,1406.0175,HiGHS optimum (optima.csv),6.90e-09,PASS,7.87e-07,7.05e-11,1.56e-09,yes,ps26119 0.1.0 (git 90fc378),"presolve removed 48 rows, 29 cols"
90fc378,Darwin-arm64,Apple M4,10,none,,,2026-09-28T07:52:33,netlib,standmps,467,1075,3679,highs,simplex,default,HiGHS defaults (1e-7 feasibility),60.0,Optimal,163,0.004686,1406.0175,1406.0175,HiGHS optimum (optima.csv),0.00e+00,PASS,1.26e-13,1.76e-17,0.00e+00,yes,HiGHS 1.15.1,HiGHS model status kOptimal
90fc378,Darwin-arm64,Apple M4,10,none,,,2026-09-28T07:52:33,netlib,standmps,467,1075,3679,highs,ipm,default,HiGHS defaults (1e-7 feasibility),60.0,Optimal,23,0.015390,1406.0175000000002,1406.0175,HiGHS optimum (optima.csv),1.62e-16,PASS,1.02e-13,1.76e-17,8.08e-17,yes,HiGHS 1.15.1,HiGHS model status kOptimal
90fc378,Darwin-arm64,Apple M4,10,none,,,2026-09-28T07:52:33,netlib,standmps,467,1075,3679,highs,pdlp,default,1e-8 (pdlp_optimality_tolerance),60.0,Optimal,2720,0.034281,1406.0174655363162,1406.0175,HiGHS optimum (optima.csv),2.45e-08,PASS,2.48e-07,2.81e-09,5.56e-09,yes,HiGHS 1.15.1,HiGHS model status kOptimal
90fc378,Darwin-arm64,Apple M4,10,none,,,2026-09-28T07:52:33,netlib,stocfor1,117,111,447,ps26119,auto,1,1e-8,60.0,Optimal,78,0.001256,-41131.976219436401,-41131.976219436394,HiGHS optimum (optima.csv),1.77e-16,PASS,1.42e-14,3.82e-16,8.84e-17,yes,ps26119 0.1.0 (git 90fc378),"auto: simplex (rows*nnz = 5.2e+04); phase-1 iters 50, bound flips 2, refactorizations 6, Bland episodes 0, Devex resets 0, tolerance tightenings 0; presolve removed 19 rows, 11 cols"
90fc378,Darwin-arm64,Apple M4,10,none,,,2026-09-28T07:52:33,netlib,stocfor1,117,111,447,ps26119,simplex,1,1e-8,60.0,Optimal,78,0.001210,-41131.976219436401,-41131.976219436394,HiGHS optimum (optima.csv),1.77e-16,PASS,1.42e-14,3.82e-16,8.84e-17,yes,ps26119 0.1.0 (git 90fc378),"phase-1 iters 50, bound flips 2, refactorizations 6, Bland episodes 0, Devex resets 0, tolerance tightenings 0; presolve removed 19 rows, 11 cols"
90fc378,Darwin-arm64,Apple M4,10,none,,,2026-09-28T07:52:33,netlib,stocfor1,117,111,447,ps26119,r2hpdhg,1,1e-8,60.0,Optimal,6016,0.006916,-41131.976295984918,-41131.976219436394,HiGHS optimum (optima.csv),1.86e-09,PASS,2.08e-07,1.26e-08,4.24e-09,yes,ps26119 0.1.0 (git 90fc378),"presolve removed 19 rows, 11 cols"
90fc378,Darwin-arm64,Apple M4,10,none,,,2026-09-28T07:52:33,netlib,stocfor1,117,111,447,ps26119,r2hpdhg,10,1e-8,60.0,Optimal,6016,0.007116,-41131.976295984918,-41131.976219436394,HiGHS optimum (optima.csv),1.86e-09,PASS,2.08e-07,1.26e-08,4.24e-09,yes,ps26119 0.1.0 (git 90fc378),"presolve removed 19 rows, 11 cols"
90fc378,Darwin-arm64,Apple M4,10,none,,,2026-09-28T07:52:33,netlib,stocfor1,117,111,447,highs,simplex,default,HiGHS defaults (1e-7 feasibility),60.0,Optimal,53,0.001433,-41131.976219436394,-41131.976219436394,HiGHS optimum (optima.csv),0.00e+00,PASS,9.09e-13,7.64e-16,0.00e+00,yes,HiGHS 1.15.1,HiGHS model status kOptimal
90fc378,Darwin-arm64,Apple M4,10,none,,,2026-09-28T07:52:33,netlib,stocfor1,117,111,447,highs,ipm,default,HiGHS defaults (1e-7 feasibility),60.0,Optimal,10,0.002220,-41131.976219436394,-41131.976219436394,HiGHS optimum (optima.csv),0.00e+00,PASS,7.11e-15,1.05e-15,0.00e+00,yes,HiGHS 1.15.1,HiGHS model status kOptimal
90fc378,Darwin-arm64,Apple M4,10,none,,,2026-09-28T07:52:33,netlib,stocfor1,117,111,447,highs,pdlp,default,1e-8 (pdlp_optimality_tolerance),60.0,Optimal,5320,0.007025,-41131.97601119085,-41131.976219436394,HiGHS optimum (optima.csv),5.06e-09,PASS,6.14e-07,4.97e-08,2.33e-09,yes,HiGHS 1.15.1,HiGHS model status kOptimal
90fc378,Darwin-arm64,Apple M4,10,none,,,2026-09-28T07:52:33,netlib,stocfor2,2157,2031,8343,ps26119,auto,1,1e-8,60.0,Optimal,2415,0.410891,-39024.408537882111,-39024.40853788211,HiGHS optimum (optima.csv),0.00e+00,PASS,4.55e-13,7.99e-16,0.00e+00,yes,ps26119 0.1.0 (git 90fc378),"auto: simplex (rows*nnz = 1.8e+07); phase-1 iters 1458, bound flips 3, refactorizations 152, Bland episodes 0, Devex resets 10, tolerance tightenings 0; presolve removed 28 rows, 16 cols"
90fc378,Darwin-arm64,Apple M4,10,none,,,2026-09-28T07:52:33,netlib,stocfor2,2157,2031,8343,ps26119,simplex,1,1e-8,60.0,Optimal,2415,0.418446,-39024.408537882111,-39024.40853788211,HiGHS optimum (optima.csv),0.00e+00,PASS,4.55e-13,7.99e-16,0.00e+00,yes,ps26119 0.1.0 (git 90fc378),"phase-1 iters 1458, bound flips 3, refactorizations 152, Bland episodes 0, Devex resets 10, tolerance tightenings 0; presolve removed 28 rows, 16 cols"
90fc378,Darwin-arm64,Apple M4,10,none,,,2026-09-28T07:52:33,netlib,stocfor2,2157,2031,8343,ps26119,r2hpdhg,1,1e-8,60.0,Optimal,44160,0.906447,-39024.408566163045,-39024.40853788211,HiGHS optimum (optima.csv),7.25e-10,PASS,2.67e-07,1.95e-09,3.52e-10,yes,ps26119 0.1.0 (git 90fc378),"presolve removed 28 rows, 16 cols"
90fc378,Darwin-arm64,Apple M4,10,none,,,2026-09-28T07:52:33,netlib,stocfor2,2157,2031,8343,ps26119,r2hpdhg,10,1e-8,60.0,Optimal,44160,0.897931,-39024.408566163045,-39024.40853788211,HiGHS optimum (optima.csv),7.25e-10,PASS,2.67e-07,1.95e-09,3.52e-10,yes,ps26119 0.1.0 (git 90fc378),"presolve removed 28 rows, 16 cols"
90fc378,Darwin-arm64,Apple M4,10,none,,,2026-09-28T07:52:33,netlib,stocfor2,2157,2031,8343,highs,simplex,default,HiGHS defaults (1e-7 feasibility),60.0,Optimal,820,0.023939,-39024.40853788211,-39024.40853788211,HiGHS optimum (optima.csv),0.00e+00,PASS,3.18e-12,1.60e-15,0.00e+00,yes,HiGHS 1.15.1,HiGHS model status kOptimal
90fc378,Darwin-arm64,Apple M4,10,none,,,2026-09-28T07:52:33,netlib,stocfor2,2157,2031,8343,highs,ipm,default,HiGHS defaults (1e-7 feasibility),60.0,Optimal,19,0.046201,-39024.40853788211,-39024.40853788211,HiGHS optimum (optima.csv),0.00e+00,PASS,7.28e-12,2.40e-15,0.00e+00,yes,HiGHS 1.15.1,HiGHS model status kOptimal
90fc378,Darwin-arm64,Apple M4,10,none,,,2026-09-28T07:52:33,netlib,stocfor2,2157,2031,8343,highs,pdlp,default,1e-8 (pdlp_optimality_tolerance),60.0,Optimal,34600,0.760114,-39024.408643583214,-39024.40853788211,HiGHS optimum (optima.csv),2.71e-09,FAIL,1.29e-05,3.70e-07,1.17e-09,no,HiGHS 1.15.1,HiGHS model status kOptimal
90fc378,Darwin-arm64,Apple M4,10,none,,,2026-09-28T07:52:33,netlib,tuff,333,587,4520,ps26119,auto,1,1e-8,60.0,Optimal,487,0.020650,0.29214776509361279,0.29214776509361273,HiGHS optimum (optima.csv),4.30e-17,PASS,9.09e-13,1.12e-17,7.01e-17,yes,ps26119 0.1.0 (git 90fc378),"auto: simplex (rows*nnz = 1.5e+06); phase-1 iters 291, bound flips 0, refactorizations 26, Bland episodes 0, Devex resets 8, tolerance tightenings 0; presolve removed 41 rows, 5 cols"
90fc378,Darwin-arm64,Apple M4,10,none,,,2026-09-28T07:52:33,netlib,tuff,333,587,4520,ps26119,simplex,1,1e-8,60.0,Optimal,487,0.020681,0.29214776509361279,0.29214776509361273,HiGHS optimum (optima.csv),4.30e-17,PASS,9.09e-13,1.12e-17,7.01e-17,yes,ps26119 0.1.0 (git 90fc378),"phase-1 iters 291, bound flips 0, refactorizations 26, Bland episodes 0, Devex resets 8, tolerance tightenings 0; presolve removed 41 rows, 5 cols"
90fc378,Darwin-arm64,Apple M4,10,none,,,2026-09-28T07:52:33,netlib,tuff,333,587,4520,ps26119,r2hpdhg,1,1e-8,60.0,Optimal,1302592,12.332184,0.29214776509536944,0.29214776509361273,HiGHS optimum (optima.csv),1.36e-12,PASS,2.63e-09,6.18e-12,2.56e-11,yes,ps26119 0.1.0 (git 90fc378),"presolve removed 41 rows, 5 cols"
90fc378,Darwin-arm64,Apple M4,10,none,,,2026-09-28T07:52:33,netlib,tuff,333,587,4520,ps26119,r2hpdhg,10,1e-8,60.0,Optimal,1302592,12.456680,0.29214776509536944,0.29214776509361273,HiGHS optimum (optima.csv),1.36e-12,PASS,2.63e-09,6.18e-12,2.56e-11,yes,ps26119 0.1.0 (git 90fc378),"presolve removed 41 rows, 5 cols"
90fc378,Darwin-arm64,Apple M4,10,none,,,2026-09-28T07:52:33,netlib,tuff,333,587,4520,highs,simplex,default,HiGHS defaults (1e-7 feasibility),60.0,Optimal,153,0.006826,0.29214776509361273,0.29214776509361273,HiGHS optimum (optima.csv),0.00e+00,PASS,1.36e-12,1.04e-17,3.50e-17,yes,HiGHS 1.15.1,HiGHS model status kOptimal
90fc378,Darwin-arm64,Apple M4,10,none,,,2026-09-28T07:52:33,netlib,tuff,333,587,4520,highs,ipm,default,HiGHS defaults (1e-7 feasibility),60.0,Optimal,26,0.019828,0.2921477650936128,0.29214776509361273,HiGHS optimum (optima.csv),4.30e-17,PASS,4.55e-13,1.47e-17,1.40e-16,yes,HiGHS 1.15.1,HiGHS model status kOptimal
90fc378,Darwin-arm64,Apple M4,10,none,,,2026-09-28T07:52:33,netlib,tuff,333,587,4520,highs,pdlp,default,1e-8 (pdlp_optimality_tolerance),60.0,Optimal,277560,2.450631,0.29214772192939614,0.29214776509361273,HiGHS optimum (optima.csv),3.34e-08,FAIL,1.24e-05,8.66e-10,6.08e-09,no,HiGHS 1.15.1,HiGHS model status kOptimal
90fc378,Darwin-arm64,Apple M4,10,none,,,2026-09-28T07:52:33,netlib,vtp.base,198,203,908,ps26119,auto,1,1e-8,60.0,Optimal,167,0.002919,129831.46246136136,129831.46246136137,HiGHS optimum (optima.csv),1.12e-16,PASS,1.82e-12,4.26e-14,1.68e-16,yes,ps26119 0.1.0 (git 90fc378),"auto: simplex (rows*nnz = 1.8e+05); phase-1 iters 146, bound flips 13, refactorizations 6, Bland episodes 0, Devex resets 0, tolerance tightenings 0; presolve removed 32 rows, 21 cols"
90fc378,Darwin-arm64,Apple M4,10,none,,,2026-09-28T07:52:33,netlib,vtp.base,198,203,908,ps26119,simplex,1,1e-8,60.0,Optimal,167,0.002914,129831.46246136136,129831.46246136137,HiGHS optimum (optima.csv),1.12e-16,PASS,1.82e-12,4.26e-14,1.68e-16,yes,ps26119 0.1.0 (git 90fc378),"phase-1 iters 146, bound flips 13, refactorizations 6, Bland episodes 0, Devex resets 0, tolerance tightenings 0; presolve removed 32 rows, 21 cols"
90fc378,Darwin-arm64,Apple M4,10,none,,,2026-09-28T07:52:33,netlib,vtp.base,198,203,908,ps26119,r2hpdhg,1,1e-8,60.0,Optimal,90304,0.154729,129831.46318972314,129831.46246136137,HiGHS optimum (optima.csv),5.61e-09,PASS,2.83e-07,1.09e-08,6.30e-09,yes,ps26119 0.1.0 (git 90fc378),"presolve removed 32 rows, 21 cols"
90fc378,Darwin-arm64,Apple M4,10,none,,,2026-09-28T07:52:33,netlib,vtp.base,198,203,908,ps26119,r2hpdhg,10,1e-8,60.0,Optimal,90304,0.157054,129831.46318972314,129831.46246136137,HiGHS optimum (optima.csv),5.61e-09,PASS,2.83e-07,1.09e-08,6.30e-09,yes,ps26119 0.1.0 (git 90fc378),"presolve removed 32 rows, 21 cols"
90fc378,Darwin-arm64,Apple M4,10,none,,,2026-09-28T07:52:33,netlib,vtp.base,198,203,908,highs,simplex,default,HiGHS defaults (1e-7 feasibility),60.0,Optimal,20,0.001266,129831.46246136137,129831.46246136137,HiGHS optimum (optima.csv),0.00e+00,PASS,1.55e-11,4.26e-14,0.00e+00,yes,HiGHS 1.15.1,HiGHS model status kOptimal
90fc378,Darwin-arm64,Apple M4,10,none,,,2026-09-28T07:52:33,netlib,vtp.base,198,203,908,highs,ipm,default,HiGHS defaults (1e-7 feasibility),60.0,Optimal,10,0.001663,129831.46246136137,129831.46246136137,HiGHS optimum (optima.csv),0.00e+00,PASS,1.55e-11,4.26e-14,0.00e+00,yes,HiGHS 1.15.1,HiGHS model status kOptimal
90fc378,Darwin-arm64,Apple M4,10,none,,,2026-09-28T07:52:33,netlib,vtp.base,198,203,908,highs,pdlp,default,1e-8 (pdlp_optimality_tolerance),60.0,Optimal,1320,0.001599,129831.45256430915,129831.46246136137,HiGHS optimum (optima.csv),7.62e-08,FAIL,1.83e-04,2.00e-07,6.25e-09,no,HiGHS 1.15.1,HiGHS model status kOptimal
90fc378,Darwin-arm64,Apple M4,10,none,,,2026-09-28T07:52:33,netlib,wood1p,244,2594,70215,ps26119,auto,1,1e-8,60.0,Optimal,443,0.121003,1.4429024115734086,1.4429024115734075,HiGHS optimum (optima.csv),4.54e-16,PASS,2.54e-13,1.78e-15,1.71e-16,yes,ps26119 0.1.0 (git 90fc378),"auto: simplex (rows*nnz = 1.7e+07); phase-1 iters 169, bound flips 0, refactorizations 12, Bland episodes 0, Devex resets 2, tolerance tightenings 0; presolve removed 1 rows, 0 cols"
90fc378,Darwin-arm64,Apple M4,10,none,,,2026-09-28T07:52:33,netlib,wood1p,244,2594,70215,ps26119,simplex,1,1e-8,60.0,Optimal,443,0.120637,1.4429024115734086,1.4429024115734075,HiGHS optimum (optima.csv),4.54e-16,PASS,2.54e-13,1.78e-15,1.71e-16,yes,ps26119 0.1.0 (git 90fc378),"phase-1 iters 169, bound flips 0, refactorizations 12, Bland episodes 0, Devex resets 2, tolerance tightenings 0; presolve removed 1 rows, 0 cols"
90fc378,Darwin-arm64,Apple M4,10,none,,,2026-09-28T07:52:33,netlib,wood1p,244,2594,70215,ps26119,r2hpdhg,1,1e-8,60.0,Optimal,17536,2.926124,1.442902411734728,1.4429024115734075,HiGHS optimum (optima.csv),6.60e-11,PASS,3.21e-10,6.09e-09,3.39e-11,yes,ps26119 0.1.0 (git 90fc378),"presolve removed 1 rows, 0 cols"
90fc378,Darwin-arm64,Apple M4,10,none,,,2026-09-28T07:52:33,netlib,wood1p,244,2594,70215,ps26119,r2hpdhg,10,1e-8,60.0,Optimal,17536,2.928863,1.442902411734728,1.4429024115734075,HiGHS optimum (optima.csv),6.60e-11,PASS,3.21e-10,6.09e-09,3.39e-11,yes,ps26119 0.1.0 (git 90fc378),"presolve removed 1 rows, 0 cols"
90fc378,Darwin-arm64,Apple M4,10,none,,,2026-09-28T07:52:33,netlib,wood1p,244,2594,70215,highs,simplex,default,HiGHS defaults (1e-7 feasibility),60.0,Optimal,249,0.069728,1.4429024115734075,1.4429024115734075,HiGHS optimum (optima.csv),0.00e+00,PASS,1.31e-13,2.44e-13,2.29e-16,yes,HiGHS 1.15.1,HiGHS model status kOptimal
90fc378,Darwin-arm64,Apple M4,10,none,,,2026-09-28T07:52:33,netlib,wood1p,244,2594,70215,highs,ipm,default,HiGHS defaults (1e-7 feasibility),60.0,Optimal,25,0.167455,1.4429024115734095,1.4429024115734075,HiGHS optimum (optima.csv),8.18e-16,PASS,1.60e-13,4.00e-15,2.86e-16,yes,HiGHS 1.15.1,HiGHS model status kOptimal
90fc378,Darwin-arm64,Apple M4,10,none,,,2026-09-28T07:52:33,netlib,wood1p,244,2594,70215,highs,pdlp,default,1e-8 (pdlp_optimality_tolerance),60.0,Optimal,4480,0.383232,1.4429022898534511,1.4429024115734075,HiGHS optimum (optima.csv),4.98e-08,PASS,7.10e-08,6.32e-08,8.50e-09,yes,HiGHS 1.15.1,HiGHS model status kOptimal
90fc378,Darwin-arm64,Apple M4,10,none,,,2026-09-28T07:52:33,netlib,woodw,1098,8405,37474,ps26119,auto,1,1e-8,60.0,Optimal,2382,0.379153,1.3044763330842293,1.3044763330842293,HiGHS optimum (optima.csv),0.00e+00,PASS,8.53e-14,9.99e-16,0.00e+00,yes,ps26119 0.1.0 (git 90fc378),"auto: simplex (rows*nnz = 4.1e+07); phase-1 iters 947, bound flips 0, refactorizations 52, Bland episodes 0, Devex resets 29, tolerance tightenings 0; presolve removed 1 rows, 0 cols"
90fc378,Darwin-arm64,Apple M4,10,none,,,2026-09-28T07:52:33,netlib,woodw,1098,8405,37474,ps26119,simplex,1,1e-8,60.0,Optimal,2382,0.380217,1.3044763330842293,1.3044763330842293,HiGHS optimum (optima.csv),0.00e+00,PASS,8.53e-14,9.99e-16,0.00e+00,yes,ps26119 0.1.0 (git 90fc378),"phase-1 iters 947, bound flips 0, refactorizations 52, Bland episodes 0, Devex resets 29, tolerance tightenings 0; presolve removed 1 rows, 0 cols"
90fc378,Darwin-arm64,Apple M4,10,none,,,2026-09-28T07:52:33,netlib,woodw,1098,8405,37474,ps26119,r2hpdhg,1,1e-8,60.0,Optimal,111104,10.319846,1.3044763330856941,1.3044763330842293,HiGHS optimum (optima.csv),6.36e-13,PASS,6.02e-10,4.97e-10,9.21e-12,yes,ps26119 0.1.0 (git 90fc378),"presolve removed 1 rows, 0 cols"
90fc378,Darwin-arm64,Apple M4,10,none,,,2026-09-28T07:52:33,netlib,woodw,1098,8405,37474,ps26119,r2hpdhg,10,1e-8,60.0,Optimal,111104,12.288852,1.3044763330856941,1.3044763330842293,HiGHS optimum (optima.csv),6.36e-13,PASS,6.02e-10,4.97e-10,9.21e-12,yes,ps26119 0.1.0 (git 90fc378),"presolve removed 1 rows, 0 cols"
90fc378,Darwin-arm64,Apple M4,10,none,,,2026-09-28T07:52:33,netlib,woodw,1098,8405,37474,highs,simplex,default,HiGHS defaults (1e-7 feasibility),60.0,Optimal,793,0.063816,1.3044763330842293,1.3044763330842293,HiGHS optimum (optima.csv),0.00e+00,PASS,5.68e-14,2.22e-16,0.00e+00,yes,HiGHS 1.15.1,HiGHS model status kOptimal
90fc378,Darwin-arm64,Apple M4,10,none,,,2026-09-28T07:52:33,netlib,woodw,1098,8405,37474,highs,ipm,default,HiGHS defaults (1e-7 feasibility),60.0,Optimal,31,0.124011,1.30447633308423,1.3044763330842293,HiGHS optimum (optima.csv),2.89e-16,PASS,5.68e-14,2.22e-16,1.23e-16,yes,HiGHS 1.15.1,HiGHS model status kOptimal
90fc378,Darwin-arm64,Apple M4,10,none,,,2026-09-28T07:52:33,netlib,woodw,1098,8405,37474,highs,pdlp,default,1e-8 (pdlp_optimality_tolerance),60.0,Optimal,51960,3.414047,1.3044763249354179,1.3044763330842293,HiGHS optimum (optima.csv),3.54e-09,PASS,6.25e-07,2.16e-07,3.44e-09,yes,HiGHS 1.15.1,HiGHS model status kOptimal
90fc378,Darwin-arm64,Apple M4,10,none,,,2026-09-28T07:52:33,scale,refinery-T12-s1,588,708,2065,ps26119,auto,1,1e-8,300.0,Optimal,888,0.034383,12118.440547364009,12118.440547364009,known optimum (by construction),0.00e+00,PASS,2.27e-13,7.61e-16,1.65e-15,yes,ps26119 0.1.0 (git 90fc378),"auto: simplex (rows*nnz = 1.2e+06); phase-1 iters 488, bound flips 19, refactorizations 34, Bland episodes 0, Devex resets 3, tolerance tightenings 0; presolve removed 84 rows, 0 cols"
90fc378,Darwin-arm64,Apple M4,10,none,,,2026-09-28T07:52:33,scale,refinery-T12-s1,588,708,2065,ps26119,simplex,1,1e-8,300.0,Optimal,888,0.034503,12118.440547364009,12118.440547364009,known optimum (by construction),0.00e+00,PASS,2.27e-13,7.61e-16,1.65e-15,yes,ps26119 0.1.0 (git 90fc378),"phase-1 iters 488, bound flips 19, refactorizations 34, Bland episodes 0, Devex resets 3, tolerance tightenings 0; presolve removed 84 rows, 0 cols"
90fc378,Darwin-arm64,Apple M4,10,none,,,2026-09-28T07:52:33,scale,refinery-T12-s1,588,708,2065,ps26119,r2hpdhg,1,1e-8,300.0,Optimal,1088,0.008437,12118.440546976297,12118.440547364009,known optimum (by construction),3.20e-11,PASS,1.05e-07,2.57e-10,4.97e-09,yes,ps26119 0.1.0 (git 90fc378),"presolve removed 84 rows, 0 cols"
90fc378,Darwin-arm64,Apple M4,10,none,,,2026-09-28T07:52:33,scale,refinery-T12-s1,588,708,2065,ps26119,r2hpdhg,10,1e-8,300.0,Optimal,1088,0.008646,12118.440546976297,12118.440547364009,known optimum (by construction),3.20e-11,PASS,1.05e-07,2.57e-10,4.97e-09,yes,ps26119 0.1.0 (git 90fc378),"presolve removed 84 rows, 0 cols"
90fc378,Darwin-arm64,Apple M4,10,none,,,2026-09-28T07:52:33,scale,refinery-T12-s1,588,708,2065,highs,simplex,default,HiGHS defaults (1e-7 feasibility),300.0,Optimal,540,0.012544,12118.440547364,12118.440547364009,known optimum (by construction),7.50e-16,PASS,4.55e-13,1.71e-16,7.50e-17,yes,HiGHS 1.15.1,HiGHS model status kOptimal
90fc378,Darwin-arm64,Apple M4,10,none,,,2026-09-28T07:52:33,scale,refinery-T12-s1,588,708,2065,highs,ipm,default,HiGHS defaults (1e-7 feasibility),300.0,Optimal,16,0.013722,12118.440547363994,12118.440547364009,known optimum (by construction),1.20e-15,PASS,7.39e-13,5.54e-16,2.25e-15,yes,HiGHS 1.15.1,HiGHS model status kOptimal
90fc378,Darwin-arm64,Apple M4,10,none,,,2026-09-28T07:52:33,scale,refinery-T12-s1,588,708,2065,highs,pdlp,default,1e-8 (pdlp_optimality_tolerance),300.0,NotSolved,2640,0.019828,12118.440999143904,12118.440547364009,known optimum (by construction),3.73e-08,FAIL,nan,nan,nan,no,HiGHS 1.15.1,HiGHS model status kUnknown
90fc378,Darwin-arm64,Apple M4,10,none,,,2026-09-28T07:52:33,scale,refinery-T365-s1,17885,21535,63134,ps26119,auto,1,1e-8,300.0,Optimal,1984,0.467640,843641.45070033334,843641.450693402,known optimum (by construction),8.22e-12,PASS,4.40e-07,3.52e-09,5.31e-10,yes,ps26119 0.1.0 (git 90fc378),"auto: r2hpdhg (rows*nnz = 1.1e+09); presolve removed 2555 rows, 0 cols"
90fc378,Darwin-arm64,Apple M4,10,none,,,2026-09-28T07:52:33,scale,refinery-T365-s1,17885,21535,63134,ps26119,simplex,1,1e-8,300.0,Optimal,33348,22.166842,843641.45069340372,843641.450693402,known optimum (by construction),2.07e-15,PASS,4.12e-13,2.06e-15,1.86e-15,yes,ps26119 0.1.0 (git 90fc378),"phase-1 iters 16327, bound flips 225, refactorizations 394, Bland episodes 0, Devex resets 59, tolerance tightenings 0; presolve removed 2555 rows, 0 cols"
90fc378,Darwin-arm64,Apple M4,10,none,,,2026-09-28T07:52:33,scale,refinery-T365-s1,17885,21535,63134,ps26119,r2hpdhg,1,1e-8,300.0,Optimal,1984,0.472776,843641.45070033334,843641.450693402,known optimum (by construction),8.22e-12,PASS,4.40e-07,3.52e-09,5.31e-10,yes,ps26119 0.1.0 (git 90fc378),"presolve removed 2555 rows, 0 cols"
90fc378,Darwin-arm64,Apple M4,10,none,,,2026-09-28T07:52:33,scale,refinery-T365-s1,17885,21535,63134,ps26119,r2hpdhg,10,1e-8,300.0,Optimal,1984,0.414850,843641.45070033334,843641.450693402,known optimum (by construction),8.22e-12,PASS,4.40e-07,3.52e-09,5.31e-10,yes,ps26119 0.1.0 (git 90fc378),"presolve removed 2555 rows, 0 cols"
90fc378,Darwin-arm64,Apple M4,10,none,,,2026-09-28T07:52:33,scale,refinery-T365-s1,17885,21535,63134,highs,simplex,default,HiGHS defaults (1e-7 feasibility),300.0,Optimal,31115,6.564040,843641.4506934031,843641.450693402,known optimum (by construction),1.38e-15,PASS,3.29e-12,6.39e-15,6.21e-16,yes,HiGHS 1.15.1,HiGHS model status kOptimal
90fc378,Darwin-arm64,Apple M4,10,none,,,2026-09-28T07:52:33,scale,refinery-T365-s1,17885,21535,63134,highs,ipm,default,HiGHS defaults (1e-7 feasibility),300.0,Optimal,19,2.034401,843641.4506933996,843641.450693402,known optimum (by construction),2.76e-15,PASS,7.77e-12,4.36e-15,4.35e-15,yes,HiGHS 1.15.1,HiGHS model status kOptimal
90fc378,Darwin-arm64,Apple M4,10,none,,,2026-09-28T07:52:33,scale,refinery-T365-s1,17885,21535,63134,highs,pdlp,default,1e-8 (pdlp_optimality_tolerance),300.0,NotSolved,3440,0.874431,843641.4511247389,843641.450693402,known optimum (by construction),5.11e-10,FAIL,nan,nan,nan,no,HiGHS 1.15.1,HiGHS model status kUnknown
90fc378,Darwin-arm64,Apple M4,10,none,,,2026-09-28T07:52:33,scale,refinery-T2190-s1,107310,129210,378859,ps26119,auto,1,1e-8,300.0,Optimal,2560,3.267889,5344729.5742521528,5344729.574253703,known optimum (by construction),2.90e-13,PASS,1.88e-07,6.41e-09,2.89e-10,yes,ps26119 0.1.0 (git 90fc378),"auto: r2hpdhg (rows*nnz = 4.1e+10); presolve removed 15330 rows, 0 cols"
90fc378,Darwin-arm64,Apple M4,10,none,,,2026-09-28T07:52:33,scale,refinery-T2190-s1,107310,129210,378859,ps26119,simplex,1,1e-8,300.0,TimeLimit,92800,300.109999,nan,5344729.574253703,known optimum (by construction),nan,FAIL,nan,nan,nan,no,ps26119 0.1.0 (git 90fc378),"time limit; phase-1 iters 92800, bound flips 318, refactorizations 925, Bland episodes 0, Devex resets 6, tolerance tightenings 0; presolve removed 15330 rows, 0 cols"
90fc378,Darwin-arm64,Apple M4,10,none,,,2026-09-28T07:52:33,scale,refinery-T2190-s1,107310,129210,378859,ps26119,r2hpdhg,1,1e-8,300.0,Optimal,2560,5.386135,5344729.5742521528,5344729.574253703,known optimum (by construction),2.90e-13,PASS,1.88e-07,6.41e-09,2.89e-10,yes,ps26119 0.1.0 (git 90fc378),"presolve removed 15330 rows, 0 cols"
90fc378,Darwin-arm64,Apple M4,10,none,,,2026-09-28T07:52:33,scale,refinery-T2190-s1,107310,129210,378859,ps26119,r2hpdhg,10,1e-8,300.0,Optimal,2560,2.148070,5344729.5742521528,5344729.574253703,known optimum (by construction),2.90e-13,PASS,1.88e-07,6.41e-09,2.89e-10,yes,ps26119 0.1.0 (git 90fc378),"presolve removed 15330 rows, 0 cols"
90fc378,Darwin-arm64,Apple M4,10,none,,,2026-09-28T07:52:33,scale,refinery-T2190-s1,107310,129210,378859,highs,simplex,default,HiGHS defaults (1e-7 feasibility),300.0,Optimal,212167,66.173474,5344729.574253633,5344729.574253703,known optimum (by construction),1.31e-14,PASS,9.19e-12,3.14e-15,1.13e-15,yes,HiGHS 1.15.1,HiGHS model status kOptimal
90fc378,Darwin-arm64,Apple M4,10,none,,,2026-09-28T07:52:33,scale,refinery-T2190-s1,107310,129210,378859,highs,ipm,default,HiGHS defaults (1e-7 feasibility),300.0,Optimal,24,55.815912,5344729.574253663,5344729.574253703,known optimum (by construction),7.32e-15,PASS,3.55e-11,8.18e-12,3.20e-13,yes,HiGHS 1.15.1,HiGHS model status kOptimal
90fc378,Darwin-arm64,Apple M4,10,none,,,2026-09-28T07:52:33,scale,refinery-T2190-s1,107310,129210,378859,highs,pdlp,default,1e-8 (pdlp_optimality_tolerance),300.0,NotSolved,4960,7.492742,5344729.583378107,5344729.574253703,known optimum (by construction),1.71e-09,FAIL,nan,nan,nan,no,HiGHS 1.15.1,HiGHS model status kUnknown
90fc378,Darwin-arm64,Apple M4,10,none,,,2026-09-28T07:52:33,scale,refinery-T8760-s1,429240,516840,1515469,ps26119,auto,1,1e-8,300.0,Optimal,2880,14.479007,21158525.625100981,21158525.625104126,known optimum (by construction),1.49e-13,PASS,5.06e-07,3.56e-09,1.85e-11,yes,ps26119 0.1.0 (git 90fc378),"auto: r2hpdhg (rows*nnz = 6.5e+11); presolve removed 61320 rows, 0 cols"
90fc378,Darwin-arm64,Apple M4,10,none,,,2026-09-28T07:52:33,scale,refinery-T8760-s1,429240,516840,1515469,ps26119,simplex,1,1e-8,300.0,TimeLimit,26496,300.417033,nan,21158525.625104126,known optimum (by construction),nan,FAIL,nan,nan,nan,no,ps26119 0.1.0 (git 90fc378),"time limit; phase-1 iters 26496, bound flips 7, refactorizations 265, Bland episodes 0, Devex resets 0, tolerance tightenings 0; presolve removed 61320 rows, 0 cols"
90fc378,Darwin-arm64,Apple M4,10,none,,,2026-09-28T07:52:33,scale,refinery-T8760-s1,429240,516840,1515469,ps26119,r2hpdhg,1,1e-8,300.0,Optimal,2880,14.648916,21158525.625100981,21158525.625104126,known optimum (by construction),1.49e-13,PASS,5.06e-07,3.56e-09,1.85e-11,yes,ps26119 0.1.0 (git 90fc378),"presolve removed 61320 rows, 0 cols"
90fc378,Darwin-arm64,Apple M4,10,none,,,2026-09-28T07:52:33,scale,refinery-T8760-s1,429240,516840,1515469,ps26119,r2hpdhg,10,1e-8,300.0,Optimal,2880,10.404787,21158525.625100981,21158525.625104126,known optimum (by construction),1.49e-13,PASS,5.06e-07,3.56e-09,1.85e-11,yes,ps26119 0.1.0 (git 90fc378),"presolve removed 61320 rows, 0 cols"
90fc378,Darwin-arm64,Apple M4,10,none,,,2026-09-28T07:52:33,scale,refinery-T8760-s1,429240,516840,1515469,highs,simplex,default,HiGHS defaults (1e-7 feasibility),300.0,TimeLimit,811512,300.175610,-21224594.438273866,21158525.625104126,known optimum (by construction),2.00e+00,FAIL,nan,nan,nan,no,HiGHS 1.15.1,HiGHS model status kTimeLimit
90fc378,Darwin-arm64,Apple M4,10,none,,,2026-09-28T07:52:33,scale,refinery-T8760-s1,429240,516840,1515469,highs,ipm,default,HiGHS defaults (1e-7 feasibility),300.0,TimeLimit,20,300.085595,0.0,21158525.625104126,known optimum (by construction),1.00e+00,FAIL,nan,nan,nan,no,HiGHS 1.15.1,HiGHS model status kTimeLimit
90fc378,Darwin-arm64,Apple M4,10,none,,,2026-09-28T07:52:33,scale,refinery-T8760-s1,429240,516840,1515469,highs,pdlp,default,1e-8 (pdlp_optimality_tolerance),300.0,NotSolved,10440,70.737246,21158525.64698976,21158525.625104126,known optimum (by construction),1.03e-09,FAIL,nan,nan,nan,no,HiGHS 1.15.1,HiGHS model status kUnknown
90fc378,Darwin-arm64,Apple M4,10,none,,,2026-09-28T07:52:33,scale,rand-10000-s1,10000,15000,60024,ps26119,auto,1,1e-8,300.0,Optimal,1536,0.317923,-13805.501060830789,-13805.501052078082,known optimum (by construction),6.34e-10,PASS,2.84e-07,1.28e-08,2.13e-09,yes,ps26119 0.1.0 (git 90fc378),"auto: r2hpdhg (rows*nnz = 6e+08); presolve removed 197 rows, 65 cols"
90fc378,Darwin-arm64,Apple M4,10,none,,,2026-09-28T07:52:33,scale,rand-10000-s1,10000,15000,60024,ps26119,simplex,1,1e-8,300.0,TimeLimit,106752,300.247012,nan,-13805.501052078082,known optimum (by construction),nan,FAIL,nan,nan,nan,no,ps26119 0.1.0 (git 90fc378),"time limit; phase-1 iters 41284, bound flips 84, refactorizations 3809, Bland episodes 0, Devex resets 527, tolerance tightenings 0; presolve removed 197 rows, 65 cols"
90fc378,Darwin-arm64,Apple M4,10,none,,,2026-09-28T07:52:33,scale,rand-10000-s1,10000,15000,60024,ps26119,r2hpdhg,1,1e-8,300.0,Optimal,1536,0.312403,-13805.501060830789,-13805.501052078082,known optimum (by construction),6.34e-10,PASS,2.84e-07,1.28e-08,2.13e-09,yes,ps26119 0.1.0 (git 90fc378),"presolve removed 197 rows, 65 cols"
90fc378,Darwin-arm64,Apple M4,10,none,,,2026-09-28T07:52:33,scale,rand-10000-s1,10000,15000,60024,ps26119,r2hpdhg,10,1e-8,300.0,Optimal,1536,0.297466,-13805.501060830789,-13805.501052078082,known optimum (by construction),6.34e-10,PASS,2.84e-07,1.28e-08,2.13e-09,yes,ps26119 0.1.0 (git 90fc378),"presolve removed 197 rows, 65 cols"
90fc378,Darwin-arm64,Apple M4,10,none,,,2026-09-28T07:52:33,scale,rand-10000-s1,10000,15000,60024,highs,simplex,default,HiGHS defaults (1e-7 feasibility),300.0,Optimal,57659,56.925799,-13805.50105207817,-13805.501052078082,known optimum (by construction),6.46e-15,PASS,2.68e-12,4.33e-13,8.45e-14,yes,HiGHS 1.15.1,HiGHS model status kOptimal
90fc378,Darwin-arm64,Apple M4,10,none,,,2026-09-28T07:52:33,scale,rand-10000-s1,10000,15000,60024,highs,ipm,default,HiGHS defaults (1e-7 feasibility),300.0,Optimal,22,4.337904,-13805.50105207697,-13805.501052078082,known optimum (by construction),8.05e-14,PASS,1.37e-11,1.93e-12,1.89e-13,yes,HiGHS 1.15.1,HiGHS model status kOptimal
90fc378,Darwin-arm64,Apple M4,10,none,,,2026-09-28T07:52:33,scale,rand-10000-s1,10000,15000,60024,highs,pdlp,default,1e-8 (pdlp_optimality_tolerance),300.0,Optimal,2680,0.824398,-13805.50103684526,-13805.501052078082,known optimum (by construction),1.10e-09,FAIL,1.89e-06,4.64e-08,5.30e-09,no,HiGHS 1.15.1,HiGHS model status kOptimal
90fc378,Darwin-arm64,Apple M4,10,none,,,2026-09-28T07:52:33,scale,rand-100000-s1,100000,150000,600228,ps26119,auto,1,1e-8,300.0,Optimal,2496,7.400739,-109311.46890526061,-109311.46887857676,known optimum (by construction),2.44e-10,PASS,9.09e-07,8.03e-09,2.39e-10,yes,ps26119 0.1.0 (git 90fc378),"auto: r2hpdhg (rows*nnz = 6e+10); presolve removed 1752 rows, 530 cols"
90fc378,Darwin-arm64,Apple M4,10,none,,,2026-09-28T07:52:33,scale,rand-100000-s1,100000,150000,600228,ps26119,simplex,1,1e-8,300.0,TimeLimit,39168,300.642006,nan,-109311.46887857676,known optimum (by construction),nan,FAIL,nan,nan,nan,no,ps26119 0.1.0 (git 90fc378),"time limit; phase-1 iters 39168, bound flips 159, refactorizations 476, Bland episodes 0, Devex resets 188, tolerance tightenings 0; presolve removed 1752 rows, 530 cols"
90fc378,Darwin-arm64,Apple M4,10,none,,,2026-09-28T07:52:33,scale,rand-100000-s1,100000,150000,600228,ps26119,r2hpdhg,1,1e-8,300.0,Optimal,2496,7.445671,-109311.46890526061,-109311.46887857676,known optimum (by construction),2.44e-10,PASS,9.09e-07,8.03e-09,2.39e-10,yes,ps26119 0.1.0 (git 90fc378),"presolve removed 1752 rows, 530 cols"
90fc378,Darwin-arm64,Apple M4,10,none,,,2026-09-28T07:52:33,scale,rand-100000-s1,100000,150000,600228,ps26119,r2hpdhg,10,1e-8,300.0,Optimal,2496,3.058712,-109311.46890526061,-109311.46887857676,known optimum (by construction),2.44e-10,PASS,9.09e-07,8.03e-09,2.39e-10,yes,ps26119 0.1.0 (git 90fc378),"presolve removed 1752 rows, 530 cols"
90fc378,Darwin-arm64,Apple M4,10,none,,,2026-09-28T07:52:33,scale,rand-100000-s1,100000,150000,600228,highs,simplex,default,HiGHS defaults (1e-7 feasibility),300.0,TimeLimit,75025,300.025048,-479166.6573850921,-109311.46887857676,known optimum (by construction),3.38e+00,FAIL,nan,nan,nan,no,HiGHS 1.15.1,HiGHS model status kTimeLimit
90fc378,Darwin-arm64,Apple M4,10,none,,,2026-09-28T07:52:33,scale,rand-100000-s1,100000,150000,600228,highs,ipm,default,HiGHS defaults (1e-7 feasibility),300.0,TimeLimit,7,300.076565,0.0,-109311.46887857676,known optimum (by construction),1.00e+00,FAIL,nan,nan,nan,no,HiGHS 1.15.1,HiGHS model status kTimeLimit
90fc378,Darwin-arm64,Apple M4,10,none,,,2026-09-28T07:52:33,scale,rand-100000-s1,100000,150000,600228,highs,pdlp,default,1e-8 (pdlp_optimality_tolerance),300.0,Optimal,3800,17.169469,-109311.46948769089,-109311.46887857676,known optimum (by construction),5.57e-09,FAIL,7.10e-05,2.62e-07,9.82e-09,no,HiGHS 1.15.1,HiGHS model status kOptimal
